호선,역명,승차(명),승차 일평균(명),하차(명),하차 일평균(명),승차권(원),카드승차권(원),일평균(원)
1,다대포해수욕장역,1973644,5407,1669372,4574,24330273,1139681976,3189075
1,다대포항역,1247398,3418,1391294,3812,23641958,887904614,2497388
1,낫개역,1751955,4800,1827402,5007,29999103,1246373039,3496910
1,신장림역,1214729,3328,1168538,3201,20785271,817191812,2295828
1,장림역,1446466,3963,1343565,3681,20538219,1176761299,3280273
1,동매역,1473013,4036,1342412,3678,18534934,1079555104,3008466
1,신평역,2268142,6214,2341202,6414,32136005,1793379906,5001413
1,하단역,7014774,19219,6445768,17660,113050884,5372651939,15029323
1,당리역,2333332,6393,2467618,6761,26890078,1578096993,4397225
1,사하역,1657218,4540,1492353,4089,20625346,1234057754,3437488
1,괴정역,3206383,8785,3202483,8774,47479249,2090439188,5857311
1,대티역,1445699,3961,1429083,3915,23564008,1070476283,2997371
1,서대신역,1247396,3418,1315268,3603,16719899,948615741,2644755
1,동대신역,2425211,6644,2129188,5833,40115454,1733572938,4859420
1,토성역,3204540,8780,3122403,8555,60261138,3139937349,8767667
1,자갈치역,6503302,17817,6609271,18108,170894999,4162806057,11873154
1,남포역,6702832,18364,7024492,19245,201496550,5180234396,14744468
1,중앙역,3298388,9037,3309961,9068,54187756,3727886899,10361848
1,부산역,8759358,23998,8979671,24602,416748725,10214831617,29127617
1,초량역,2259301,6190,2292058,6280,36721992,2353859025,6549537
1,부산진역,2623704,7188,2489103,6819,36765187,2051528371,5721352
1,좌천역,1575330,4316,1420149,3891,22797994,1286141789,3586136
1,범일역,5294146,14505,5411565,14826,84262014,3893548674,10898111
1,범내골역,3712366,10171,3692506,10116,107197939,3714998083,10471770
1,서면역,12851774,35210,14630725,40084,282133888,12178318418,34138225
1,부전역,6057500,16596,6411114,17565,70005395,3598628067,10051051
1,양정역,4577317,12541,4608788,12627,82014351,3861638103,10804527
1,시청역,5403356,14804,5252085,14389,55804522,5425693545,15017803
1,연산역,6254818,17136,6507691,17829,104882342,5019191942,14038560
1,교대역,5012844,13734,4865207,13329,61391816,3077161162,8598775
1,동래역,5867100,16074,6615257,18124,81076797,4368725080,12191238
1,명륜역,3711242,10168,3836851,10512,187296915,3516341197,10146954
1,온천장역,5730165,15699,5759853,15780,74069364,4438614905,12363519
1,부산대역,5257512,14404,5297449,14514,82044425,5653425071,15713615
1,장전역,3843665,10531,3880423,10631,55232220,3471721653,9662887
1,구서역,3486450,9552,3299672,9040,60556879,3167263429,8843343
1,두실역,2522019,6910,2200591,6029,38816840,2155538994,6011934
1,남산역,1960887,5372,1906352,5223,33329060,1806099461,5039530
1,범어사역,3030785,8304,2430062,6658,40851222,1977747948,5530409
1,노포역,4019926,11013,3851613,10552,92359683,3104814409,8759381
2,장산역,5468109,14981,5297569,14514,107386352,5719558231,15964232
2,중동역,2894294,7930,2645852,7249,65765066,2778851342,7793470
2,해운대역,5268721,14435,5527709,15144,274145244,6037532730,17292268
2,동백역,2467422,6760,2527400,6924,52283644,2355847013,6597618
2,벡스코역,3930101,10767,3670140,10055,54514440,2054217739,5777348
2,센텀시티역,7628324,20900,7525325,20617,175616137,8776762472,24527065
2,민락역,1330199,3644,1272231,3486,16577340,1088845086,3028555
2,수영역,5679196,15559,5511239,15099,86923318,5136712107,14311330
2,광안역,4047152,11088,4386822,12019,140242422,4078887413,11559260
2,금련산역,2868807,7860,3193006,8748,53117890,2978967222,8307082
2,남천역,2857488,7829,2929124,8025,46129096,2520186742,7031002
2,경성부경대역,5820390,15946,5949387,16300,93681040,6112533114,17003326
2,대연역,3625013,9932,3531945,9677,70961468,3203436351,8970953
2,못골역,1857459,5089,1907080,5225,26266746,1583712931,4410903
2,지게골역,994705,2725,983588,2695,9915414,742994994,2062768
2,문현역,1863541,5106,1746387,4785,26330451,1792989403,4984438
2,국제금융센터·부산은행역,1784797,4890,1869641,5122,28522815,2125813732,5902292
2,전포역,3466917,9498,4270239,11699,211209228,4611745574,13213575
2,서면역,8930920,24468,8987899,24624,232362053,8809250728,24771542
2,부암역,2282445,6253,2080937,5701,28946201,1855550184,5163004
2,가야역,1308805,3586,1233045,3378,14443829,895642305,2493387
2,동의대역,2382671,6528,2167204,5938,19958706,1758515769,4872533
2,개금역,2971853,8142,2863438,7845,33970058,2223273943,6184230
2,냉정역,2079187,5696,1920908,5263,70668522,2078483406,5888087
2,주례역,2610094,7151,2270177,6220,31990002,1803607524,5029034
2,감전역,1455124,3987,1334733,3657,19361259,1308513454,3638013
2,사상역,8168504,22379,8159434,22355,363993587,7381380270,21220202
2,덕포역,1708633,4681,1608578,4407,34363242,1404557461,3942249
2,모덕역,728559,1996,671723,1840,11547954,781032057,2171452
2,모라역,1723393,4722,1537340,4212,23018512,1100443994,3077979
2,구남역,1540283,4220,1533907,4202,31521239,1224341156,3440719
2,구명역,1255417,3439,983045,2693,16747978,765900554,2144243
2,덕천역,1852373,5075,2574074,7052,44975252,1195367697,3398200
2,수정역,2150429,5892,2097844,5748,36907621,1854259820,5181281
2,화명역,3729828,10219,3856043,10565,70046363,3238916744,9065652
2,율리역,1594760,4369,1512430,4144,19232052,1103586739,3076216
2,동원역,575213,1576,489133,1340,6118416,346881440,967123
2,금곡역,892210,2444,723434,1982,11423935,574503166,1605280
2,호포역,397933,1090,510805,1399,7955517,224874226,637890
2,증산역,1553552,4256,1657165,4540,62461192,1463654423,4181139
2,부산대양산캠퍼스역,635683,1742,565406,1549,20464272,637318789,1802145
2,남양산역,1154548,3163,1122654,3076,51723589,1219487297,3482770
2,양산역,2096724,5744,2069320,5669,72068191,1809064645,5153789
3,망미역,1715457,4700,1630781,4468,20760165,1106159356,3087451
3,배산역,1547259,4239,1660255,4549,14994702,911024678,2537039
3,물만골역,1354661,3711,1378930,3778,16348924,995233058,2771457
3,연산역,3512657,9624,3195998,8756,24726022,2687291107,7430184
3,거제역,2150340,5891,2112669,5788,17851068,1432706352,3974130
3,종합운동장역,2613198,7159,2667985,7310,74684169,2561842504,7223361
3,사직역,2866710,7854,2891473,7922,46041801,2719169734,7575922
3,미남역,3661862,10032,3450595,9454,44434937,3032542621,8430076
3,만덕역,2104760,5766,2269758,6219,21761741,1419254720,3947990
3,남산정역,1864367,5108,1425163,3905,20866062,1178363538,3285561
3,숙등역,1517401,4157,1440349,3946,19355364,1204512160,3353062
3,덕천역,4344026,11901,4077232,11170,37096988,2558616156,7111543
3,구포역,1193901,3271,1331770,3649,58019158,957128305,2781226
3,강서구청역,1039734,2849,988681,2709,121666610,876114216,2733646
3,체육공원역,363665,996,353391,968,5123868,245478282,686581
3,대저역,3004321,8231,2634914,7219,31894801,1396765909,3914139
4,동래역,825272,2261,861259,2360,6948215,500786518,1391054
4,수안역,1423084,3899,1469265,4025,11689242,616447612,1720923
4,낙민역,597271,1636,604532,1656,3658772,281590009,781504
4,충렬사역,1182748,3240,1250571,3426,9294167,489507790,1366581
4,명장역,1099077,3011,1048760,2873,8440441,540712048,1504527
4,서동역,825864,2263,871791,2388,7624126,379008761,1059268
4,금사역,638705,1750,565063,1548,5051470,401760424,1114553
4,반여농산물시장역,667676,1829,698010,1912,4222345,212265561,593118
4,석대역,57169,157,43078,118,18933796,25919048,122885
4,영산대역,947545,2596,928294,2543,24812844,655213164,1863085
4,동부산대학역,893219,2447,833076,2282,13347813,487817941,1373057
4,고촌역,209991,575,171070,469,2082893,85560039,240118
4,안평역,693780,1901,665394,1823,6573403,301466752,843946
