철도운영기관명,선명,역명,승강장번호,상하행,지상구분,역층,승강장연결 여부,스크린도어 유무,안전발판 유무
부산교통공사,1호선,동매,1,상행,지하,2,N,Y,Y
부산교통공사,1호선,동매,2,하행,지하,2,N,Y,Y
부산교통공사,1호선,신평,1,상행,지하,1,N,Y,Y
부산교통공사,1호선,신평,2,하행,지하,1,N,Y,Y
부산교통공사,1호선,하단(부산본병원),1,상행,지하,2,N,Y,Y
부산교통공사,1호선,하단(부산본병원),2,하행,지하,2,N,Y,Y
부산교통공사,1호선,당리(사하구청),1,상행,지하,2,N,Y,Y
부산교통공사,1호선,당리(사하구청),2,하행,지하,2,N,Y,Y
부산교통공사,1호선,사하,1,상행,지하,2,N,Y,Y
부산교통공사,1호선,사하,2,하행,지하,2,N,Y,Y
부산교통공사,1호선,괴정,1,상행,지하,2,Y,Y,Y
부산교통공사,1호선,괴정,2,하행,지하,2,Y,Y,Y
부산교통공사,1호선,대티(동주대학),1,상행,지하,5,Y,Y,Y
부산교통공사,1호선,대티(동주대학),2,하행,지하,5,Y,Y,Y
부산교통공사,1호선,서대신,1,상행,지하,4,Y,Y,Y
부산교통공사,1호선,서대신,2,하행,지하,4,Y,Y,Y
부산교통공사,1호선,동대신,1,상행,지하,2,N,Y,Y
부산교통공사,1호선,동대신,2,하행,지하,2,N,Y,Y
부산교통공사,1호선,토성,1,상행,지하,2,N,Y,Y
부산교통공사,1호선,토성,2,하행,지하,2,N,Y,Y
부산교통공사,1호선,자갈치,1,상행,지하,2,N,Y,Y
부산교통공사,1호선,자갈치,2,하행,지하,2,N,Y,Y
부산교통공사,1호선,남포,1,상행,지하,2,N,Y,Y
부산교통공사,1호선,남포,2,하행,지하,2,N,Y,Y
부산교통공사,1호선,중앙,1,상행,지하,2,Y,Y,Y
부산교통공사,1호선,중앙,2,하행,지하,2,Y,Y,Y
부산교통공사,1호선,부산,1,상행,지하,2,N,Y,Y
부산교통공사,1호선,부산,2,하행,지하,2,N,Y,Y
부산교통공사,1호선,초량,1,상행,지하,2,N,Y,Y
부산교통공사,1호선,초량,2,하행,지하,2,N,Y,Y
부산교통공사,1호선,부산진,1,상행,지하,2,Y,Y,Y
부산교통공사,1호선,부산진,2,하행,지하,2,Y,Y,Y
부산교통공사,1호선,좌천,1,상행,지하,2,N,Y,Y
부산교통공사,1호선,좌천,2,하행,지하,2,N,Y,Y
부산교통공사,1호선,범일,1,상행,지하,2,N,Y,Y
부산교통공사,1호선,범일,2,하행,지하,2,N,Y,Y
부산교통공사,1호선,범내골,1,상행,지하,2,Y,Y,Y
부산교통공사,1호선,범내골,2,하행,지하,2,Y,Y,Y
부산교통공사,1호선,서면,1,상행,지하,2,Y,Y,Y
부산교통공사,1호선,서면,2,하행,지하,2,Y,Y,Y
부산교통공사,1호선,부전(부산시민공원·송상현광장),1,상행,지하,2,N,Y,Y
부산교통공사,1호선,부전(부산시민공원·송상현광장),2,하행,지하,2,N,Y,Y
부산교통공사,1호선,양정,1,상행,지하,2,Y,Y,Y
부산교통공사,1호선,양정,2,하행,지하,2,Y,Y,Y
부산교통공사,1호선,시청(연제),1,상행,지하,2,Y,Y,Y
부산교통공사,1호선,시청(연제),2,하행,지하,2,Y,Y,Y
부산교통공사,1호선,연산,1,상행,지하,2,Y,Y,Y
부산교통공사,1호선,연산,2,하행,지하,2,Y,Y,Y
부산교통공사,1호선,교대,1,상행,지하,2,Y,Y,Y
부산교통공사,1호선,교대,2,하행,지하,2,Y,Y,Y
부산교통공사,1호선,동래,1,상행,지상,2,Y,Y,Y
부산교통공사,1호선,동래,2,하행,지상,2,Y,Y,Y
부산교통공사,1호선,명륜,1,상행,지상,2,N,Y,Y
부산교통공사,1호선,명륜,2,하행,지상,2,N,Y,Y
부산교통공사,1호선,온천장,1,상행,지상,2,N,Y,Y
부산교통공사,1호선,온천장,2,하행,지상,2,N,Y,Y
부산교통공사,1호선,부산대,1,상행,지상,2,N,Y,Y
부산교통공사,1호선,부산대,2,하행,지상,2,N,Y,Y
부산교통공사,1호선,장전(부산가톨릭대학교),1,상행,지상,2,N,Y,Y
부산교통공사,1호선,장전(부산가톨릭대학교),2,하행,지상,2,N,Y,Y
부산교통공사,1호선,구서,1,상행,지상,2,N,Y,Y
부산교통공사,1호선,구서,2,하행,지상,2,N,Y,Y
부산교통공사,1호선,두실,1,상행,지하,2,N,Y,Y
부산교통공사,1호선,두실,2,하행,지하,2,N,Y,Y
부산교통공사,1호선,남산(부산외국대학교),1,상행,지하,2,N,Y,Y
부산교통공사,1호선,남산(부산외국대학교),2,하행,지하,2,N,Y,Y
부산교통공사,1호선,범어사,1,상행,지하,3,N,Y,Y
부산교통공사,1호선,범어사,2,하행,지하,3,N,Y,Y
부산교통공사,1호선,노포(종합버스터미널),1,상행,지상,2,N,Y,Y
부산교통공사,1호선,노포(종합버스터미널),2,하행,지상,2,N,Y,Y
부산교통공사,1호선,다대포해수욕장,1,상행,지하,2,Y,Y,Y
부산교통공사,1호선,다대포해수욕장,2,하행,지하,2,Y,Y,Y
부산교통공사,1호선,다대포항,1,상행,지하,2,N,Y,Y
부산교통공사,1호선,다대포항,2,하행,지하,2,N,Y,Y
부산교통공사,1호선,낫개,1,상행,지하,3,N,Y,Y
부산교통공사,1호선,낫개,2,하행,지하,3,N,Y,Y
부산교통공사,1호선,신장림,1,상행,지하,2,N,Y,Y
부산교통공사,1호선,신장림,2,하행,지하,2,N,Y,Y
부산교통공사,1호선,장림,1,상행,지하,2,N,Y,Y
부산교통공사,1호선,장림,2,하행,지하,2,N,Y,Y
부산교통공사,2호선,장산(해운대백병원),1,상행,지하,2,Y,Y,Y
부산교통공사,2호선,장산(해운대백병원),2,하행,지하,2,Y,Y,Y
부산교통공사,2호선,중동,1,상행,지하,2,N,Y,Y
부산교통공사,2호선,중동,2,하행,지하,2,N,Y,Y
부산교통공사,2호선,해운대,1,상행,지하,2,Y,Y,Y
부산교통공사,2호선,해운대,2,하행,지하,2,Y,Y,Y
부산교통공사,2호선,동백,1,상행,지하,2,N,Y,Y
부산교통공사,2호선,동백,2,하행,지하,2,N,Y,Y
부산교통공사,2호선,벡스코(시립미술관),1,상행,지하,2,N,Y,Y
부산교통공사,2호선,벡스코(시립미술관),2,하행,지하,2,N,Y,Y
부산교통공사,2호선,센텀시티(BEXCO·신세계),1,상행,지하,2,N,Y,Y
부산교통공사,2호선,센텀시티(BEXCO·신세계),2,하행,지하,2,N,Y,Y
부산교통공사,2호선,민락,1,상행,지하,3,N,Y,Y
부산교통공사,2호선,민락,2,하행,지하,3,N,Y,Y
부산교통공사,2호선,수영,1,상행,지하,3,Y,Y,Y
부산교통공사,2호선,수영,2,하행,지하,3,Y,Y,Y
부산교통공사,2호선,광안,1,상행,지하,3,Y,Y,Y
부산교통공사,2호선,광안,2,하행,지하,3,Y,Y,Y
부산교통공사,2호선,금련산,1,상행,지하,4,Y,Y,Y
부산교통공사,2호선,금련산,2,하행,지하,4,Y,Y,Y
부산교통공사,2호선,남천(KBS·수영구청),1,상행,지하,3,Y,Y,Y
부산교통공사,2호선,남천(KBS·수영구청),2,하행,지하,3,Y,Y,Y
부산교통공사,2호선,경성대·부경대(동명대학교),1,상행,지하,3,Y,Y,Y
부산교통공사,2호선,경성대·부경대(동명대학교),2,하행,지하,3,Y,Y,Y
부산교통공사,2호선,대연(고려병원),1,상행,지하,3,Y,Y,Y
부산교통공사,2호선,대연(고려병원),2,하행,지하,3,Y,Y,Y
부산교통공사,2호선,못골(남구청),1,상행,지하,3,Y,Y,Y
부산교통공사,2호선,못골(남구청),2,하행,지하,3,Y,Y,Y
부산교통공사,2호선,지게골,1,상행,지하,4,Y,Y,Y
부산교통공사,2호선,지게골,2,하행,지하,4,Y,Y,Y
부산교통공사,2호선,문현,1,상행,지하,3,Y,Y,Y
부산교통공사,2호선,문현,2,하행,지하,3,Y,Y,Y
부산교통공사,2호선,국제금융센터·부산은행,1,상행,지하,2,Y,Y,Y
부산교통공사,2호선,국제금융센터·부산은행,2,하행,지하,2,Y,Y,Y
부산교통공사,2호선,전포,1,상행,지하,3,Y,Y,Y
부산교통공사,2호선,전포,2,하행,지하,3,Y,Y,Y
부산교통공사,2호선,서면,1,상행,지하,3,Y,Y,Y
부산교통공사,2호선,서면,2,하행,지하,3,Y,Y,Y
부산교통공사,2호선,부암(온종합병원),1,상행,지하,3,Y,Y,Y
부산교통공사,2호선,부암(온종합병원),2,하행,지하,3,Y,Y,Y
부산교통공사,2호선,가야,1,상행,지하,3,Y,Y,Y
부산교통공사,2호선,가야,2,하행,지하,3,Y,Y,Y
부산교통공사,2호선,동의대,1,상행,지하,4,Y,Y,Y
부산교통공사,2호선,동의대,2,하행,지하,4,Y,Y,Y
부산교통공사,2호선,개금,1,상행,지하,3,Y,Y,Y
부산교통공사,2호선,개금,2,하행,지하,3,Y,Y,Y
부산교통공사,2호선,냉정,1,상행,지하,2,N,Y,Y
부산교통공사,2호선,냉정,2,하행,지하,2,N,Y,Y
부산교통공사,2호선,주례,1,상행,지하,2,N,Y,Y
부산교통공사,2호선,주례,2,하행,지하,2,N,Y,Y
부산교통공사,2호선,감전(사상구청),1,상행,지하,2,N,Y,Y
부산교통공사,2호선,감전(사상구청),2,하행,지하,2,N,Y,Y
부산교통공사,2호선,사상(서부터미널),1,상행,지하,2,N,Y,Y
부산교통공사,2호선,사상(서부터미널),2,하행,지하,2,N,Y,Y
부산교통공사,2호선,덕포,1,상행,지하,2,N,Y,Y
부산교통공사,2호선,덕포,2,하행,지하,2,N,Y,Y
부산교통공사,2호선,모덕,1,상행,지하,2,N,Y,Y
부산교통공사,2호선,모덕,2,하행,지하,2,N,Y,Y
부산교통공사,2호선,모라,1,상행,지하,2,N,Y,Y
부산교통공사,2호선,모라,2,하행,지하,2,N,Y,Y
부산교통공사,2호선,구남,1,상행,지하,3,N,Y,Y
부산교통공사,2호선,구남,2,하행,지하,3,N,Y,Y
부산교통공사,2호선,구명,1,상행,지하,3,N,Y,Y
부산교통공사,2호선,구명,2,하행,지하,3,N,Y,Y
부산교통공사,2호선,덕천(부산과기대),1,상행,지하,2,Y,Y,Y
부산교통공사,2호선,덕천(부산과기대),2,하행,지하,2,Y,Y,Y
부산교통공사,2호선,수정(방송통신대),1,상행,지하,2,N,Y,Y
부산교통공사,2호선,수정(방송통신대),2,하행,지하,2,N,Y,Y
부산교통공사,2호선,화명,1,상행,지하,2,N,Y,Y
부산교통공사,2호선,화명,2,하행,지하,2,N,Y,Y
부산교통공사,2호선,율리,1,상행,지하,2,N,Y,Y
부산교통공사,2호선,율리,2,하행,지하,2,N,Y,Y
부산교통공사,2호선,동원,1,상행,지상,1,Y,Y,Y
부산교통공사,2호선,동원,2,하행,지상,1,Y,Y,Y
부산교통공사,2호선,금곡,1,상행,지상,2,N,Y,Y
부산교통공사,2호선,금곡,2,하행,지상,2,N,Y,Y
부산교통공사,2호선,호포,1,상행,지상,5,Y,Y,Y
부산교통공사,2호선,호포,2,하행,지상,5,Y,Y,Y
부산교통공사,2호선,증산,1,상행,지상,2,N,Y,Y
부산교통공사,2호선,증산,2,하행,지상,2,N,Y,Y
부산교통공사,2호선,부산대양산캠퍼스,1,상행,지상,1,Y,Y,Y
부산교통공사,2호선,부산대양산캠퍼스,2,하행,지상,1,Y,Y,Y
부산교통공사,2호선,남양산(범어),1,상행,지상,3,Y,Y,Y
부산교통공사,2호선,남양산(범어),2,하행,지상,3,Y,Y,Y
부산교통공사,2호선,양산(시청·동원과학기술대학교),1,상행,지상,3,Y,Y,Y
부산교통공사,2호선,양산(시청·동원과학기술대학교),2,하행,지상,3,Y,Y,Y
부산교통공사,3호선,수영,1,상행,지하,4,Y,Y,Y
부산교통공사,3호선,수영,2,하행,지하,4,Y,Y,Y
부산교통공사,3호선,망미(병무청),1,상행,지하,6,Y,Y,Y
부산교통공사,3호선,망미(병무청),2,하행,지하,6,Y,Y,Y
부산교통공사,3호선,배산,1,상행,지하,8,Y,Y,Y
부산교통공사,3호선,배산,2,하행,지하,8,Y,Y,Y
부산교통공사,3호선,물만골,1,상행,지하,5,Y,Y,Y
부산교통공사,3호선,물만골,2,하행,지하,5,Y,Y,Y
부산교통공사,3호선,연산,1,상행,지하,4,Y,Y,Y
부산교통공사,3호선,연산,2,하행,지하,4,Y,Y,Y
부산교통공사,3호선,거제(법원·검찰청),1,상행,지하,2,N,Y,Y
부산교통공사,3호선,거제(법원·검찰청),2,하행,지하,2,N,Y,Y
부산교통공사,3호선,종합운동장,1,상행,지하,3,Y,Y,Y
부산교통공사,3호선,종합운동장,2,하행,지하,3,Y,Y,Y
부산교통공사,3호선,사직,1,상행,지하,2,N,Y,Y
부산교통공사,3호선,사직,2,하행,지하,2,N,Y,Y
부산교통공사,3호선,미남,1,상행,지하,3,Y,Y,Y
부산교통공사,3호선,미남,2,하행,지하,3,Y,Y,Y
부산교통공사,3호선,만덕,1,상행,지하,9,Y,Y,Y
부산교통공사,3호선,만덕,2,하행,지하,9,Y,Y,Y
부산교통공사,3호선,남산정(부산폴리텍대학),1,상행,지하,2,N,Y,Y
부산교통공사,3호선,남산정(부산폴리텍대학),2,하행,지하,2,N,Y,Y
부산교통공사,3호선,숙등(부민병원),1,상행,지하,3,N,Y,Y
부산교통공사,3호선,숙등(부민병원),2,하행,지하,3,N,Y,Y
부산교통공사,3호선,덕천(부산과기대),1,상행,지하,3,Y,Y,Y
부산교통공사,3호선,덕천(부산과기대),2,하행,지하,3,Y,Y,Y
부산교통공사,3호선,구포,1,상행,지상,2,N,Y,Y
부산교통공사,3호선,구포,2,하행,지상,2,N,Y,Y
부산교통공사,3호선,강서구청,1,상행,지상,5,N,Y,Y
부산교통공사,3호선,강서구청,2,하행,지상,5,N,Y,Y
부산교통공사,3호선,체육공원,1,상행,지상,4,Y,Y,Y
부산교통공사,3호선,체육공원,2,하행,지상,4,Y,Y,Y
부산교통공사,3호선,대저,1,상행,지상,3,Y,Y,Y
부산교통공사,3호선,대저,2,하행,지상,3,Y,Y,Y
부산교통공사,4호선,미남,1,상행,지하,3,Y,Y,Y
부산교통공사,4호선,미남,2,하행,지하,3,Y,Y,Y
부산교통공사,4호선,동래,1,상행,지하,4,Y,Y,Y
부산교통공사,4호선,동래,2,하행,지하,4,Y,Y,Y
부산교통공사,4호선,수안,1,상행,지하,3,Y,Y,Y
부산교통공사,4호선,수안,2,하행,지하,3,Y,Y,Y
부산교통공사,4호선,낙민,1,상행,지하,3,Y,Y,Y
부산교통공사,4호선,낙민,2,하행,지하,3,Y,Y,Y
부산교통공사,4호선,충렬사(안락),1,상행,지하,3,Y,Y,Y
부산교통공사,4호선,충렬사(안락),2,하행,지하,3,Y,Y,Y
부산교통공사,4호선,명장,1,상행,지하,3,Y,Y,Y
부산교통공사,4호선,명장,2,하행,지하,3,Y,Y,Y
부산교통공사,4호선,서동,1,상행,지하,3,Y,Y,Y
부산교통공사,4호선,서동,2,하행,지하,3,Y,Y,Y
부산교통공사,4호선,금사,1,상행,지하,3,Y,Y,Y
부산교통공사,4호선,금사,2,하행,지하,3,Y,Y,Y
부산교통공사,4호선,반여농산물시장,1,상행,지상,1,Y,Y,Y
부산교통공사,4호선,반여농산물시장,2,하행,지상,1,Y,Y,Y
부산교통공사,4호선,석대,1,상행,지상,2,Y,Y,Y
부산교통공사,4호선,석대,2,하행,지상,2,Y,Y,Y
부산교통공사,4호선,영산대(아랫반송),1,상행,지상,2,Y,Y,Y
부산교통공사,4호선,영산대(아랫반송),2,하행,지상,2,Y,Y,Y
부산교통공사,4호선,윗반송,1,상행,지상,2,Y,Y,Y
부산교통공사,4호선,윗반송,2,하행,지상,2,Y,Y,Y
부산교통공사,4호선,고촌,1,상행,지상,2,Y,Y,Y
부산교통공사,4호선,고촌,2,하행,지상,2,Y,Y,Y
부산교통공사,4호선,안평(고촌주택단지),1,상행,지상,2,Y,Y,Y
부산교통공사,4호선,안평(고촌주택단지),2,하행,지상,2,Y,Y,Y