node_id,역사명,노선명,운영기관,승강장수,안전발판_없음,승강장연결_안됨,스크린도어_없음,최대역층,접근성위험도
S2701|0145,각산,대구 도시철도 1호선,대구교통공사,2,1,1,1,2,3
S2702|0219,강창,대구 도시철도 2호선,대구교통공사,2,1,1,1,3,3
I4101|1750,광명역,경부선,한국철도공사,2,1,1,1,2,3
S2701|0132,대구역,대구 도시철도 1호선,대구교통공사,2,1,1,1,4,3
S2701|0138,동촌(동촌유원지),대구 도시철도 1호선,대구교통공사,2,1,1,1,4,3
I4106|1950,삼송역,일산선,한국철도공사,2,1,1,1,2,3
S2701|0134,신천(경북대입구),대구 도시철도 1호선,대구교통공사,2,1,1,1,2,3
S2701|0137,아양교(대구국제공항입구),대구 도시철도 1호선,대구교통공사,2,1,1,1,4,3
S2701|0119,월배,대구 도시철도 1호선,대구교통공사,2,1,1,1,2,3
I4105|1860,이매역,분당선,한국철도공사,2,1,1,1,2,3
S2701|0126,현충로,대구 도시철도 1호선,대구교통공사,2,1,1,1,2,3
I4102|1907,가능역,경원선,한국철도공사,2,1,0,1,2,2
I4105|1851,가천대역,분당선,한국철도공사,2,1,0,1,2,2
S2702|0225,감삼,대구 도시철도 2호선,대구교통공사,2,1,0,1,3,2
L41E1|Y111,강남대,에버라인,경기도 용인경전철,2,1,0,1,1,2
I26K6|8022,개운포역,동해선,한국철도공사,2,1,1,0,2,2
I26K6|8002,거제해맞이역,동해선,한국철도공사,2,1,1,0,2,2
S2702|0231,경대병원,대구 도시철도 2호선,대구교통공사,2,1,0,1,3,2
S2702|0220,계명대,대구 도시철도 2호선,대구교통공사,2,0,1,1,3,2
I28K1|1873,고색역,수인선,한국철도공사,2,1,0,1,2,2
I28K1|1757,고잔역,수인선,한국철도공사,2,1,0,1,2,2
I4103|1757,고잔역,안산과천선,한국철도공사,2,1,0,1,2,2
L41E1|Y121,고진,에버라인,경기도 용인경전철,2,1,0,1,3,2
I4108|1272,곡산역,경의중앙선,한국철도공사,2,1,0,1,2,2
S2701|0128,교대,대구 도시철도 1호선,대구교통공사,2,1,0,1,3,2
I26K6|8004,교대역,동해선,한국철도공사,2,1,1,0,3,2
I4105|1026,구룡역,분당선,한국철도공사,2,1,0,1,6,2
I4108|1280,금촌역,경의중앙선,한국철도공사,2,0,1,1,3,2
I26K6|8013,기장역,동해선,한국철도공사,2,1,1,0,2,2
L41E1|Y110,기흥(백남준아트센터),에버라인,경기도 용인경전철,2,1,0,1,3,2
L41E1|Y119,김량장,에버라인,경기도 용인경전철,2,1,0,1,3,2
S2901|103,남광주,광주도시철도 1호선,광주교통공사,2,1,1,0,2,2
I28K1|1883,남동인더스파크역,수인선,한국철도공사,2,1,0,1,2,2
S2702|0227,내당,대구 도시철도 2호선,대구교통공사,2,1,0,1,3,2
S2901|109,농성,광주도시철도 1호선,광주교통공사,2,1,1,0,2,2
I4108|1271,능곡역,경의중앙선,한국철도공사,8,1,0,1,2,2
I28K1|1760,능길역,수인선,한국철도공사,2,1,0,1,1,2
S2701|0117,대곡(정부대구청사),대구 도시철도 1호선,대구교통공사,2,1,0,1,3,2
S2702|0232,대구은행(대구교육청),대구 도시철도 2호선,대구교통공사,2,1,0,1,3,2
I4105|1028,대모산입구역,분당선,한국철도공사,2,1,0,1,5,2
I4102|1911,덕정역,경원선,한국철도공사,2,1,0,1,2,2
I4102|1903,도봉산역,경원선,한국철도공사,2,1,0,1,2,2
I1101|1823,도화역,경인선,한국철도공사,2,1,0,1,2,2
S2701|0136,동구청(큰고개),대구 도시철도 1호선,대구교통공사,2,1,0,1,2,2
I26K6|8005,동래역,동해선,한국철도공사,2,1,1,0,2,2
L41E1|Y114,동백(용인세브란스),에버라인,경기도 용인경전철,2,1,0,1,3,2
S2702|0226,두류,대구 도시철도 2호선,대구교통공사,2,1,0,1,3,2
L41E1|Y123,둔전,에버라인,경기도 용인경전철,2,1,0,1,3,2
I28A1|A04,디지털미디어시티,인천국제공항선,공항철도주식회사,4,1,1,0,3,2
I4105|1869,망포역,분당선,한국철도공사,4,1,1,0,2,2
L41E1|Y118,명지대,에버라인,경기도 용인경전철,2,1,0,1,3,2
I11D1|D013,미금,신분당선,경기도 신분당선,2,1,1,0,2,2
S2702|0228,반고개,대구 도시철도 2호선,대구교통공사,2,1,0,1,3,2
S2701|0144,반야월,대구 도시철도 1호선,대구교통공사,2,1,0,1,2,2
S2701|0140,방촌,대구 도시철도 1호선,대구교통공사,2,1,0,1,2,2
I4103|1457,범계역,안산과천선,한국철도공사,2,1,1,0,2,2
S2702|0233,범어,대구 도시철도 2호선,대구교통공사,2,1,0,1,4,2
L41E1|Y122,보평,에버라인,경기도 용인경전철,2,1,0,1,3,2
I28K1|1877,사리역,수인선,한국철도공사,2,1,0,1,1,2
S2702|0241,사월,대구 도시철도 2호선,대구교통공사,2,1,0,1,4,2
L41E1|Y116,삼가,에버라인,경기도 용인경전철,2,1,0,1,4,2
I41K5|1503,삼동역,경강선,한국철도공사,2,1,1,0,3,2
S2701|0120,상인,대구 도시철도 1호선,대구교통공사,2,1,0,1,2,2
S2702|0221,성서산업단지,대구 도시철도 2호선,대구교통공사,2,1,0,1,3,2
I26K6|8011,송정역,동해선,한국철도공사,2,1,1,0,2,2
S2701|0122,송현,대구 도시철도 1호선,대구교통공사,2,1,0,1,3,2
S2702|0234,수성구청(KBS),대구 도시철도 2호선,대구교통공사,2,1,0,1,3,2
S2702|0238,수성알파시티(삼성라이온즈파크),대구 도시철도 2호선,대구교통공사,2,1,0,1,5,2
I4105|1871,수원시청역,분당선,한국철도공사,2,1,1,0,4,2
L41E1|Y117,시청·용인대,에버라인,경기도 용인경전철,2,1,0,1,3,2
S2701|0143,신기,대구 도시철도 1호선,대구교통공사,2,1,0,1,2,2
S1106|0648,신내,6호선,서울교통공사,2,1,1,0,3,2
S1107|0741,신대방삼거리,7호선,서울교통공사,2,1,1,0,3,2
S1122|2343,신정네거리,2호선,서울교통공사,2,1,1,0,3,2
I26K6|8010,신해운대역,동해선,한국철도공사,2,1,1,0,2,2
I4401|1402,쌍용(나사렛대)역,장항선,한국철도공사,2,1,0,1,2,2
I4401|1403,아산역,장항선,한국철도공사,2,1,0,1,2,2
I28K1|1759,안산역,수인선,한국철도공사,2,1,0,1,1,2
S2701|0125,안지랑,대구 도시철도 1호선,대구교통공사,2,1,0,1,2,2
I28K1|1876,야목역,수인선,한국철도공사,2,1,0,1,2,2
I4108|1217,양평역,경의중앙선,한국철도공사,4,0,1,1,2,2
L41E1|Y113,어정,에버라인,경기도 용인경전철,2,1,0,1,3,2
I28K1|1875,어천역,수인선,한국철도공사,2,1,0,1,2,2
I4102|1919,연천역,경원선,한국철도공사,2,0,1,1,1,2
S2702|0237,연호,대구 도시철도 2호선,대구교통공사,2,1,0,1,3,2
S2701|0127,영대병원,대구 도시철도 1호선,대구교통공사,2,1,0,1,2,2
I28K1|1874,오목천역,수인선,한국철도공사,2,1,0,1,2,2
I28K1|1762,오이도역,수인선,한국철도공사,2,1,0,1,1,2
I4105|1013,왕십리역,분당선,한국철도공사,2,1,0,1,1,2
S2701|0141,용계,대구 도시철도 1호선,대구교통공사,2,1,0,1,2,2
I4108|1219,용문역,경의중앙선,한국철도공사,4,0,1,1,2,2
S2702|0223,용산(서부법원․검찰청입구),대구 도시철도 2호선,대구교통공사,4,1,0,1,3,2
S1105|0516,우장산,5호선,서울교통공사,2,1,1,0,2,2
I4108|1282,월롱역,경의중앙선,한국철도공사,4,0,1,1,2,2
S2701|0121,월촌,대구 도시철도 1호선,대구교통공사,2,1,0,1,2,2
S2701|0142,율하,대구 도시철도 1호선,대구교통공사,2,1,0,1,2,2
I41K5|1502,이매역,경강선,한국철도공사,2,1,1,0,4,2
I28K1|1881,인천논현역,수인선,한국철도공사,2,1,0,1,3,2
I26K6|8007,재송역,동해선,한국철도공사,2,1,1,0,1,2
I4102|1918,전곡역,경원선,한국철도공사,2,1,1,0,1,2
L41E1|Y124,전대·에버랜드,에버라인,경기도 용인경전철,2,1,0,1,2,2
I28K1|1761,정왕역,수인선,한국철도공사,2,1,0,1,2,2
S2702|0224,죽전,대구 도시철도 2호선,대구교통공사,2,1,0,1,4,2
I4108|1201,중랑역,경의중앙선,한국철도공사,4,0,1,1,2,2
I28K1|1756,중앙역,수인선,한국철도공사,2,1,0,1,2,2
L41E1|Y112,지석,에버라인,경기도 용인경전철,2,1,0,1,3,2
S2701|0118,진천,대구 도시철도 1호선,대구교통공사,2,1,0,1,2,2
S2702|0229,청라언덕,대구 도시철도 2호선,대구교통공사,2,1,0,1,4,2
L41E1|Y115,초당,에버라인,경기도 용인경전철,2,1,0,1,3,2
I41K5|1505,초월역,경강선,한국철도공사,2,1,1,0,1,2
I28K1|1758,초지역,수인선,한국철도공사,2,1,0,1,2,2
I4103|1758,초지역,안산과천선,한국철도공사,2,1,0,1,2,2
S2701|0133,칠성시장,대구 도시철도 1호선,대구교통공사,2,0,1,1,3,2
S2901|119,평동,광주도시철도 1호선,광주교통공사,2,1,1,0,2,2
S1107|0731,학동,7호선,서울교통공사,2,1,1,0,3,2
I28K1|1755,한대앞역,수인선,한국철도공사,2,1,0,1,1,2
S2701|0139,해안,대구 도시철도 1호선,대구교통공사,2,1,0,1,3,2
I28K1|1882,호구포역,수인선,한국철도공사,2,1,0,1,2,2
I4101|1702,가산디지털단지역,경부선,한국철도공사,2,1,0,0,1,1
I1101|1816,간석역,경인선,한국철도공사,2,1,0,0,1,1
S3001|113,갈마,대전 도시철도 1호선,대전교통공사,2,1,0,0,2,1
S2602|0226,감전,부산 도시철도 2호선,부산광역시 부산교통공사,2,0,1,0,2,1
S3001|115,갑천,대전 도시철도 1호선,대전교통공사,2,1,0,0,2,1
I11D1|D007,강남,신분당선,경기도 신분당선,2,1,0,0,4,1
I4105|1849,강남구청역,분당선,한국철도공사,2,1,0,0,5,1
S1105|0548,강동,5호선,서울교통공사,2,1,0,0,4,1
I4108|1269,강매역,경의중앙선,한국철도공사,4,0,0,1,1,1
S2603|0315,강서구청,부산 도시철도 3호선,부산광역시 부산교통공사,2,0,1,0,5,1
S1105|0554,강일,5호선,서울교통공사,2,1,0,0,3,1
S1105|P553,개롱,5호선,서울교통공사,2,1,0,0,2,1
I4105|1027,개포동역,분당선,한국철도공사,2,0,0,1,5,1
S2603|0306,거제,부산 도시철도 3호선,부산광역시 부산교통공사,4,0,1,0,2,1
I26K6|8003,거제역,동해선,한국철도공사,2,0,1,0,4,1
S1107|0727,건대입구,7호선,서울교통공사,2,0,1,0,3,1
I41K5|1504,경기광주역,경강선,한국철도공사,2,1,0,0,2,1
I4103|1451,경마공원역,안산과천선,한국철도공사,2,0,1,0,2,1
S2801|3115,경인교대입구,인천지하철 1호선,인천교통공사,2,0,1,0,3,1
S2801|3114,계산,인천지하철 1호선,인천교통공사,2,0,1,0,3,1
S1105|0552,고덕,5호선,서울교통공사,2,1,0,0,2,1
S2702|0239,고산,대구 도시철도 2호선,대구교통공사,2,0,0,1,3,1
I41K5|1506,곤지암역,경강선,한국철도공사,2,1,0,0,2,1
I28A1|A02,공덕,인천국제공항선,공항철도주식회사,2,1,0,0,5,1
S1106|0626,공덕,6호선,서울교통공사,2,1,0,0,3,1
I4108|1262,공덕역,경의중앙선,한국철도공사,2,1,0,0,2,1
S2901|115,공항,광주도시철도 1호선,광주교통공사,2,1,0,0,2,1
I28A1|A09,공항화물청사,인천국제공항선,공항철도주식회사,2,1,0,0,2,1
I11D1|D019,광교(경기대),신분당선,경기도 신분당선,2,1,0,0,2,1
I11D1|D018,광교중앙(아주대),신분당선,경기도 신분당선,2,1,0,0,3,1
S1105|0546,광나루(장신대),5호선,서울교통공사,2,1,0,0,3,1
S1107|0748,광명사거리,7호선,서울교통공사,2,1,0,0,3,1
I4102|1019,광운대역,경원선,한국철도공사,7,0,0,1,1,1
I4108|1019,광운대역,경의중앙선,한국철도공사,5,0,0,1,1,1
S2901|117,광주송정역,광주도시철도 1호선,광주교통공사,2,1,0,0,2,1
S1106|0624,광흥창(서강),6호선,서울교통공사,2,1,0,0,3,1
S1102|0223,교대(법원·검찰청),2호선,서울교통공사,2,0,1,0,2,1
S2602|0231,구남,부산 도시철도 2호선,부산광역시 부산교통공사,2,0,1,0,3,1
I4108|1205,구리역,경의중앙선,한국철도공사,2,0,0,1,2,1
S2602|0232,구명,부산 도시철도 2호선,부산광역시 부산교통공사,2,0,1,0,3,1
S2601|0130,구서,부산 도시철도 1호선,부산광역시 부산교통공사,2,0,1,0,2,1
S3001|117,구암,대전 도시철도 1호선,대전교통공사,2,1,0,0,1,1
S1102|0213,구의(광진구청),2호선,서울교통공사,2,0,1,0,2,1
S2603|0314,구포,부산 도시철도 3호선,부산광역시 부산교통공사,2,0,1,0,2,1
I4108|1214,국수역,경의중앙선,한국철도공사,4,0,0,1,2,1
S1107|0725,군자(능동),7호선,서울교통공사,2,1,0,0,3,1
I4101|1709,군포역,경부선,한국철도공사,2,0,0,1,1,1
S1107|3760,굴포천,도시철도 7호선,인천교통공사,2,1,0,0,2,1
S2602|0238,금곡,부산 도시철도 2호선,부산광역시 부산교통공사,2,0,1,0,2,1
S2901|105,금남로4가,광주도시철도 1호선,광주교통공사,2,1,0,0,4,1
S2901|106,금남로5가,광주도시철도 1호선,광주교통공사,2,1,0,0,3,1
I4108|1279,금릉역,경의중앙선,한국철도공사,2,0,0,1,1,1
I4101|1703,금천구청역,경부선,한국철도공사,2,0,0,1,2,1
S1105|0549,길동,5호선,서울교통공사,2,1,0,0,3,1
S2901|114,김대중컨벤션센터(마륵),광주도시철도 1호선,광주교통공사,2,1,0,0,2,1
I28A1|A05,김포공항,인천국제공항선,공항철도주식회사,2,1,0,0,4,1
S1105|0512,김포공항,5호선,서울교통공사,2,0,1,0,3,1
S1105|0518,까치산,5호선,서울교통공사,2,1,0,0,5,1
S1107|3753,까치울,도시철도 7호선,인천교통공사,2,1,0,0,2,1
S1102|0227,낙성대(강감찬),2호선,서울교통공사,2,0,1,0,2,1
S2601|0132,남산,부산 도시철도 1호선,부산광역시 부산교통공사,2,0,1,0,2,1
S2603|0311,남산정,부산 도시철도 3호선,부산광역시 부산교통공사,2,0,1,0,2,1
I4101|1002,남영역,경부선,한국철도공사,2,1,0,0,2,1
S2601|0111,남포,부산 도시철도 1호선,부산광역시 부산교통공사,2,0,1,0,2,1
S2601|0097,낫개,부산 도시철도 1호선,부산광역시 부산교통공사,2,0,1,0,3,1
S1107|0735,내방,7호선,서울교통공사,2,1,0,0,3,1
S2602|0224,냉정,부산 도시철도 2호선,부산광역시 부산교통공사,2,0,1,0,2,1
I4101|1004,노량진역,경부선,한국철도공사,2,0,0,1,1,1
S3001|120,노은,대전 도시철도 1호선,대전교통공사,2,1,0,0,2,1
S2601|0134,노포,부산 도시철도 1호선,부산광역시 부산교통공사,2,0,1,0,2,1
S2901|100,녹동,광주도시철도 1호선,광주교통공사,2,1,0,0,1,1
I4102|1908,녹양역,경원선,한국철도공사,2,0,0,1,2,1
I4102|1021,녹천역,경원선,한국철도공사,2,0,0,1,2,1
S1107|0732,논현,7호선,서울교통공사,2,1,0,0,3,1
I4103|1760,능길역,안산과천선,한국철도공사,2,0,0,1,2,1
S2601|0096,다대포항,부산 도시철도 1호선,부산광역시 부산교통공사,2,0,1,0,2,1
S2702|0217,다사,대구 도시철도 2호선,대구교통공사,2,1,0,0,2,1
I28K1|1878,달월역,수인선,한국철도공사,2,0,0,1,2,1
S2702|0236,담티(수성대·대륜),대구 도시철도 2호선,대구교통공사,4,0,0,1,4,1
S1105|0542,답십리,5호선,서울교통공사,2,0,1,0,3,1
S2601|0103,당리,부산 도시철도 1호선,부산광역시 부산교통공사,2,0,1,0,2,1
I4101|1729,당정역,경부선,한국철도공사,2,0,0,1,2,1
I4108|1953,대곡역,경의중앙선,한국철도공사,4,0,0,1,1,1
I4103|1452,대공원역,안산과천선,한국철도공사,2,0,0,1,2,1
S2701|0124,대명,대구 도시철도 1호선,대구교통공사,2,0,0,1,2,1
I4103|1752,대야미역,안산과천선,한국철도공사,2,0,0,1,2,1
S3001|104,대전,대전 도시철도 1호선,대전교통공사,2,1,0,0,5,1
I1103|0347,대청,3호선,서울교통공사,2,0,1,0,3,1
S1106|0625,대흥(서강대앞),6호선,서울교통공사,2,1,0,0,3,1
I4102|1910,덕계역,경원선,한국철도공사,2,0,0,1,2,1
I4108|1208,덕소역,경의중앙선,한국철도공사,4,0,0,1,1,1
S2602|0228,덕포,부산 도시철도 2호선,부산광역시 부산교통공사,2,0,1,0,2,1
I26K6|8021,덕하역,동해선,한국철도공사,2,1,0,0,1,1
I4108|1206,도농역,경의중앙선,한국철도공사,2,0,0,1,1,1
S1122|2341,도림천,2호선,서울교통공사,2,1,0,0,3,1
I4102|1902,도봉역,경원선,한국철도공사,2,0,0,1,2,1
S2901|118,도산,광주도시철도 1호선,광주교통공사,2,1,0,0,1,1
I4108|1209,도심역,경의중앙선,한국철도공사,2,0,0,1,1,1
I1101|1817,도원역,경인선,한국철도공사,2,0,0,1,2,1
S2901|108,돌고개,광주도시철도 1호선,광주교통공사,2,1,0,0,3,1
S1106|0643,돌곶이,6호선,서울교통공사,2,1,0,0,2,1
S2701|0135,동대구역,대구 도시철도 1호선,대구교통공사,2,0,1,0,3,1
S2601|0108,동대신,부산 도시철도 1호선,부산광역시 부산교통공사,2,0,1,0,2,1
I4102|1915,동두천역,경원선,한국철도공사,2,0,0,1,3,1
I4102|1913,동두천중앙역,경원선,한국철도공사,2,0,0,1,3,1
S2601|0100,동매,부산 도시철도 1호선,부산광역시 부산교통공사,2,0,1,0,2,1
S1106|0636,동묘앞,6호선,서울교통공사,2,1,0,0,3,1
S2602|0204,동백,부산 도시철도 2호선,부산광역시 부산교통공사,2,0,1,0,2,1
I1101|1811,동인천역,경인선,한국철도공사,2,1,0,0,1,1
I11D1|D014,동천,신분당선,경기도 신분당선,2,1,0,0,3,1
S2801|3131,동춘,인천지하철 1호선,인천교통공사,2,0,1,0,2,1
S2601|0131,두실,부산 도시철도 1호선,부산광역시 부산교통공사,2,0,1,0,2,1
I4101|1727,두정역,경부선,한국철도공사,2,0,0,1,1,1
S1105|P549,둔촌동,5호선,서울교통공사,2,1,0,0,2,1
S1106|0618,디지털미디어시티,6호선,서울교통공사,2,1,0,0,3,1
I4108|1266,디지털미디어시티역,경의중앙선,한국철도공사,2,1,0,0,1,1
S1102|0210,뚝섬,2호선,서울교통공사,2,0,1,0,2,1
S1105|0514,마곡,5호선,서울교통공사,2,1,0,0,2,1
I28A1|A042,마곡나루,인천국제공항선,공항철도주식회사,2,1,0,0,2,1
S1105|0541,마장,5호선,서울교통공사,2,1,0,0,3,1
S1105|0528,마포,5호선,서울교통공사,2,1,0,0,5,1
S1106|0620,마포구청,6호선,서울교통공사,2,1,0,0,3,1
S2702|0235,만촌,대구 도시철도 2호선,대구교통공사,2,0,0,1,3,1
I26K6|8020,망양역,동해선,한국철도공사,2,1,0,0,1,1
I4108|1203,망우역,경의중앙선,한국철도공사,4,0,0,1,1,1
S1106|0621,망원,6호선,서울교통공사,2,1,0,0,2,1
I4102|1904,망월사역,경원선,한국철도공사,2,0,0,1,2,1
I4105|1872,매교역,분당선,한국철도공사,2,1,0,0,3,1
I4105|1870,매탄권선역,분당선,한국철도공사,2,1,0,0,3,1
S1107|0718,먹골,7호선,서울교통공사,2,0,1,0,3,1
S2701|0129,명덕(2.28민주운동기념회관),대구 도시철도 1호선,대구교통공사,2,0,0,1,2,1
S2601|0126,명륜,부산 도시철도 1호선,부산광역시 부산교통공사,2,0,1,0,2,1
S1105|0551,명일,5호선,서울교통공사,2,1,0,0,2,1
S2602|0229,모덕,부산 도시철도 2호선,부산광역시 부산교통공사,2,0,1,0,2,1
S2602|0230,모라,부산 도시철도 2호선,부산광역시 부산교통공사,2,0,1,0,2,1
I4105|1853,모란역,분당선,한국철도공사,2,0,1,0,2,1
S1102|0235,문래,2호선,서울교통공사,2,0,1,0,2,1
I4108|1284,문산역,경의중앙선,한국철도공사,4,0,0,1,4,1
S2702|0216,문양,대구 도시철도 2호선,대구교통공사,2,0,0,1,4,1
S2901|104,문화전당(구도청),광주도시철도 1호선,광주교통공사,2,1,0,0,4,1
S1105|0555,미사,5호선,서울교통공사,2,1,0,0,2,1
I1104|0415,미아(서울사이버대학),4호선,서울교통공사,2,0,1,0,2,1
I1104|0416,미아사거리,4호선,서울교통공사,2,0,1,0,2,1
S2602|0207,민락,부산 도시철도 2호선,부산광역시 부산교통공사,2,0,1,0,3,1
S2702|0230,반월당,대구 도시철도 2호선,대구교통공사,2,1,0,0,4,1
I4103|1753,반월역,안산과천선,한국철도공사,2,0,0,1,2,1
S1107|0733,반포,7호선,서울교통공사,2,1,0,0,3,1
S1105|0515,발산,5호선,서울교통공사,2,0,1,0,2,1
S1102|0225,방배,2호선,서울교통공사,2,0,1,0,2,1
S1105|P551,방이,5호선,서울교통공사,2,1,0,0,2,1
I4401|1405,배방역,장항선,한국철도공사,2,0,0,1,2,1
I4108|1273,백마역,경의중앙선,한국철도공사,2,0,0,1,1,1
I4106|1954,백석역,일산선,한국철도공사,2,0,0,1,3,1
I1101|1807,백운역,경인선,한국철도공사,2,0,0,1,2,1
S1106|0632,버티고개,6호선,서울교통공사,2,1,0,0,3,1
S2601|0133,범어사,부산 도시철도 1호선,부산광역시 부산교통공사,2,0,1,0,3,1
S2601|0117,범일,부산 도시철도 1호선,부산광역시 부산교통공사,2,0,1,0,2,1
S2602|0205,벡스코,부산 도시철도 2호선,부산광역시 부산교통공사,2,0,1,0,2,1
I26K6|8009,벡스코역,동해선,한국철도공사,2,1,0,0,2,1
S1107|0742,보라매,7호선,서울교통공사,2,1,0,0,2,1
S1106|0638,보문,6호선,서울교통공사,2,1,0,0,3,1
I4102|1914,보산역,경원선,한국철도공사,2,0,0,1,3,1
I4105|1031,복정역,분당선,한국철도공사,2,1,0,0,3,1
I4401|1401,봉명역,장항선,한국철도공사,2,0,0,1,1,1
S1106|0647,봉화산(서울의료원),6호선,서울교통공사,2,1,0,0,2,1
I41K5|1509,부발역,경강선,한국철도공사,2,1,0,0,2,1
S2601|0128,부산대,부산 도시철도 1호선,부산광역시 부산교통공사,2,0,1,0,2,1
S2601|0113,부산역,부산 도시철도 1호선,부산광역시 부산교통공사,2,0,1,0,2,1
I26K6|8015,부산원동역,동해선,한국철도공사,2,1,0,0,1,1
S2601|0120,부전,부산 도시철도 1호선,부산광역시 부산교통공사,2,0,1,0,2,1
I26K6|8001,부전역,동해선,한국철도공사,2,0,1,0,1,1
S1107|3757,부천시청,도시철도 7호선,인천교통공사,2,1,0,0,2,1
S1107|3754,부천종합운동장,도시철도 7호선,인천교통공사,2,1,0,0,2,1
S1107|3761,부평구청,도시철도 7호선,인천교통공사,2,1,0,0,3,1
S2801|3119,부평시장,인천지하철 1호선,인천교통공사,2,0,1,0,2,1
I1103|0322,불광,3호선,서울교통공사,2,0,1,0,2,1
S1106|0612,불광,6호선,서울교통공사,2,0,1,0,4,1
I1104|0409,불암산,4호선,서울교통공사,2,0,1,0,3,1
S1102|0226,사당,2호선,서울교통공사,2,0,1,0,2,1
S2602|0227,사상,부산 도시철도 2호선,부산광역시 부산교통공사,2,0,1,0,2,1
S2603|0308,사직,부산 도시철도 3호선,부산광역시 부산교통공사,2,0,1,0,2,1
S2601|0104,사하,부산 도시철도 1호선,부산광역시 부산교통공사,2,0,1,0,2,1
S1106|0628,삼각지(전쟁기념관),6호선,서울교통공사,2,1,0,0,4,1
S1107|3759,삼산체육관,도시철도 7호선,인천교통공사,2,1,0,0,2,1
S1107|0739,상도,7호선,서울교통공사,2,1,0,0,3,1
S1107|3758,상동,도시철도 7호선,인천교통공사,2,1,0,0,2,1
S2901|113,상무,광주도시철도 1호선,광주교통공사,2,1,0,0,2,1
S1106|0623,상수,6호선,서울교통공사,2,1,0,0,3,1
S1102|0207,상왕십리,2호선,서울교통공사,2,0,1,0,2,1
S1106|0642,상월곡(한국과학기술연구원),6호선,서울교통공사,2,1,0,0,3,1
S1105|0553,상일동,5호선,서울교통공사,2,1,0,0,2,1
I11D1|D017,상현,신분당선,경기도 신분당선,2,1,0,0,3,1
S1106|0616,새절(신사),6호선,서울교통공사,2,1,0,0,2,1
I4108|1263,서강대역,경의중앙선,한국철도공사,2,1,0,0,2,1
S3001|107,서대전네거리,대전 도시철도 1호선,대전교통공사,2,1,0,0,4,1
S2701|0123,서부정류장(관문시장),대구 도시철도 1호선,대구교통공사,2,0,0,1,2,1
I4102|1009,서빙고역,경원선,한국철도공사,2,0,0,1,1,1
I26K6|8018,서생역,동해선,한국철도공사,2,1,0,0,2,1
I28A1|A01,서울,인천국제공항선,공항철도주식회사,3,1,0,0,7,1
I4105|1847,서울숲역,분당선,한국철도공사,2,1,0,0,4,1
I4101|1722,서정리역,경부선,한국철도공사,2,0,0,1,2,1
I4105|1855,서현역,분당선,한국철도공사,2,1,0,0,2,1
S1106|0644,석계,6호선,서울교통공사,2,1,0,0,4,1
I4102|1018,석계역,경원선,한국철도공사,2,0,0,1,1,1
S1102|0220,선릉,2호선,서울교통공사,2,0,1,0,2,1
I4105|1023,선릉역,분당선,한국철도공사,2,1,0,0,3,1
I4103|1450,선바위역,안산과천선,한국철도공사,2,0,1,0,2,1
I4105|1850,선정릉역,분당선,한국철도공사,2,1,0,0,5,1
I4101|1711,성균관대역,경부선,한국철도공사,2,0,0,1,1,1
I11D1|D016,성복,신분당선,경기도 신분당선,2,1,0,0,3,1
I4101|1725,성환역,경부선,한국철도공사,2,0,0,1,1,1
I4101|1715,세류역,경부선,한국철도공사,2,0,0,1,1,1
I4101|1717,세마역,경부선,한국철도공사,2,0,0,1,1,1
I41K5|1510,세종대왕릉역,경강선,한국철도공사,2,1,0,0,2,1
S2602|0206,센텀시티,부산 도시철도 2호선,부산광역시 부산교통공사,2,0,1,0,2,1
I26K6|8008,센텀역,동해선,한국철도공사,2,0,1,0,2,1
I28K1|1880,소래포구역,수인선,한국철도공사,2,0,0,1,3,1
I4102|1916,소요산역,경원선,한국철도공사,2,0,0,1,1,1
S2901|101,소태,광주도시철도 1호선,광주교통공사,2,1,0,0,2,1
I28K1|1886,송도역,수인선,한국철도공사,4,0,0,1,1,1
S2901|116,송정공원,광주도시철도 1호선,광주교통공사,2,1,0,0,2,1
I4101|1721,송탄역,경부선,한국철도공사,2,0,0,1,1,1
I4103|1763,수리산역,안산과천선,한국철도공사,2,0,0,1,2,1
I4108|1267,수색역,경의중앙선,한국철도공사,4,0,0,1,1,1
I4105|1846,수원역(분당),분당선,한국철도공사,2,1,0,0,4,1
I1104|0414,수유(강북구청),4호선,서울교통공사,2,0,1,0,2,1
S2602|0234,수정,부산 도시철도 2호선,부산광역시 부산교통공사,2,0,1,0,2,1
I11D1|D015,수지구청,신분당선,경기도 신분당선,2,1,0,0,3,1
I1104|0427,숙대입구(갈월),4호선,서울교통공사,2,0,1,0,2,1
S2603|0312,숙등,부산 도시철도 3호선,부산광역시 부산교통공사,2,0,1,0,3,1
S1107|0738,숭실대입구(살피재),7호선,서울교통공사,2,1,0,0,6,1
I28K1|1889,숭의역,수인선,한국철도공사,2,1,0,0,2,1
S3001|111,시청,대전 도시철도 1호선,대전교통공사,2,1,0,0,2,1
I4101|1032,신길역,경부선,한국철도공사,2,0,0,1,2,1
S1121|2112,신답,2호선,서울교통공사,2,1,0,0,1,1
S1102|0206,신당,2호선,서울교통공사,2,0,1,0,2,1
S1106|0635,신당,6호선,서울교통공사,2,1,0,0,3,1
I41K5|1507,신둔도예촌역,경강선,한국철도공사,2,1,0,0,1,1
S2702|0240,신매,대구 도시철도 2호선,대구교통공사,2,0,0,1,3,1
I1103|0337,신사,3호선,서울교통공사,2,0,1,0,2,1
S1121|2114,신설동,2호선,서울교통공사,2,1,0,0,2,1
I1104|0429,신용산,4호선,서울교통공사,2,0,1,0,2,1
I4108|1213,신원역,경의중앙선,한국철도공사,4,0,0,1,1,1
S2601|0098,신장림,부산 도시철도 1호선,부산광역시 부산교통공사,2,0,1,0,2,1
S1107|3756,신중동,도시철도 7호선,인천교통공사,2,1,0,0,2,1
I4401|1408,신창(순천향대)역,장항선,한국철도공사,2,0,0,1,1,1
S1102|0240,신촌(지하),2호선,서울교통공사,2,0,1,0,2,1
S2601|0101,신평,부산 도시철도 1호선,부산광역시 부산교통공사,2,0,1,0,1,1
I28K1|1890,신포역,수인선,한국철도공사,2,1,0,0,2,1
S3001|102,신흥,대전 도시철도 1호선,대전교통공사,2,1,0,0,3,1
I1104|0413,쌍문,4호선,서울교통공사,2,0,1,0,2,1
S2901|111,쌍촌,광주도시철도 1호선,광주교통공사,2,1,0,0,2,1
I4108|1215,아신역,경의중앙선,한국철도공사,4,0,0,1,2,1
I26K6|8006,안락역,동해선,한국철도공사,2,1,0,0,2,1
S2701|0146,안심(혁신도시·첨복단지),대구 도시철도 1호선,대구교통공사,2,0,0,1,2,1
S1106|0639,안암(고대병원앞),6호선,서울교통공사,2,1,0,0,3,1
I1103|0336,압구정,3호선,서울교통공사,2,0,1,0,2,1
I4105|1848,압구정로데오역,분당선,한국철도공사,2,1,0,0,5,1
I4108|1277,야당역,경의중앙선,한국철도공사,2,0,0,1,1,1
S1106|0633,약수,6호선,서울교통공사,2,1,0,0,3,1
S2901|107,양동시장,광주도시철도 1호선,광주교통공사,2,1,0,0,3,1
I4108|1212,양수역,경의중앙선,한국철도공사,4,0,0,1,2,1
I4108|1204,양원역,경의중앙선,한국철도공사,2,0,0,1,1,1
I11D1|D009,양재시민의숲(매헌),신분당선,경기도 신분당선,2,1,0,0,3,1
I4108|1207,양정역,경의중앙선,한국철도공사,2,0,0,1,1,1
I4102|1909,양주역,경원선,한국철도공사,2,0,0,1,2,1
S1122|2342,양천구청,2호선,서울교통공사,2,1,0,0,2,1
S1105|0522,양평,5호선,서울교통공사,2,1,0,0,5,1
S1107|0726,어린이대공원(세종대),7호선,서울교통공사,2,0,1,0,3,1
I41K5|1511,여주역,경강선,한국철도공사,2,1,0,0,2,1
S1102|0221,역삼,2호선,서울교통공사,2,0,1,0,3,1
S1106|0611,역촌,6호선,서울교통공사,2,1,0,0,4,1
I28K1|1885,연수역,수인선,한국철도공사,2,0,0,1,3,1
S1106|0614,연신내,6호선,서울교통공사,2,0,1,0,5,1
S2702|0244,영남대,대구 도시철도 2호선,대구교통공사,2,1,0,0,3,1
S1105|0524,영등포시장,5호선,서울교통공사,2,1,0,0,6,1
I4105|1868,영통역,분당선,한국철도공사,2,1,0,0,2,1
S2801|3125,예술회관,인천지하철 1호선,인천교통공사,2,0,1,0,3,1
I1103|0352,오금,3호선,서울교통공사,2,0,1,0,4,1
S1105|P552,오금,5호선,서울교통공사,2,1,0,0,2,1
S3001|108,오룡,대전 도시철도 1호선,대전교통공사,2,1,0,0,2,1
I1101|1802,오류동역,경인선,한국철도공사,2,0,0,1,2,1
S1105|0521,오목교(목동운동장앞),5호선,서울교통공사,2,0,1,0,3,1
I4108|1216,오빈역,경의중앙선,한국철도공사,2,0,0,1,2,1
I4101|1718,오산대역,경부선,한국철도공사,2,0,0,1,1,1
I4101|1719,오산역,경부선,한국철도공사,2,0,0,1,2,1
I26K6|8012,오시리아역,동해선,한국철도공사,2,1,0,0,2,1
I4103|1762,오이도역,안산과천선,한국철도공사,2,0,0,1,1,1
I4102|1011,옥수역,경원선,한국철도공사,2,1,0,0,1,1
S1107|0750,온수(성공회대입구),7호선,서울교통공사,2,1,0,0,2,1
I4401|1407,온양온천역,장항선,한국철도공사,2,0,0,1,2,1
S2601|0127,온천장,부산 도시철도 1호선,부산광역시 부산교통공사,2,0,1,0,2,1
S1105|P550,올림픽공원(한국체대),5호선,서울교통공사,2,1,0,0,3,1
I4102|1013,왕십리역,경원선,한국철도공사,2,1,0,0,1,1
I4102|1016,외대앞역,경원선,한국철도공사,2,0,0,1,2,1
S1121|2111,용답,2호선,서울교통공사,2,1,0,0,2,1
S1121|2113,용두(동대문구청),2호선,서울교통공사,2,1,0,0,1,1
S3001|109,용문,대전 도시철도 1호선,대전교통공사,2,1,0,0,2,1
I4108|1211,운길산역,경의중앙선,한국철도공사,4,0,0,1,2,1
I4108|1278,운정역,경의중앙선,한국철도공사,4,0,0,1,1,1
S2901|112,운천,광주도시철도 1호선,광주교통공사,2,1,0,0,3,1
I4108|1286,운천역,경의중앙선,한국철도공사,4,0,0,1,4,1
I4108|1218,원덕역,경의중앙선,한국철도공사,4,0,0,1,1,1
I28K1|1884,원인재역,수인선,한국철도공사,2,0,0,1,2,1
I4102|1020,월계역,경원선,한국철도공사,2,0,0,1,2,1
I28K1|1879,월곶역,수인선,한국철도공사,2,0,0,1,2,1
I26K6|8017,월내역,동해선,한국철도공사,2,1,0,0,2,1
S3001|119,월드컵경기장,대전 도시철도 1호선,대전교통공사,2,1,0,0,2,1
S3001|114,월평,대전 도시철도 1호선,대전교통공사,2,1,0,0,2,1
S3001|116,유성온천,대전 도시철도 1호선,대전교통공사,2,1,0,0,2,1
S2602|0236,율리,부산 도시철도 2호선,부산광역시 부산교통공사,2,0,1,0,2,1
S1102|0203,을지로3가,2호선,서울교통공사,2,0,1,0,2,1
S1102|0204,을지로4가,2호선,서울교통공사,2,0,1,0,2,1
S1102|0202,을지로입구,2호선,서울교통공사,2,0,1,0,2,1
I4101|1710,의왕역,경부선,한국철도공사,2,0,0,1,1,1
S2702|0222,이곡,대구 도시철도 2호선,대구교통공사,2,0,0,1,5,1
I41K5|1508,이천역,경강선,한국철도공사,2,1,0,0,2,1
I4103|1455,인덕원역,안산과천선,한국철도공사,2,0,1,0,2,1
I28A1|A10,인천공항1터미널,인천국제공항선,공항철도주식회사,2,1,0,0,4,1
S2801|3124,인천시청,인천지하철 1호선,인천교통공사,2,0,1,0,4,1
I28K1|1891,인천역,수인선,한국철도공사,2,1,0,0,2,1
I1101|1812,인천역,경인선,한국철도공사,2,0,0,1,1,1
I28K1|1888,인하대역,수인선,한국철도공사,2,1,0,0,2,1
I26K6|8014,일광역,동해선,한국철도공사,2,1,0,0,1,1
I4108|1275,일산역,경의중앙선,한국철도공사,2,0,0,1,1,1
I1103|0348,일원,3호선,서울교통공사,2,0,1,0,3,1
S2702|0243,임당,대구 도시철도 2호선,대구교통공사,2,1,0,0,3,1
S2601|0110,자갈치,부산 도시철도 1호선,부산광역시 부산교통공사,2,0,1,0,2,1
S1107|0728,자양(뚝섬한강공원),7호선,서울교통공사,2,1,0,0,3,1
S1102|0216,잠실(송파구청),2호선,서울교통공사,2,0,1,0,2,1
S1102|0217,잠실새내,2호선,서울교통공사,2,0,1,0,2,1
S2601|0099,장림,부산 도시철도 1호선,부산광역시 부산교통공사,2,0,1,0,2,1
S1107|0740,장승배기,7호선,서울교통공사,2,0,1,0,3,1
S1107|0709,장암,7호선,서울교통공사,2,1,0,0,1,1
S2601|0129,장전,부산 도시철도 1호선,부산광역시 부산교통공사,2,0,1,0,2,1
S1105|0543,장한평,5호선,서울교통공사,2,1,0,0,3,1
I4106|1956,정발산역,일산선,한국철도공사,2,0,0,1,2,1
S3001|112,정부청사,대전 도시철도 1호선,대전교통공사,2,1,0,0,2,1
I4103|1761,정왕역,안산과천선,한국철도공사,2,0,0,1,2,1
I11D1|D012,정자,신분당선,경기도 신분당선,2,1,0,0,3,1
S2702|0242,정평,대구 도시철도 2호선,대구교통공사,2,1,0,0,2,1
I1101|1810,제물포역,경인선,한국철도공사,2,1,0,0,2,1
I4101|0131,종각,1호선,서울교통공사,2,0,1,0,2,1
S1105|0534,종로3가(탑골공원),5호선,서울교통공사,2,1,0,0,5,1
S2601|0116,좌천,부산 도시철도 1호선,부산광역시 부산교통공사,2,0,1,0,2,1
I26K6|8016,좌천역,동해선,한국철도공사,2,1,0,0,2,1
S2602|0225,주례,부산 도시철도 2호선,부산광역시 부산교통공사,2,0,1,0,2,1
I1101|1809,주안역,경인선,한국철도공사,2,1,0,0,2,1
I4106|1957,주엽역,일산선,한국철도공사,2,1,0,0,2,1
S3001|106,중구청,대전 도시철도 1호선,대전교통공사,2,1,0,0,5,1
S2602|0202,중동,부산 도시철도 2호선,부산광역시 부산교통공사,2,0,1,0,2,1
S3001|105,중앙로,대전 도시철도 1호선,대전교통공사,2,1,0,0,5,1
I4103|1756,중앙역,안산과천선,한국철도공사,2,0,0,1,2,1
S2602|0240,증산,부산 도시철도 2호선,부산광역시 부산교통공사,2,0,1,0,2,1
S1106|0617,증산(명지대앞),6호선,서울교통공사,2,1,0,0,2,1
I4102|1912,지행역,경원선,한국철도공사,2,0,0,1,2,1
I4101|1726,직산역,경부선,한국철도공사,2,0,0,1,1,1
I4101|1720,진위역,경부선,한국철도공사,2,0,0,1,1,1
I4102|1022,창동역,경원선,한국철도공사,2,1,0,0,1,1
I4401|1728,천안역,경부선,한국철도공사,2,0,0,1,1,1
S1107|0747,철산,7호선,서울교통공사,2,0,1,0,2,1
I11D1|D010,청계산입구,신분당선,경기도 신분당선,2,1,0,0,3,1
S1106|0634,청구,6호선,서울교통공사,2,1,0,0,4,1
S1107|0729,청담,7호선,서울교통공사,2,1,0,0,4,1
I4105|1867,청명역,분당선,한국철도공사,2,1,0,0,2,1
I4102|1917,청산역,경원선,한국철도공사,2,1,0,0,1,1
S2601|0114,초량,부산 도시철도 1호선,부산광역시 부산교통공사,2,0,1,0,2,1
S1107|3755,춘의,도시철도 7호선,인천교통공사,2,1,0,0,2,1
S3001|110,탄방,대전 도시철도 1호선,대전교통공사,2,1,0,0,2,1
I4108|1276,탄현역,경의중앙선,한국철도공사,2,0,0,1,2,1
S1106|0645,태릉입구,6호선,서울교통공사,2,1,0,0,4,1
I26K6|8023,태화강역,동해선,한국철도공사,2,0,1,0,3,1
S2601|0109,토성,부산 도시철도 1호선,부산광역시 부산교통공사,2,0,1,0,2,1
I4108|1283,파주역,경의중앙선,한국철도공사,2,0,0,1,2,1
I11D1|D011,판교,신분당선,경기도 신분당선,2,1,0,0,2,1
I41K5|1501,판교역,경강선,한국철도공사,2,1,0,0,4,1
I4108|1210,팔당역,경의중앙선,한국철도공사,4,0,0,1,2,1
I4101|1724,평택역,경부선,한국철도공사,2,0,1,0,3,1
I4101|1723,평택지제역,경부선,한국철도공사,2,0,0,1,1,1
I4108|1274,풍산역,경의중앙선,한국철도공사,2,0,0,1,1,1
S1105|0558,하남검단산,5호선,서울교통공사,2,1,0,0,3,1
S1105|0557,하남시청(덕풍∙신장),5호선,서울교통공사,2,1,0,0,2,1
S1105|0556,하남풍산,5호선,서울교통공사,2,1,0,0,2,1
S2601|0102,하단,부산 도시철도 1호선,부산광역시 부산교통공사,2,0,1,0,2,1
S2901|102,학동증심사입구,광주도시철도 1호선,광주교통공사,2,1,0,0,3,1
S1106|0631,한강진,6호선,서울교통공사,2,1,0,0,4,1
I4108|1268,한국항공대,경의중앙선,한국철도공사,4,0,0,1,1,1
I4102|1010,한남역,경원선,한국철도공사,2,0,0,1,1,1
I4103|1755,한대앞역,안산과천선,한국철도공사,2,0,0,1,1,1
S1102|0209,한양대,2호선,서울교통공사,2,0,1,0,2,1
I4108|1270,행신역,경의중앙선,한국철도공사,4,0,0,1,1,1
S3001|118,현충원,대전 도시철도 1호선,대전교통공사,2,1,0,0,2,1
I1104|0420,혜화,4호선,서울교통공사,2,0,1,0,2,1
I4108|1264,홍대입구역,경의중앙선,한국철도공사,2,1,0,0,1,1
S1105|0517,화곡,5호선,서울교통공사,2,1,0,0,2,1
S1106|0646,화랑대(서울여대입구),6호선,서울교통공사,2,1,0,0,4,1
S2602|0235,화명,부산 도시철도 2호선,부산광역시 부산교통공사,2,0,1,0,2,1
I4101|1712,화서역,경부선,한국철도공사,2,0,0,1,1,1
S2901|110,화정,광주도시철도 1호선,광주교통공사,2,1,0,0,3,1
S1106|0627,효창공원앞,6호선,서울교통공사,2,1,0,0,3,1
I1103|0350,가락시장,3호선,서울교통공사,2,0,0,0,4,0
S1107|0746,가산디지털단지,7호선,서울교통공사,2,0,0,0,4,0
S2602|0221,가야,부산 도시철도 2호선,부산광역시 부산교통공사,2,0,0,0,3,0
L48B1|0021,가야대,부산김해경전철,부산-김해경전철㈜,2,0,0,0,3,0
S2802|3216,가재울,인천지하철 2호선,인천교통공사,2,0,0,0,3,0
S2802|3211,가정(루원시티),인천지하철 2호선,인천교통공사,2,0,0,0,3,0
S2802|3212,가정중앙시장,인천지하철 2호선,인천교통공사,2,0,0,0,2,0
I4108|1265,가좌역,경의중앙선,한국철도공사,4,0,0,0,4,0
I41K2|1323,가평역,경춘선,한국철도공사,8,0,0,0,1,0
S2801|3123,간석오거리,인천지하철 1호선,인천교통공사,2,0,0,0,4,0
I41K2|1312,갈매역,경춘선,한국철도공사,2,0,0,0,2,0
S2801|3117,갈산,인천지하철 1호선,인천교통공사,2,0,0,0,2,0
S1102|0222,강남,2호선,서울교통공사,2,0,0,0,2,0
S1107|0730,강남구청,7호선,서울교통공사,2,0,0,0,3,0
S1102|0214,강변(동서울터미널),2호선,서울교통공사,2,0,0,0,2,0
I41K2|1326,강촌역,경춘선,한국철도공사,3,0,0,0,2,0
S2602|0223,개금,부산 도시철도 2호선,부산광역시 부산교통공사,2,0,0,0,3,0
I1101|1801,개봉역,경인선,한국철도공사,2,0,0,0,1,0
S1105|0511,개화산,5호선,서울교통공사,2,0,0,0,4,0
S1105|P554,거여,5호선,서울교통공사,2,0,0,0,3,0
S1102|0212,건대입구,2호선,서울교통공사,2,0,0,0,2,0
S2703|0332,건들바위,대구 도시철도 3호선,대구교통공사,2,0,0,0,3,0
S2802|3203,검단사거리,인천지하철 2호선,인천교통공사,2,0,0,0,2,0
S2802|3201,검단오류,인천지하철 2호선,인천교통공사,2,0,0,0,3,0
S2801|3107,검단호수공원,인천지하철 1호선,인천교통공사,2,0,0,0,2,0
S2802|3208,검바위,인천지하철 2호선,인천교통공사,2,0,0,0,3,0
I28A1|A07,검암,인천국제공항선,공항철도주식회사,2,0,0,0,2,0
S2802|3207,검암,인천지하철 2호선,인천교통공사,2,0,0,0,4,0
I1103|0327,경복궁(정부서울청사),3호선,서울교통공사,2,0,0,0,3,0
I27K7|7008,경산역,대경선,한국철도공사,2,0,0,0,2,0
S2602|0212,경성대·부경대,부산 도시철도 2호선,부산광역시 부산교통공사,2,0,0,0,3,0
I1103|0351,경찰병원,3호선,서울교통공사,2,0,0,0,3,0
I28A1|A06,계양,인천국제공항선,공항철도주식회사,2,0,0,0,2,0
S2801|3110,계양,인천지하철 1호선,인천교통공사,2,0,0,0,2,0
S1106|0640,고려대(종암),6호선,서울교통공사,2,0,0,0,4,0
I1103|0339,고속터미널,3호선,서울교통공사,2,0,0,0,3,0
S1107|0734,고속터미널,7호선,서울교통공사,2,0,0,0,3,0
L2604|0413,고촌,부산 경량도시철도 4호선,부산광역시 부산교통공사,2,0,0,0,2,0
I41WS|1272,곡산역,서해선,한국철도공사,2,0,0,0,2,0
S2703|0322,공단,대구 도시철도 3호선,대구교통공사,2,0,0,0,3,0
S1105|0529,공덕,5호선,서울교통공사,2,0,0,0,3,0
S1107|0716,공릉(서울과학기술대),7호선,서울교통공사,2,0,0,0,4,0
L48B1|0004,공항,부산김해경전철,부산-김해경전철㈜,2,0,0,0,2,0
I4103|1453,과천역,안산과천선,한국철도공사,2,0,0,0,2,0
I4101|1705,관악역,경부선,한국철도공사,2,0,0,0,1,0
S2602|0209,광안,부산 도시철도 2호선,부산광역시 부산교통공사,2,0,0,0,3,0
S1105|0533,광화문(세종문화회관),5호선,서울교통공사,2,0,0,0,4,0
L48B1|0002,괘법르네시떼,부산김해경전철,부산-김해경전철㈜,2,0,0,0,3,0
S2601|0105,괴정,부산 도시철도 1호선,부산광역시 부산교통공사,2,0,0,0,2,0
S2601|0124,교대,부산 도시철도 1호선,부산광역시 부산교통공사,2,0,0,0,2,0
I1103|0340,교대(법원·검찰청),3호선,서울교통공사,2,0,0,0,3,0
S1102|0232,구로디지털단지,2호선,서울교통공사,2,0,0,0,2,0
I4101|1701,구로역,경부선,한국철도공사,2,0,0,0,1,0
I27K7|7001,구미역,대경선,한국철도공사,2,0,0,0,2,0
S1106|0615,구산,6호선,서울교통공사,2,0,0,0,4,0
I4105|1863,구성역,분당선,한국철도공사,2,0,0,0,3,0
S2703|0317,구암(과학대보건대입구),대구 도시철도 3호선,대구교통공사,2,0,0,0,2,0
I1101|1813,구일역,경인선,한국철도공사,2,0,0,0,1,0
I1103|0320,구파발,3호선,서울교통공사,2,0,0,0,2,0
S2602|0217,국제금융센터·부산은행,부산 도시철도 2호선,부산광역시 부산교통공사,2,0,0,0,2,0
S2801|3138,국제업무지구,인천지하철 1호선,인천교통공사,2,0,0,0,2,0
S1105|0544,군자(능동),5호선,서울교통공사,2,0,0,0,3,0
I41K2|1324,굴봉산역,경춘선,한국철도공사,2,0,0,0,2,0
S1105|0550,굽은다리(강동구민회관앞),5호선,서울교통공사,2,0,0,0,2,0
S2801|3111,귤현,인천지하철 1호선,인천교통공사,2,0,0,0,2,0
I41K2|1316,금곡역,경춘선,한국철도공사,2,0,0,0,3,0
S2602|0210,금련산,부산 도시철도 2호선,부산광역시 부산교통공사,2,0,0,0,4,0
L2604|0408,금사,부산 경량도시철도 4호선,부산광역시 부산교통공사,2,0,0,0,3,0
I4101|1708,금정역,경부선,한국철도공사,2,0,0,0,1,0
I4103|1708,금정역,안산과천선,한국철도공사,2,0,0,0,1,0
I1103|0334,금호,3호선,서울교통공사,2,0,0,0,2,0
I4105|1865,기흥역,분당선,한국철도공사,2,0,0,0,3,0
I1104|0417,길음,4호선,서울교통공사,2,0,0,0,2,0
I41K2|1327,김유정역,경춘선,한국철도공사,4,0,0,0,2,0
I41WS|1980,김포공항역,서해선,한국철도공사,2,0,0,0,2,0
L48B1|0012,김해대학,부산김해경전철,부산-김해경전철㈜,2,0,0,0,3,0
L48B1|0014,김해시청,부산김해경전철,부산-김해경전철㈜,2,0,0,0,3,0
L2604|0404,낙민,부산 경량도시철도 4호선,부산광역시 부산교통공사,2,0,0,0,3,0
S1107|0745,남구로,7호선,서울교통공사,2,0,0,0,5,0
S2802|3225,남동구청,인천지하철 2호선,인천교통공사,2,0,0,0,2,0
I1103|0341,남부터미널(예술의전당),3호선,서울교통공사,2,0,0,0,3,0
S2703|0330,남산(계명네거리),대구 도시철도 3호선,대구교통공사,2,0,0,0,3,0
S1107|0737,남성,7호선,서울교통공사,2,0,0,0,3,0
S2602|0242,남양산,부산 도시철도 2호선,부산광역시 부산교통공사,2,0,0,0,3,0
I26K6|8019,남창역,동해선,한국철도공사,3,0,0,0,3,0
S2602|0211,남천,부산 도시철도 2호선,부산광역시 부산교통공사,2,0,0,0,3,0
I41K2|1328,남춘천역,경춘선,한국철도공사,4,0,0,0,3,0
I1104|0434,남태령,4호선,서울교통공사,2,0,0,0,3,0
I1104|0411,노원,4호선,서울교통공사,2,0,0,0,2,0
S1107|0713,노원,7호선,서울교통공사,2,0,0,0,3,0
I1103|0323,녹번,3호선,서울교통공사,2,0,0,0,2,0
S1106|0629,녹사평(용산구청),6호선,서울교통공사,2,0,0,0,5,0
I11D1|D005,논현,신분당선,경기도 신분당선,2,0,0,0,3,0
I41WS|1271,능곡역,서해선,한국철도공사,2,0,0,0,2,0
S2601|0095,다대포해수욕장,부산 도시철도 1호선,부산광역시 부산교통공사,2,0,0,0,2,0
S2703|0327,달성공원,대구 도시철도 3호선,대구교통공사,2,0,0,0,3,0
S1102|0237,당산,2호선,서울교통공사,2,0,0,0,2,0
I4106|1953,대곡역,일산선,한국철도공사,2,0,0,0,2,0
I41WS|1953,대곡역,서해선,한국철도공사,2,0,0,0,2,0
I27K7|7006,대구역,대경선,한국철도공사,2,0,0,0,2,0
S2701|0147,대구한의대병원,대구 도시철도 1호선,대구교통공사,2,0,0,0,2,0
S3001|103,대동,대전 도시철도 1호선,대전교통공사,2,0,0,0,3,0
S1102|0233,대림(구로구청),2호선,서울교통공사,2,0,0,0,2,0
S1107|0744,대림(구로구청),7호선,서울교통공사,2,0,0,0,2,0
I4101|1005,대방역,경부선,한국철도공사,2,0,0,0,2,0
S2703|0333,대봉교,대구 도시철도 3호선,대구교통공사,2,0,0,0,3,0
L48B1|0009,대사,부산김해경전철,부산-김해경전철㈜,2,0,0,0,3,0
I41K2|1320,대성리역,경춘선,한국철도공사,2,0,0,0,1,0
S2702|0218,대실,대구 도시철도 2호선,대구교통공사,2,0,0,0,4,0
S2602|0213,대연,부산 도시철도 2호선,부산광역시 부산교통공사,2,0,0,0,3,0
S2603|0317,대저,부산 도시철도 3호선,부산광역시 부산교통공사,2,0,0,0,3,0
L48B1|0007,대저,부산김해경전철,부산-김해경전철㈜,2,0,0,0,3,0
I1103|0345,대치,3호선,서울교통공사,2,0,0,0,4,0
S2601|0106,대티,부산 도시철도 1호선,부산광역시 부산교통공사,2,0,0,0,5,0
I4106|1958,대화역,일산선,한국철도공사,2,0,0,0,2,0
L48B1|0005,덕두,부산김해경전철,부산-김해경전철㈜,2,0,0,0,3,0
S2602|0233,덕천,부산 도시철도 2호선,부산광역시 부산교통공사,2,0,0,0,2,0
S2603|0313,덕천,부산 도시철도 3호선,부산광역시 부산교통공사,2,0,0,0,3,0
I1103|0344,도곡,3호선,서울교통공사,2,0,0,0,4,0
I4105|1025,도곡역,분당선,한국철도공사,2,0,0,0,6,0
S1107|0710,도봉산,7호선,서울교통공사,2,0,0,0,2,0
I1103|0326,독립문,3호선,서울교통공사,2,0,0,0,3,0
S1106|0613,독바위,6호선,서울교통공사,2,0,0,0,6,0
I4101|1714,독산역,경부선,한국철도공사,2,0,0,0,2,0
S2802|3206,독정,인천지하철 2호선,인천교통공사,2,0,0,0,3,0
I27K7|7007,동대구역,대경선,한국철도공사,2,0,0,0,2,0
I4101|0128,동대문,1호선,서울교통공사,2,0,0,0,2,0
I1104|0421,동대문,4호선,서울교통공사,2,0,0,0,4,0
S1102|0205,동대문역사문화공원(DDP),2호선,서울교통공사,2,0,0,0,2,0
I1104|0422,동대문역사문화공원(DDP),4호선,서울교통공사,2,0,0,0,3,0
S1105|0536,동대문역사문화공원(DDP),5호선,서울교통공사,2,0,0,0,5,0
I1103|0332,동대입구,3호선,서울교통공사,2,0,0,0,3,0
S2601|0125,동래,부산 도시철도 1호선,부산광역시 부산교통공사,2,0,0,0,2,0
L2604|0402,동래,부산 경량도시철도 4호선,부산광역시 부산교통공사,2,0,0,0,4,0
S2801|3132,동막,인천지하철 1호선,인천교통공사,2,0,0,0,2,0
I4101|0127,동묘앞,1호선,서울교통공사,2,0,0,0,2,0
S2801|3121,동수,인천지하철 1호선,인천교통공사,2,0,0,0,4,0
I1101|1808,동암역,경인선,한국철도공사,2,0,0,0,2,0
S2602|0237,동원,부산 도시철도 2호선,부산광역시 부산교통공사,2,0,0,0,1,0
S2602|0222,동의대,부산 도시철도 2호선,부산광역시 부산교통공사,2,0,0,0,4,0
I1104|0431,동작(현충원),4호선,서울교통공사,2,0,0,0,3,0
S2703|0315,동천,대구 도시철도 3호선,대구교통공사,2,0,0,0,2,0
L48B1|0006,등구,부산김해경전철,부산-김해경전철㈜,2,0,0,0,3,0
I4106|1955,마두역,일산선,한국철도공사,2,0,0,0,2,0
S1107|0712,마들,7호선,서울교통공사,2,0,0,0,3,0
I41K2|1319,마석역,경춘선,한국철도공사,3,0,0,0,1,0
S2802|3204,마전,인천지하철 2호선,인천교통공사,2,0,0,0,3,0
S1105|P555,마천,5호선,서울교통공사,2,0,0,0,4,0
S2603|0310,만덕,부산 도시철도 3호선,부산광역시 부산교통공사,2,0,0,0,9,0
S2802|3224,만수,인천지하철 2호선,인천교통공사,2,0,0,0,2,0
S2703|0323,만평,대구 도시철도 3호선,대구교통공사,2,0,0,0,3,0
S2603|0302,망미,부산 도시철도 3호선,부산광역시 부산교통공사,2,0,0,0,6,0
I41K2|1203,망우역,경춘선,한국철도공사,2,0,0,0,1,0
I1103|0343,매봉,3호선,서울교통공사,2,0,0,0,2,0
S2703|0319,매천,대구 도시철도 3호선,대구교통공사,2,0,0,0,2,0
S2703|0320,매천시장,대구 도시철도 3호선,대구교통공사,2,0,0,0,2,0
S1107|0721,면목,7호선,서울교통공사,2,0,0,0,4,0
S2703|0331,명덕(2·28민주운동기념회관),대구 도시철도 3호선,대구교통공사,2,0,0,0,3,0
I1104|0424,명동,4호선,서울교통공사,2,0,0,0,4,0
L2604|0406,명장,부산 경량도시철도 4호선,부산광역시 부산교통공사,2,0,0,0,3,0
I4101|1707,명학역,경부선,한국철도공사,2,0,0,0,1,0
S2802|3223,모래내시장,인천지하철 2호선,인천교통공사,2,0,0,0,3,0
S1105|0520,목동,5호선,서울교통공사,2,0,0,0,2,0
S2602|0214,못골,부산 도시철도 2호선,부산광역시 부산교통공사,2,0,0,0,3,0
I1103|0325,무악재,3호선,서울교통공사,2,0,0,0,3,0
S2801|3127,문학경기장,인천지하철 1호선,인천교통공사,2,0,0,0,3,0
S2602|0216,문현,부산 도시철도 2호선,부산광역시 부산교통공사,2,0,0,0,3,0
S2603|0304,물만골,부산 도시철도 3호선,부산광역시 부산교통공사,2,0,0,0,5,0
I4105|1858,미금역,분당선,한국철도공사,2,0,0,0,2,0
S2603|0309,미남,부산 도시철도 3호선,부산광역시 부산교통공사,2,0,0,0,3,0
L2604|0401,미남,부산 경량도시철도 4호선,부산광역시 부산교통공사,2,0,0,0,3,0
L48B1|0018,박물관,부산김해경전철,부산-김해경전철㈜,2,0,0,0,3,0
S2801|3112,박촌,인천지하철 1호선,인천교통공사,2,0,0,0,2,0
S3001|122,반석,대전 도시철도 1호선,대전교통공사,2,0,0,0,2,0
L2604|0409,반여농산물시장,부산 경량도시철도 4호선,부산광역시 부산교통공사,2,0,0,0,1,0
S2701|0130,반월당,대구 도시철도 1호선,대구교통공사,2,0,0,0,3,0
I4102|1901,방학역,경원선,한국철도공사,2,0,0,0,2,0
S1105|0510,방화,5호선,서울교통공사,2,0,0,0,2,0
S2603|0303,배산,부산 도시철도 3호선,부산광역시 부산교통공사,2,0,0,0,8,0
I41WS|1273,백마역,서해선,한국철도공사,2,0,0,0,2,0
I41K2|1325,백양리역,경춘선,한국철도공사,2,0,0,0,2,0
S2601|0118,범내골,부산 도시철도 1호선,부산광역시 부산교통공사,2,0,0,0,2,0
S2703|0340,범물,대구 도시철도 3호선,대구교통공사,2,0,0,0,3,0
I41K2|1313,별내역,경춘선,한국철도공사,2,0,0,0,1,0
I4101|1716,병점역,경부선,한국철도공사,2,0,0,0,1,0
I4105|1861,보정역,분당선,한국철도공사,2,0,0,0,3,0
S1102|0229,봉천,2호선,서울교통공사,2,0,0,0,2,0
L48B1|0016,봉황,부산김해경전철,부산-김해경전철㈜,2,0,0,0,3,0
I1101|1815,부개역,경인선,한국철도공사,2,0,0,0,2,0
S2602|0241,부산대양산캠퍼스,부산 도시철도 2호선,부산광역시 부산교통공사,2,0,0,0,1,0
S2601|0115,부산진,부산 도시철도 1호선,부산광역시 부산교통공사,2,0,0,0,2,0
S2602|0220,부암,부산 도시철도 2호선,부산광역시 부산교통공사,2,0,0,0,3,0
L48B1|0015,부원,부산김해경전철,부산-김해경전철㈜,2,0,0,0,3,0
I1101|1804,부천역,경인선,한국철도공사,2,0,0,0,2,0
I41WS|1982,부천종합운동장역,서해선,한국철도공사,2,0,0,0,2,0
S2801|3120,부평,인천지하철 1호선,인천교통공사,2,0,0,0,4,0
S2801|3118,부평구청,인천지하철 1호선,인천교통공사,2,0,0,0,2,0
S2801|3122,부평삼거리,인천지하철 1호선,인천교통공사,2,0,0,0,4,0
I1101|1806,부평역,경인선,한국철도공사,2,0,0,0,1,0
S2701|0148,부호(경일대·호산대),대구 도시철도 1호선,대구교통공사,2,0,0,0,2,0
S2703|0326,북구청 (대구iM뱅크파크),대구 도시철도 3호선,대구교통공사,2,0,0,0,3,0
L48B1|0010,불암,부산김해경전철,부산-김해경전철㈜,2,0,0,0,3,0
S1107|0722,사가정,7호선,서울교통공사,2,0,0,0,4,0
I27K7|7002,사곡역,대경선,한국철도공사,2,0,0,0,2,0
I1104|0433,사당,4호선,서울교통공사,2,0,0,0,3,0
I41K2|1315,사릉역,경춘선,한국철도공사,3,0,0,0,1,0
L48B1|0001,사상,부산김해경전철,부산-김해경전철㈜,2,0,0,0,3,0
S1107|3762,산곡,도시철도 7호선,인천교통공사,2,0,0,0,2,0
I4103|1751,산본역,안산과천선,한국철도공사,2,0,0,0,4,0
I1104|0428,삼각지(전쟁기념관),4호선,서울교통공사,2,0,0,0,2,0
S1102|0219,삼성(무역센터),2호선,서울교통공사,2,0,0,0,2,0
I4105|1866,상갈역,분당선,한국철도공사,2,0,0,0,3,0
I1104|0410,상계,4호선,서울교통공사,2,0,0,0,3,0
I4103|1754,상록수역,안산과천선,한국철도공사,2,0,0,0,2,0
S1107|0720,상봉,7호선,서울교통공사,2,0,0,0,3,0
I4108|1202,상봉역,경의중앙선,한국철도공사,4,0,0,0,1,0
I41K2|1322,상천역,경춘선,한국철도공사,2,0,0,0,1,0
S2802|3210,서구청,인천지하철 2호선,인천교통공사,2,0,0,0,3,0
I27K7|7005,서대구역,대경선,한국철도공사,2,0,0,0,2,0
S1105|0532,서대문,5호선,서울교통공사,2,0,0,0,4,0
S2601|0107,서대신,부산 도시철도 1호선,부산광역시 부산교통공사,2,0,0,0,4,0
L2604|0407,서동,부산 경량도시철도 4호선,부산광역시 부산교통공사,2,0,0,0,3,0
I4101|1749,서동탄역,경부선,한국철도공사,2,0,0,0,2,0
S2601|0119,서면,부산 도시철도 1호선,부산광역시 부산교통공사,2,0,0,0,2,0
S2602|0219,서면,부산 도시철도 2호선,부산광역시 부산교통공사,2,0,0,0,3,0
S2703|0328,서문시장(동산병원),대구 도시철도 3호선,대구교통공사,2,0,0,0,3,0
L48B1|0003,서부산유통지구,부산김해경전철,부산-김해경전철㈜,2,0,0,0,3,0
S2802|3214,서부여성회관,인천지하철 2호선,인천교통공사,2,0,0,0,2,0
S1102|0228,서울대입구(관악구청),2호선,서울교통공사,2,0,0,0,2,0
I4101|0133,서울역,1호선,서울교통공사,2,0,0,0,2,0
I1104|0426,서울역,4호선,서울교통공사,2,0,0,0,2,0
S1102|0224,서초,2호선,서울교통공사,2,0,0,0,2,0
S1107|3763,석남(거북시장),도시철도 7호선,인천교통공사,2,0,0,0,5,0
S2802|3213,석남(거북시장),인천지하철 2호선,인천교통공사,2,0,0,0,2,0
L2604|0410,석대,부산 경량도시철도 4호선,부산광역시 부산교통공사,2,0,0,0,2,0
S2802|3220,석바위시장,인천지하철 2호선,인천교통공사,2,0,0,0,3,0
I4101|1704,석수역,경부선,한국철도공사,2,0,0,0,1,0
S2802|3222,석천사거리,인천지하철 2호선,인천교통공사,2,0,0,0,2,0
S2801|3128,선학,인천지하철 1호선,인천교통공사,2,0,0,0,2,0
S2701|0115,설화명곡,대구 도시철도 1호선,대구교통공사,2,0,0,0,3,0
S1102|0211,성수,2호선,서울교통공사,2,0,0,0,2,0
I1104|0418,성신여대입구(돈암),4호선,서울교통공사,2,0,0,0,2,0
S2801|3137,센트럴파크,인천지하철 1호선,인천교통공사,2,0,0,0,2,0
I1101|4804,소사역,경인선,한국철도공사,2,0,0,0,2,0
I1101|1805,송내역,경인선,한국철도공사,2,0,0,0,1,0
S2801|3139,송도달빛축제공원,인천지하철 1호선,인천교통공사,2,0,0,0,2,0
S1105|0513,송정,5호선,서울교통공사,2,0,0,0,3,0
I4105|1856,수내역,분당선,한국철도공사,2,0,0,0,1,0
S1107|0711,수락산,7호선,서울교통공사,2,0,0,0,3,0
L48B1|0017,수로왕릉,부산김해경전철,부산-김해경전철㈜,2,0,0,0,3,0
I1103|0349,수서,3호선,서울교통공사,2,0,0,0,2,0
I4105|1030,수서역,분당선,한국철도공사,2,0,0,0,1,0
S2703|0335,수성구민운동장,대구 도시철도 3호선,대구교통공사,2,0,0,0,3,0
S2703|0338,수성못(TBC),대구 도시철도 3호선,대구교통공사,2,0,0,0,3,0
S2703|0334,수성시장,대구 도시철도 3호선,대구교통공사,2,0,0,0,3,0
L2604|0403,수안,부산 경량도시철도 4호선,부산광역시 부산교통공사,2,0,0,0,3,0
S2602|0208,수영,부산 도시철도 2호선,부산광역시 부산교통공사,2,0,0,0,3,0
S2603|0301,수영,부산 도시철도 3호선,부산광역시 부산교통공사,2,0,0,0,4,0
I4101|1713,수원역,경부선,한국철도공사,2,0,0,0,1,0
S2802|3219,시민공원,인천지하철 2호선,인천교통공사,2,0,0,0,3,0
I4101|0132,시청,1호선,서울교통공사,2,0,0,0,2,0
S1102|0201,시청,2호선,서울교통공사,2,0,0,0,3,0
S2601|0122,시청(연제),부산 도시철도 1호선,부산광역시 부산교통공사,2,0,0,0,2,0
I4105|1864,신갈역,분당선,한국철도공사,2,0,0,0,4,0
S2801|3108,신검단중앙,인천지하철 1호선,인천교통공사,2,0,0,0,2,0
S1105|0538,신금호,5호선,서울교통공사,2,0,0,0,8,0
S1105|0525,신길,5호선,서울교통공사,2,0,0,0,5,0
I41K2|1311,신내역,경춘선,한국철도공사,2,0,0,0,3,0
I11D1|D006,신논현,신분당선,경기도 신분당선,2,0,0,0,5,0
S1102|0231,신대방,2호선,서울교통공사,2,0,0,0,2,0
S1102|0234,신도림,2호선,서울교통공사,2,0,0,0,2,0
I4101|1007,신도림역,경부선,한국철도공사,2,0,0,0,1,0
S1102|0230,신림,2호선,서울교통공사,2,0,0,0,2,0
I11D1|D004,신사,신분당선,경기도 신분당선,2,0,0,0,4,0
I4101|0126,신설동,1호선,서울교통공사,2,0,0,0,2,0
S2801|3129,신연수,인천지하철 1호선,인천교통공사,2,0,0,0,2,0
I4102|1017,신이문역,경원선,한국철도공사,2,0,0,0,2,0
S1105|0519,신정(은행정),5호선,서울교통공사,2,0,0,0,3,0
S1107|0743,신풍,7호선,서울교통공사,2,0,0,0,2,0
S2801|3109,"아라(북부법원, 검찰청)",인천지하철 1호선,인천교통공사,2,0,0,0,2,0
S2802|3209,아시아드경기장,인천지하철 2호선,인천교통공사,2,0,0,0,2,0
S1105|0545,아차산(어린이대공원후문),5호선,서울교통공사,2,0,0,0,3,0
S1102|0242,아현,2호선,서울교통공사,2,0,0,0,2,0
I1103|0328,안국,3호선,서울교통공사,2,0,0,0,4,0
I4103|1759,안산역,안산과천선,한국철도공사,2,0,0,0,3,0
I4101|1706,안양역,경부선,한국철도공사,2,0,0,0,1,0
L2604|0414,안평,부산 경량도시철도 4호선,부산광역시 부산교통공사,2,0,0,0,2,0
S1105|0530,애오개,5호선,서울교통공사,2,0,0,0,4,0
I4105|1854,야탑역,분당선,한국철도공사,2,0,0,0,2,0
I1103|0333,약수,3호선,서울교통공사,2,0,0,0,3,0
S2602|0243,양산,부산 도시철도 2호선,부산광역시 부산교통공사,2,0,0,0,3,0
I1103|0342,양재(서초구청),3호선,서울교통공사,2,0,0,0,2,0
I11D1|D008,양재(서초구청),신분당선,경기도 신분당선,2,0,0,0,4,0
S2601|0121,양정,부산 도시철도 1호선,부산광역시 부산교통공사,2,0,0,0,2,0
S2703|0336,어린이세상,대구 도시철도 3호선,대구교통공사,2,0,0,0,3,0
S1105|0527,여의나루,5호선,서울교통공사,2,0,0,0,5,0
S1105|0526,여의도,5호선,서울교통공사,2,0,0,0,4,0
I1101|1803,역곡역,경인선,한국철도공사,2,0,0,0,1,0
S2601|0123,연산,부산 도시철도 1호선,부산광역시 부산교통공사,2,0,0,0,2,0
S2603|0305,연산,부산 도시철도 3호선,부산광역시 부산교통공사,2,0,0,0,4,0
I1103|0321,연신내,3호선,서울교통공사,2,0,0,0,2,0
L48B1|0019,연지공원,부산김해경전철,부산-김해경전철㈜,2,0,0,0,3,0
S1102|0236,영등포구청,2호선,서울교통공사,2,0,0,0,2,0
S1105|0523,영등포구청,5호선,서울교통공사,2,0,0,0,5,0
I4101|1006,영등포역,경부선,한국철도공사,2,0,0,0,1,0
L2604|0411,영산대,부산 경량도시철도 4호선,부산광역시 부산교통공사,2,0,0,0,2,0
I28A1|A072,영종,인천국제공항선,공항철도주식회사,2,0,0,0,1,0
I4105|1859,오리역,분당선,한국철도공사,2,0,0,0,2,0
I1103|0335,옥수,3호선,서울교통공사,2,0,0,0,4,0
I1101|1821,온수역,경인선,한국철도공사,2,0,0,0,1,0
S2802|3205,완정,인천지하철 2호선,인천교통공사,2,0,0,0,3,0
S2802|3202,왕길,인천지하철 2호선,인천교통공사,2,0,0,0,3,0
S1102|0208,왕십리(성동구청),2호선,서울교통공사,2,0,0,0,2,0
S1105|0540,왕십리(성동구청),5호선,서울교통공사,2,0,0,0,5,0
I27K7|7004,왜관역,대경선,한국철도공사,2,0,0,0,2,0
S1107|0723,용마산(용마폭포공원),7호선,서울교통공사,2,0,0,0,4,0
I4102|1003,용산역,경원선,한국철도공사,4,0,0,0,1,0
I4101|1003,용산역,경부선,한국철도공사,2,0,0,0,1,0
S2703|0341,용지,대구 도시철도 3호선,대구교통공사,2,0,0,0,3,0
I28A1|A08,운서,인천국제공항선,공항철도주식회사,2,0,0,0,2,0
S2802|3227,운연,인천지하철 2호선,인천교통공사,2,0,0,0,1,0
I4106|1951,원당역,일산선,한국철도공사,2,0,0,0,2,0
S2703|0325,원대,대구 도시철도 3호선,대구교통공사,2,0,0,0,3,0
S2801|3130,원인재,인천지하철 1호선,인천교통공사,2,0,0,0,2,0
I41WS|1981,원종역,서해선,한국철도공사,2,0,0,0,2,0
I4106|1948,원흥역,일산선,한국철도공사,2,0,0,0,1,0
S1106|0641,월곡(동덕여대),6호선,서울교통공사,2,0,0,0,3,0
S1106|0619,월드컵경기장(성산),6호선,서울교통공사,2,0,0,0,3,0
L2604|0412,윗반송,부산 경량도시철도 4호선,부산광역시 부산교통공사,2,0,0,0,2,0
I1103|0330,을지로3가,3호선,서울교통공사,2,0,0,0,3,0
S1105|0535,을지로4가,5호선,서울교통공사,2,0,0,0,5,0
I4102|1012,응봉역,경원선,한국철도공사,2,0,0,0,1,0
S1106|0610,응암,6호선,서울교통공사,2,0,0,0,3,0
I4102|1906,의정부역,경원선,한국철도공사,2,0,0,0,3,0
S1102|0241,이대,2호선,서울교통공사,2,0,0,0,2,0
S1107|0736,이수,7호선,서울교통공사,2,0,0,0,4,0
I1104|0430,이촌(국립중앙박물관),4호선,서울교통공사,2,0,0,0,2,0
I4102|1008,이촌역,경원선,한국철도공사,2,0,0,0,1,0
S1106|0630,이태원,6호선,서울교통공사,2,0,0,0,5,0
L48B1|0013,인제대,부산김해경전철,부산-김해경전철㈜,2,0,0,0,3,0
S2802|3215,인천가좌,인천지하철 2호선,인천교통공사,2,0,0,0,3,0
I28A1|A11,인천공항2터미널,인천국제공항선,공항철도주식회사,3,0,0,0,3,0
S2802|3226,인천대공원,인천지하철 2호선,인천교통공사,2,0,0,0,3,0
S2801|3136,인천대입구,인천지하철 1호선,인천교통공사,2,0,0,0,2,0
S2802|3221,인천시청,인천지하철 2호선,인천교통공사,2,0,0,0,3,0
S2801|3126,인천터미널,인천지하철 1호선,인천교통공사,2,0,0,0,2,0
I41WS|1275,일산역,서해선,한국철도공사,2,0,0,0,2,0
S2801|3113,임학,인천지하철 1호선,인천교통공사,2,0,0,0,2,0
S2801|3116,작전,인천지하철 1호선,인천교통공사,2,0,0,0,2,0
S1102|0215,잠실나루,2호선,서울교통공사,2,0,0,0,2,0
I1103|0338,잠원,3호선,서울교통공사,2,0,0,0,2,0
S2602|0201,장산,부산 도시철도 2호선,부산광역시 부산교통공사,2,0,0,0,2,0
L48B1|0020,장신대,부산김해경전철,부산-김해경전철㈜,2,0,0,0,3,0
S2602|0218,전포,부산 도시철도 2호선,부산광역시 부산교통공사,2,0,0,0,3,0
I4103|1454,정부과천청사역,안산과천선,한국철도공사,2,0,0,0,2,0
I4105|1857,정자역,분당선,한국철도공사,2,0,0,0,1,0
I4101|0125,제기동,1호선,서울교통공사,2,0,0,0,2,0
I4101|0130,종로3가,1호선,서울교통공사,2,0,0,0,2,0
I1103|0329,종로3가,3호선,서울교통공사,2,0,0,0,4,0
I4101|0129,종로5가,1호선,서울교통공사,2,0,0,0,2,0
S2603|0307,종합운동장,부산 도시철도 3호선,부산광역시 부산교통공사,2,0,0,0,3,0
S1102|0218,종합운동장,2호선,서울교통공사,2,0,0,0,2,0
S2802|3218,주안,인천지하철 2호선,인천교통공사,2,0,0,0,3,0
S2802|3217,주안국가산단,인천지하철 2호선,인천교통공사,2,0,0,0,3,0
I4105|1862,죽전역,분당선,한국철도공사,2,0,0,0,2,0
S1107|0714,중계,7호선,서울교통공사,2,0,0,0,3,0
S1107|0724,중곡,7호선,서울교통공사,2,0,0,0,3,0
I1101|1822,중동역,경인선,한국철도공사,2,0,0,0,1,0
S2601|0112,중앙,부산 도시철도 1호선,부산광역시 부산교통공사,2,0,0,0,2,0
S2701|0131,중앙로,대구 도시철도 1호선,대구교통공사,2,0,0,0,3,0
S1107|0719,중화,7호선,서울교통공사,2,0,0,0,3,0
S2602|0215,지게골,부산 도시철도 2호선,부산광역시 부산교통공사,2,0,0,0,4,0
L48B1|0011,지내,부산김해경전철,부산-김해경전철㈜,2,0,0,0,3,0
S2703|0339,지산,대구 도시철도 3호선,대구교통공사,2,0,0,0,3,0
S2801|3135,지식정보단지,인천지하철 1호선,인천교통공사,2,0,0,0,2,0
S3001|121,지족,대전 도시철도 1호선,대전교통공사,2,0,0,0,2,0
I1103|0319,지축,3호선,서울교통공사,2,0,0,0,2,0
I1104|0412,창동,4호선,서울교통공사,2,0,0,0,3,0
S1106|0637,창신,6호선,서울교통공사,2,0,0,0,4,0
I41K2|1318,천마산역,경춘선,한국철도공사,2,0,0,0,1,0
S1107|0749,천왕,7호선,서울교통공사,2,0,0,0,2,0
S1105|0547,천호(풍납토성),5호선,서울교통공사,2,0,0,0,3,0
S1105|0537,청구,5호선,서울교통공사,2,0,0,0,4,0
I28A1|A071,청라국제도시,인천국제공항선,공항철도주식회사,2,0,0,0,1,0
S2703|0329,청라언덕(신남),대구 도시철도 3호선,대구교통공사,2,0,0,0,3,0
I4101|0124,청량리(서울시립대입구),1호선,서울교통공사,2,0,0,0,2,0
I4102|1014,청량리역,경원선,한국철도공사,4,0,0,0,1,0
I4108|1014,청량리역,경의중앙선,한국철도공사,4,0,0,0,1,0
I41K2|1321,청평역,경춘선,한국철도공사,4,0,0,0,1,0
S2603|0316,체육공원,부산 도시철도 3호선,부산광역시 부산교통공사,2,0,0,0,4,0
I1104|0432,총신대입구(이수),4호선,서울교통공사,2,0,0,0,2,0
I41K2|1329,춘천역,경춘선,한국철도공사,2,0,0,0,1,0
L2604|0405,충렬사,부산 경량도시철도 4호선,부산광역시 부산교통공사,2,0,0,0,3,0
I1103|0331,충무로,3호선,서울교통공사,2,0,0,0,4,0
I1104|0423,충무로,4호선,서울교통공사,2,0,0,0,3,0
S1102|0243,충정로(경기대입구),2호선,서울교통공사,2,0,0,0,3,0
S1105|0531,충정로(경기대입구),5호선,서울교통공사,2,0,0,0,5,0
S2703|0312,칠곡경대병원,대구 도시철도 3호선,대구교통공사,2,0,0,0,3,0
S2703|0316,칠곡운암,대구 도시철도 3호선,대구교통공사,2,0,0,0,2,0
S2801|3133,캠퍼스타운,인천지하철 1호선,인천교통공사,2,0,0,0,2,0
S1107|0717,태릉입구,7호선,서울교통공사,2,0,0,0,4,0
S2703|0318,태전,대구 도시철도 3호선,대구교통공사,2,0,0,0,2,0
I4105|1852,태평역,분당선,한국철도공사,2,0,0,0,2,0
S2801|3134,테크노파크,인천지하철 1호선,인천교통공사,2,0,0,0,2,0
I41K2|1314,퇴계원역,경춘선,한국철도공사,2,0,0,0,1,0
S3001|101,판암,대전 도시철도 1호선,대전교통공사,4,0,0,0,2,0
S2703|0314,팔거(국립농관원통계청),대구 도시철도 3호선,대구교통공사,4,0,0,0,3,0
S2703|0321,팔달,대구 도시철도 3호선,대구교통공사,2,0,0,0,2,0
S2703|0324,팔달시장,대구 도시철도 3호선,대구교통공사,2,0,0,0,3,0
L48B1|0008,평강,부산김해경전철,부산-김해경전철㈜,2,0,0,0,3,0
I41K2|1317,평내호평역,경춘선,한국철도공사,2,0,0,0,1,0
I4103|1456,평촌역,안산과천선,한국철도공사,2,0,0,0,3,0
I41WS|1274,풍산역,서해선,한국철도공사,2,0,0,0,2,0
S1107|0715,하계,7호선,서울교통공사,2,0,0,0,3,0
S2701|0149,하양(대구가톨릭대),대구 도시철도 1호선,대구교통공사,2,0,0,0,2,0
I1103|0346,학여울,3호선,서울교통공사,2,0,0,0,5,0
S2703|0313,학정,대구 도시철도 3호선,대구교통공사,2,0,0,0,3,0
I1104|0419,한성대입구(삼선교),4호선,서울교통공사,2,0,0,0,2,0
I4105|1024,한티역,분당선,한국철도공사,2,0,0,0,4,0
S1102|0238,합정,2호선,서울교통공사,2,0,0,0,2,0
S1106|0622,합정,6호선,서울교통공사,2,0,0,0,4,0
S2602|0203,해운대,부산 도시철도 2호선,부산광역시 부산교통공사,2,0,0,0,2,0
S1105|0539,행당,5호선,서울교통공사,2,0,0,0,5,0
S2602|0239,호포,부산 도시철도 2호선,부산광역시 부산교통공사,2,0,0,0,5,0
I28A1|A03,홍대입구,인천국제공항선,공항철도주식회사,2,0,0,0,4,0
S1102|0239,홍대입구,2호선,서울교통공사,2,0,0,0,2,0
I1103|0324,홍제,3호선,서울교통공사,2,0,0,0,3,0
S2701|0116,화원,대구 도시철도 1호선,대구교통공사,2,0,0,0,3,0
I4106|1952,화정역,일산선,한국철도공사,2,0,0,0,3,0
S2703|0337,황금,대구 도시철도 3호선,대구교통공사,2,0,0,0,3,0
I4102|1015,회기역,경원선,한국철도공사,6,0,0,0,1,0
I4108|1015,회기역,경의중앙선,한국철도공사,4,0,0,0,1,0
I4102|1905,회룡역,경원선,한국철도공사,2,0,0,0,3,0
I1104|0425,회현(남대문시장),4호선,서울교통공사,2,0,0,0,4,0
