source,target,역A,역B,거리_m,거리_실측_m,거리_직선_m,소요시간_s,평일운행횟수
I1101|1801,I1101|1802,개봉역,오류동역,1000,1000,1231,120,601
I1101|1801,I1101|1813,개봉역,구일역,1400,1400,954,90,599
I1101|1802,I1101|1821,오류동역,온수역,1300,1300,1881,150,527
I1101|1803,I1101|1821,역곡역,온수역,1900,1900,1307,90,476
I1101|1803,I1101|4804,역곡역,소사역,1300,1300,1434,120,476
I1101|1804,I1101|1822,부천역,중동역,1100,1100,1641,120,594
I1101|1804,I1101|4804,부천역,소사역,1500,1500,1145,90,476
I1101|1805,I1101|1815,송내역,부개역,1000,1000,1107,90,594
I1101|1805,I1101|1822,송내역,중동역,1700,1700,1014,90,595
I1101|1806,I1101|1807,부평역,백운역,1500,1500,1681,150,465
I1101|1806,I1101|1808,부평역,동암역,2812,,2812,,166
I1101|1806,I1101|1815,부평역,부개역,1200,1200,1413,120,482
I1101|1807,I1101|1808,백운역,동암역,1700,1700,1434,120,578
I1101|1808,I1101|1816,동암역,간석역,1500,1500,1089,120,586
I1101|1809,I1101|1816,주안역,간석역,1200,1200,1122,120,465
I1101|1809,I1101|1823,주안역,도화역,1200,1200,1088,90,465
I1101|1810,I1101|1817,제물포역,도원역,1000,1000,1281,90,628
I1101|1810,I1101|1823,제물포역,도화역,1000,1000,1000,90,584
I1101|1811,I1101|1812,동인천역,인천역,1200,1200,1386,210,351
I1101|1811,I1101|1817,동인천역,도원역,1400,1400,1178,90,592
I1101|1813,I4101|1701,구일역,구로역,1100,1100,1387,120,597
I1103|0319,I1103|0320,지축,구파발,1500,1500,1359,,124
I1103|0319,I4106|1950,지축,삼송역,1700,1700,1693,,124
I1103|0320,I1103|0321,구파발,연신내,2000,2000,1935,120,490
I1103|0321,I1103|0322,연신내,불광,1300,1300,1301,,
I1103|0321,S1106|0612,연신내,불광,1300,1300,1197,90,490
I1103|0321,S1106|0613,연신내,독바위,1400,1400,1068,,
I1103|0321,S1106|0615,연신내,구산,900,900,958,,
I1103|0322,I1103|0323,불광,녹번,1100,1100,1142,90,495
I1103|0322,S1106|0611,불광,역촌,800,800,797,,
I1103|0322,S1106|0613,불광,독바위,900,900,952,,
I1103|0323,I1103|0324,녹번,홍제,1600,1600,1526,120,985
I1103|0323,S1106|0612,녹번,불광,1100,1100,1245,90,490
I1103|0324,I1103|0325,홍제,무악재,900,900,870,90,985
I1103|0325,I1103|0326,무악재,독립문,1100,1100,1134,90,985
I1103|0326,I1103|0327,독립문,경복궁(정부서울청사),1600,1600,1389,120,991
I1103|0327,I1103|0328,경복궁(정부서울청사),안국,1100,1100,1051,90,991
I1103|0328,I1103|0329,안국,종로3가,1000,1000,792,,
I1103|0328,S1105|0534,안국,종로3가(탑골공원),1000,1000,626,,192
I1103|0329,I1103|0330,종로3가,을지로3가,600,600,586,,
I1103|0330,I1103|0331,을지로3가,충무로,700,700,564,,
I1103|0331,I1103|0332,충무로,동대입구,900,900,1012,,192
I1103|0331,S1102|0203,충무로,을지로3가,700,700,619,,192
I1103|0331,S1105|0536,충무로,동대문역사문화공원(DDP),1050,,1050,,237
I1103|0332,I1103|0333,동대입구,약수,700,700,702,,193
I1103|0333,I1103|0334,약수,금호,800,800,823,,191
I1103|0334,I1103|0335,금호,옥수,800,800,748,,191
I1103|0335,I1103|0336,옥수,압구정,2100,2100,1985,,191
I1103|0336,I1103|0337,압구정,신사,1500,1500,1304,120,493
I1103|0337,I1103|0338,신사,잠원,900,900,853,90,493
I1103|0338,I1103|0339,잠원,고속터미널,1200,1200,1071,,
I1103|0339,I1103|0340,고속터미널,교대(법원·검찰청),1600,1600,1537,,
I1103|0339,S1102|0223,고속터미널,교대(법원·검찰청),1600,1600,1483,,
I1103|0339,S1107|0733,고속터미널,반포,900,900,699,,
I1103|0339,S1107|0735,고속터미널,내방,2200,2200,2171,,
I1103|0340,I1103|0341,교대(법원·검찰청),남부터미널(예술의전당),900,900,929,,192
I1103|0341,I1103|0342,남부터미널(예술의전당),양재(서초구청),1800,1800,1584,,192
I1103|0341,S1102|0223,남부터미널(예술의전당),교대(법원·검찰청),900,900,1016,,192
I1103|0342,I1103|0343,양재(서초구청),매봉,1200,1200,1153,120,799
I1103|0343,I1103|0344,매봉,도곡,900,900,895,,191
I1103|0344,I1103|0345,도곡,대치,800,800,786,,191
I1103|0345,I1103|0346,대치,학여울,800,800,698,60,986
I1103|0346,I1103|0347,학여울,대청,900,900,842,90,986
I1103|0347,I1103|0348,대청,일원,1100,1100,1155,90,986
I1103|0348,I1103|0349,일원,수서,1800,1800,1618,,170
I1103|0349,I1103|0350,수서,가락시장,1400,1400,1491,,
I1103|0350,I1103|0351,가락시장,경찰병원,800,800,689,,163
I1103|0351,I1103|0352,경찰병원,오금,800,800,813,,
I1103|0351,S1105|P552,경찰병원,오금,800,800,783,,333
I1104|0409,I1104|0410,불암산,상계,1200,1200,1175,,457
I1104|0409,I4104|0408,불암산,별내별가람역,4400,4400,3281,,158
I1104|0410,I1104|0411,상계,노원,1200,1200,1003,90,950
I1104|0411,I1104|0412,노원,창동,1000,1000,1351,,224
I1104|0411,S1107|0712,노원,마들,1200,1200,1082,,
I1104|0411,S1107|0714,노원,중계,1100,1100,1250,,
I1104|0412,I1104|0413,창동,쌍문,1400,1400,1348,,225
I1104|0412,I4108|1019,창동,광운대역,3486,,3486,,8
I1104|0413,I1104|0414,쌍문,수유(강북구청),1300,1300,1416,120,1212
I1104|0414,I1104|0415,수유(강북구청),미아(서울사이버대학),1500,1500,1257,90,1212
I1104|0415,I1104|0416,미아(서울사이버대학),미아사거리,1400,1400,1504,,472
I1104|0416,I1104|0417,미아사거리,길음,1500,1500,1186,,472
I1104|0417,I1104|0418,길음,성신여대입구(돈암),1300,1300,1371,,236
I1104|0418,I1104|0419,성신여대입구(돈암),한성대입구(삼선교),1400,1400,1087,,236
I1104|0419,I1104|0420,한성대입구(삼선교),혜화,1000,1000,782,,474
I1104|0420,I1104|0421,혜화,동대문,900,900,1395,,474
I1104|0421,I1104|0422,동대문,동대문역사문화공원(DDP),1500,1500,663,,
I1104|0421,I4101|0129,동대문,종로5가,800,800,648,,244
I1104|0421,S1102|0205,동대문,동대문역사문화공원(DDP),700,700,599,,237
I1104|0421,S1106|0636,동대문,동묘앞,600,600,583,,244
I1104|0422,I1104|0423,동대문역사문화공원(DDP),충무로,700,700,1240,,
I1104|0423,I1104|0424,충무로,명동,1300,1300,733,,237
I1104|0423,S1102|0205,충무로,동대문역사문화공원(DDP),1300,1300,1364,,237
I1104|0424,I1104|0425,명동,회현(남대문시장),700,700,742,60,1218
I1104|0425,I1104|0426,회현(남대문시장),서울역,700,700,790,,236
I1104|0425,I4101|0133,회현(남대문시장),서울역,900,900,635,,238
I1104|0426,I1104|0427,서울역,숙대입구(갈월),900,900,934,,236
I1104|0427,I1104|0428,숙대입구(갈월),삼각지(전쟁기념관),1000,1000,1151,,236
I1104|0427,I4101|0133,숙대입구(갈월),서울역,1000,1000,1231,,236
I1104|0427,S1106|0628,숙대입구(갈월),삼각지(전쟁기념관),1200,1200,1039,,236
I1104|0428,I1104|0429,삼각지(전쟁기념관),신용산,1200,1200,748,60,976
I1104|0428,S1106|0627,삼각지(전쟁기념관),효창공원앞,1200,1200,1158,,
I1104|0428,S1106|0629,삼각지(전쟁기념관),녹사평(용산구청),1100,1100,1205,,
I1104|0429,I1104|0430,신용산,이촌(국립중앙박물관),700,700,903,,472
I1104|0429,S1106|0628,신용산,삼각지(전쟁기념관),700,700,899,,236
I1104|0430,I1104|0431,이촌(국립중앙박물관),동작(현충원),1300,1300,2176,,236
I1104|0431,I1104|0432,동작(현충원),총신대입구(이수),2700,2700,1794,,236
I1104|0432,I1104|0433,총신대입구(이수),사당,1800,1800,1253,,127
I1104|0432,S1102|0226,총신대입구(이수),사당,1100,1100,1223,,345
I1104|0433,I1104|0434,사당,남태령,1100,1100,1480,120,478
I1104|0434,I4103|1450,남태령,선바위역,2000,2000,1806,150,598
I1104|0434,S1102|0226,남태령,사당,2200,2200,1507,,125
I11D1|D004,I11D1|D005,신사,논현,700,700,575,,330
I11D1|D005,I11D1|D006,논현,신논현,800,800,781,,330
I11D1|D006,I11D1|D007,신논현,강남,900,900,850,,330
I11D1|D007,I11D1|D008,강남,양재(서초구청),1500,1500,1539,,330
I11D1|D008,I11D1|D009,양재(서초구청),양재시민의숲(매헌),1600,1600,1548,,330
I11D1|D009,I11D1|D010,양재시민의숲(매헌),청계산입구,2900,2900,2845,,330
I11D1|D010,I11D1|D011,청계산입구,판교,8200,8200,7743,,330
I11D1|D011,I11D1|D012,판교,정자,3100,3100,3069,,329
I11D1|D012,I11D1|D013,정자,미금,1800,1800,1894,120,615
I11D1|D013,I11D1|D014,미금,동천,1700,1700,1491,,324
I11D1|D014,I11D1|D015,동천,수지구청,2100,2100,1856,,324
I11D1|D015,I11D1|D016,수지구청,성복,1700,1700,1647,,324
I11D1|D016,I11D1|D017,성복,상현,2100,2100,1973,,324
I11D1|D017,I11D1|D018,상현,광교중앙(아주대),2300,2300,1932,,324
I11D1|D018,I11D1|D019,광교중앙(아주대),광교(경기대),2000,2000,1701,,324
I26K6|8001,I26K6|8002,부전역,거제해맞이역,2300,2300,2008,,
I26K6|8002,I26K6|8003,거제해맞이역,거제역,1000,1000,1052,,
I26K6|8003,I26K6|8004,거제역,교대역,700,700,666,,
I26K6|8004,I26K6|8005,교대역,동래역,1200,1200,1230,,
I26K6|8005,I26K6|8006,동래역,안락역,2362,,2362,90,189
I26K6|8006,I26K6|8015,안락역,부산원동역,1300,1300,1175,,
I26K6|8007,I26K6|8008,재송역,센텀역,1000,1000,1046,90,189
I26K6|8007,I26K6|8015,재송역,부산원동역,2300,2300,868,,
I26K6|8008,I26K6|8009,센텀역,벡스코역,1400,1400,1341,120,189
I26K6|8009,I26K6|8010,벡스코역,신해운대역,4500,4500,3870,,
I26K6|8010,I26K6|8011,신해운대역,송정역,2900,2900,2400,,
I26K6|8011,I26K6|8012,송정역,오시리아역,1100,1100,1094,,
I26K6|8012,I26K6|8013,오시리아역,기장역,5700,5700,5464,,
I26K6|8013,I26K6|8014,기장역,일광역,3000,3000,2854,180,189
I26K6|8014,I26K6|8016,일광역,좌천역,5300,5300,5046,270,189
I26K6|8016,I26K6|8017,좌천역,월내역,3400,3400,3381,210,189
I26K6|8017,I26K6|8018,월내역,서생역,2900,2900,2490,180,189
I26K6|8018,I26K6|8019,서생역,남창역,8500,8500,8242,420,189
I26K6|8019,I26K6|8020,남창역,망양역,4400,4400,4124,240,189
I26K6|8020,I26K6|8021,망양역,덕하역,4500,4500,4391,240,177
I26K6|8021,I26K6|8022,덕하역,개운포역,2400,2400,2244,150,177
I26K6|8022,I26K6|8023,개운포역,태화강역,4900,4900,4494,270,177
I27K7|7001,I27K7|7002,구미역,사곡역,4600,4600,4018,330,184
I27K7|7002,I27K7|7003,사곡역,북삼역,5200,5200,4828,300,184
I27K7|7003,I27K7|7004,북삼역,왜관역,9500,9500,8692,,
I27K7|7004,I27K7|7005,왜관역,서대구역,22900,22900,17553,,
I27K7|7005,I27K7|7006,서대구역,대구역,4200,4200,5084,330,92
I27K7|7006,I27K7|7007,대구역,동대구역,3200,3200,2971,,
I27K7|7007,I27K7|7008,동대구역,경산역,12300,12300,11138,,
I28A1|A01,I28A1|A02,서울,공덕,3300,3300,1967,,365
I28A1|A02,I28A1|A03,공덕,홍대입구,2800,2800,2776,,365
I28A1|A03,I28A1|A04,홍대입구,디지털미디어시티,3400,3400,3325,,365
I28A1|A04,I28A1|A042,디지털미디어시티,마곡나루,8600,8600,6335,,364
I28A1|A042,I28A1|A05,마곡나루,김포공항,2300,2300,2336,,364
I28A1|A05,I28A1|A06,김포공항,계양,6600,6600,5848,,364
I28A1|A06,I28A1|A07,계양,검암,5500,5500,5541,,364
I28A1|A07,I28A1|A071,검암,청라국제도시,4800,4800,4526,,274
I28A1|A071,I28A1|A072,청라국제도시,영종,10200,10200,10143,,274
I28A1|A072,I28A1|A08,영종,운서,3600,3600,3444,,274
I28A1|A08,I28A1|A09,운서,공항화물청사,4300,4300,4024,,274
I28A1|A09,I28A1|A10,공항화물청사,인천공항1터미널,2600,2600,2553,,274
I28A1|A10,I28A1|A11,인천공항1터미널,인천공항2터미널,5800,5800,2876,,274
I28A1|A10,S28M1|102,인천공항1터미널,장기주차장역,511,,511,,
I28K1|1755,I28K1|1756,한대앞역,중앙역,1600,1600,1486,120,307
I28K1|1755,I28K1|1877,한대앞역,사리역,1500,1500,2157,180,180
I28K1|1756,I28K1|1757,중앙역,고잔역,1400,1400,1368,90,431
I28K1|1756,I4103|1755,중앙역,한대앞역,1600,1600,1514,,124
I28K1|1757,I28K1|1758,고잔역,초지역,1500,1500,1556,120,307
I28K1|1757,I41WS|4813,고잔역,초지역,1500,1500,1379,,124
I28K1|1758,I28K1|1759,초지역,안산역,1800,1800,1697,120,307
I28K1|1759,I28K1|1760,안산역,능길역,2200,2200,2225,,
I28K1|1759,I41WS|4813,안산역,초지역,1800,1800,1872,,127
I28K1|1760,I28K1|1761,능길역,정왕역,2900,2900,2686,,
I28K1|1761,I28K1|1762,정왕역,오이도역,1400,1400,1174,150,402
I28K1|1762,I28K1|1878,오이도역,달월역,2100,2100,2118,150,263
I28K1|1873,I28K1|1874,고색역,오목천역,1600,1600,1681,120,180
I28K1|1873,I4105|1846,고색역,수원역(분당),2700,2700,2505,,
I28K1|1874,I28K1|1875,오목천역,어천역,5100,5100,4917,240,180
I28K1|1875,I28K1|1876,어천역,야목역,2600,2600,2518,150,180
I28K1|1876,I28K1|1877,야목역,사리역,4700,4700,4059,240,180
I28K1|1878,I28K1|1879,달월역,월곶역,1500,1500,1344,120,263
I28K1|1879,I28K1|1880,월곶역,소래포구역,1300,1300,1296,,
I28K1|1880,I28K1|1881,소래포구역,인천논현역,1000,1000,976,,
I28K1|1881,I28K1|1882,인천논현역,호구포역,1300,1300,1225,,
I28K1|1882,I28K1|1883,호구포역,남동인더스파크역,1300,1300,1336,,
I28K1|1883,I28K1|1884,남동인더스파크역,원인재역,1000,1000,962,,
I28K1|1884,I28K1|1885,원인재역,연수역,900,900,886,90,263
I28K1|1885,I28K1|1886,연수역,송도역,2700,2700,2539,180,263
I28K1|1886,I28K1|1888,송도역,인하대역,2400,2400,2095,120,263
I28K1|1888,I28K1|1889,인하대역,숭의역,1800,1800,1755,120,263
I28K1|1889,I28K1|1890,숭의역,신포역,1500,1500,1459,120,263
I28K1|1890,I28K1|1891,신포역,인천역,1100,1100,1080,,
I4101|0124,I4101|0125,청량리(서울시립대입구),제기동,1000,1000,923,,264
I4101|0125,I4101|0126,제기동,신설동,900,900,925,90,734
I4101|0125,S1121|2114,제기동,신설동,900,900,941,,
I4101|0126,I4101|0127,신설동,동묘앞,700,700,793,90,734
I4101|0127,I4101|0128,동묘앞,동대문,600,600,539,,232
I4101|0128,I4101|0129,동대문,종로5가,800,800,778,,240
I4101|0129,I4101|0130,종로5가,종로3가,900,900,866,,240
I4101|0129,S1105|0534,종로5가,종로3가(탑골공원),900,900,1024,,244
I4101|0130,I4101|0131,종로3가,종각,800,800,792,,240
I4101|0131,I4101|0132,종각,시청,1000,1000,761,120,956
I4101|0131,S1102|0201,종각,시청,1000,1000,1014,,244
I4101|0131,S1105|0534,종각,종로3가(탑골공원),800,800,697,,244
I4101|0132,I4101|0133,시청,서울역,1100,1100,1134,,
I4101|0132,I4108|1251,시청,서울역(경의선),1000,1000,1075,,240
I4101|0132,S1102|0202,시청,을지로입구,700,700,481,,
I4101|0133,I4101|1002,서울역,남영역,1698,,1698,,
I4101|0133,S1102|0201,서울역,시청,1100,1100,899,,
I4101|1002,I4101|1003,남영역,용산역,1700,1700,1317,120,1177
I4101|1003,I4101|1004,용산역,노량진역,1500,1500,2692,180,758
I4101|1004,I4101|1005,노량진역,대방역,2600,2600,1348,120,758
I4101|1005,I4101|1032,대방역,신길역,1500,1500,864,60,832
I4101|1006,I4101|1007,영등포역,신도림역,1000,1000,1592,120,945
I4101|1006,I4101|1032,영등포역,신길역,800,800,922,120,832
I4101|1007,I4101|1701,신도림역,구로역,1500,1500,1056,120,945
I4101|1701,I4101|1702,구로역,가산디지털단지역,1100,1100,2403,,153
I4101|1702,I4101|1714,가산디지털단지역,독산역,2400,2400,1835,,129
I4101|1703,I4101|1704,금천구청역,석수역,1200,1200,2394,,222
I4101|1703,I4101|1714,금천구청역,독산역,2000,2000,1215,,267
I4101|1703,I4101|1750,금천구청역,광명역,1900,1900,4506,,40
I4101|1704,I4101|1705,석수역,관악역,1900,1900,1818,120,603
I4101|1705,I4101|1706,관악역,안양역,1900,1900,2328,150,593
I4101|1706,I4101|1707,안양역,명학역,2400,2400,2256,150,593
I4101|1707,I4101|1708,명학역,금정역,2200,2200,1550,120,482
I4101|1708,I4101|1709,금정역,군포역,1400,1400,2076,180,482
I4101|1709,I4101|1729,군포역,당정역,2200,2200,1151,90,602
I4101|1710,I4101|1711,의왕역,성균관대역,2600,2600,3025,,236
I4101|1710,I4101|1729,의왕역,당정역,1600,1600,2528,120,602
I4101|1711,I4101|1712,성균관대역,화서역,2900,2900,2460,,220
I4101|1712,I4101|1713,화서역,수원역,2600,2600,2180,150,482
I4101|1713,I4101|1715,수원역,세류역,2100,2100,2746,180,482
I4101|1715,I4101|1716,세류역,병점역,2900,2900,4490,240,593
I4101|1716,I4101|1717,병점역,세마역,4300,4300,2346,150,355
I4101|1716,I4101|1749,병점역,서동탄역,4300,4300,2063,330,243
I4101|1717,I4101|1718,세마역,오산대역,2400,2400,2652,150,375
I4101|1717,I4101|1749,세마역,서동탄역,1205,,1205,,
I4101|1718,I4101|1719,오산대역,오산역,2700,2700,2680,210,355
I4101|1719,I4101|1720,오산역,진위역,2700,2700,3989,180,355
I4101|1720,I4101|1721,진위역,송탄역,4000,4000,3889,180,359
I4101|1721,I4101|1722,송탄역,서정리역,3800,3800,2108,150,355
I4101|1722,I4101|1723,서정리역,평택지제역,2200,2200,4462,,124
I4101|1723,I4101|1724,평택지제역,평택역,4800,4800,3421,,124
I4101|1724,I4101|1725,평택역,성환역,3700,3700,9096,390,405
I4101|1725,I4101|1726,성환역,직산역,9400,9400,5206,240,355
I4101|1726,I4101|1727,직산역,두정역,5400,5400,4154,270,355
I4101|1727,I4401|1728,두정역,천안역,3800,3800,2628,240,392
I4102|1003,I4102|1008,용산역,이촌역,1900,1900,1147,,
I4102|1003,I4108|1261,용산역,효창공원앞역,1500,1500,1013,,
I4102|1008,I4102|1009,이촌역,서빙고역,1900,1900,1321,,
I4102|1009,I4102|1010,서빙고역,한남역,1700,1700,2118,150,310
I4102|1010,I4102|1011,한남역,옥수역,1900,1900,1507,120,310
I4102|1011,I4102|1012,옥수역,응봉역,1600,1600,1799,120,310
I4102|1012,I4102|1013,응봉역,왕십리역,1800,1800,1295,120,155
I4102|1013,I4108|1014,왕십리역,청량리역,1400,1400,2191,210,156
I4102|1014,I4102|1015,청량리역,회기역,1400,1400,1330,180,20
I4102|1015,I4102|1016,회기역,외대앞역,800,800,882,,188
I4102|1015,I4108|1014,회기역,청량리역,2400,2400,1400,,
I4102|1015,I4108|1201,회기역,중랑역,1400,1400,1712,150,20
I4102|1016,I4102|1017,외대앞역,신이문역,800,800,713,60,990
I4102|1017,I4102|1018,신이문역,석계역,1400,1400,1495,120,493
I4102|1018,I4102|1019,석계역,광운대역,1100,1100,988,120,199
I4102|1019,I4102|1020,광운대역,월계역,1100,1100,1093,90,284
I4102|1020,I4102|1021,월계역,녹천역,1400,1400,1435,120,648
I4102|1021,I4102|1022,녹천역,창동역,1000,1000,1010,,
I4102|1022,I4102|1901,창동역,방학역,1700,1700,1616,,
I4102|1901,I4102|1902,방학역,도봉역,1300,1300,1335,90,644
I4102|1902,I4102|1903,도봉역,도봉산역,1200,1200,1131,90,320
I4102|1903,I4102|1904,도봉산역,망월사역,2300,2300,2326,150,320
I4102|1904,I4102|1905,망월사역,회룡역,1400,1400,1505,120,323
I4102|1905,I4102|1906,회룡역,의정부역,1600,1600,1639,150,330
I4102|1906,I4102|1907,의정부역,가능역,1200,1200,1081,120,507
I4102|1907,I4102|1908,가능역,녹양역,1300,1300,1241,90,509
I4102|1908,I4102|1909,녹양역,양주역,1600,1600,1667,120,507
I4102|1909,I4102|1910,양주역,덕계역,5300,5300,5056,,121
I4102|1910,I4102|1911,덕계역,덕정역,2900,2900,2752,180,323
I4102|1911,I4102|1912,덕정역,지행역,5600,5600,5488,270,338
I4102|1912,I4102|1913,지행역,동두천중앙역,1000,1000,1054,,136
I4102|1913,I4102|1914,동두천중앙역,보산역,1400,1400,1385,,123
I4102|1914,I4102|1915,보산역,동두천역,1600,1600,1493,120,325
I4102|1915,I4102|1916,동두천역,소요산역,2400,2400,2401,180,203
I4102|1916,I4102|1917,소요산역,청산역,5800,5800,5300,315,113
I4102|1917,I4102|1918,청산역,전곡역,3300,3300,3220,225,113
I4102|1918,I4102|1919,전곡역,연천역,8700,8700,8502,450,113
I4103|1450,I4103|1451,선바위역,경마공원역,900,900,1011,,252
I4103|1451,I4103|1452,경마공원역,대공원역,1000,1000,927,,252
I4103|1452,I4103|1453,대공원역,과천역,1000,1000,947,90,598
I4103|1453,I4103|1454,과천역,정부과천청사역,1000,1000,916,,252
I4103|1454,I4103|1455,정부과천청사역,인덕원역,3000,3000,2964,,252
I4103|1455,I4103|1456,인덕원역,평촌역,1600,1600,1411,,252
I4103|1456,I4103|1457,평촌역,범계역,1300,1300,1266,,252
I4103|1457,I4103|1708,범계역,금정역,2600,2600,2080,180,472
I4103|1708,I4103|1751,금정역,산본역,2300,2300,1813,240,476
I4103|1751,I4103|1763,산본역,수리산역,1100,1100,1081,90,600
I4103|1752,I4103|1753,대야미역,반월역,2000,2000,2147,120,601
I4103|1752,I4103|1763,대야미역,수리산역,2600,2600,2555,180,602
I4103|1753,I4103|1754,반월역,상록수역,3700,3700,3448,180,600
I4103|1754,I4103|1755,상록수역,한대앞역,1500,1500,1370,90,473
I4103|1755,I4103|1756,한대앞역,중앙역,1600,1600,1514,120,349
I4103|1756,I4103|1757,중앙역,고잔역,1400,1400,1368,90,349
I4103|1757,I4103|1758,고잔역,초지역,1500,1500,1556,120,349
I4103|1758,I4103|1759,초지역,안산역,1800,1800,1697,120,349
I4103|1759,I4103|1760,안산역,능길역,2200,2200,2225,,
I4103|1760,I4103|1761,능길역,정왕역,2900,2900,2686,,
I4103|1761,I4103|1762,정왕역,오이도역,1400,1400,1174,150,299
I4104|0405,I4104|0406,진접역,오남역,2100,2100,1958,150,434
I4104|0406,I4104|0408,오남역,별내별가람역,7700,7700,7846,,158
I4105|1013,I4105|1847,왕십리역,서울숲역,2200,2200,2002,180,569
I4105|1013,I4108|1014,왕십리역,청량리역,2400,2400,2256,,
I4105|1023,I4105|1024,선릉역,한티역,1100,1100,983,90,291
I4105|1023,I4105|1850,선릉역,선정릉역,700,700,838,,
I4105|1024,I4105|1025,한티역,도곡역,700,700,629,60,291
I4105|1025,I4105|1026,도곡역,구룡역,600,600,567,60,291
I4105|1026,I4105|1027,구룡역,개포동역,700,700,623,90,582
I4105|1027,I4105|1028,개포동역,대모산입구역,600,600,639,,
I4105|1028,I4105|1030,대모산입구역,수서역,3200,3200,2541,,
I4105|1030,I4105|1031,수서역,복정역,3200,3200,3003,,
I4105|1031,I4105|1851,복정역,가천대역,2400,2400,2332,150,291
I4105|1846,I4105|1872,수원역(분당),매교역,1500,1500,1380,,
I4105|1847,I4105|1848,서울숲역,압구정로데오역,1900,1900,1845,,
I4105|1848,I4105|1849,압구정로데오역,강남구청역,1200,1200,1206,,
I4105|1849,I4105|1850,강남구청역,선정릉역,700,700,672,,
I4105|1851,I4105|1852,가천대역,태평역,1000,1000,999,90,582
I4105|1852,I4105|1853,태평역,모란역,900,900,866,90,291
I4105|1853,I4105|1854,모란역,야탑역,2300,2300,2314,150,291
I4105|1854,I4105|1860,야탑역,이매역,1700,1700,1721,120,291
I4105|1855,I4105|1856,서현역,수내역,1100,1100,1076,90,582
I4105|1855,I4105|1860,서현역,이매역,1400,1400,1292,90,291
I4105|1856,I4105|1857,수내역,정자역,1600,1600,1481,120,291
I4105|1857,I4105|1858,정자역,미금역,1800,1800,1776,120,291
I4105|1858,I4105|1859,미금역,오리역,1100,1100,1139,90,291
I4105|1859,I4105|1862,오리역,죽전역,1800,1800,1702,180,582
I4105|1861,I4105|1862,보정역,죽전역,1300,1300,1318,120,362
I4105|1861,I4105|1863,보정역,구성역,1600,1600,1543,120,362
I4105|1863,I4105|1864,구성역,신갈역,1600,1600,1517,120,362
I4105|1864,I4105|1865,신갈역,기흥역,1400,1400,1234,120,362
I4105|1865,I4105|1866,기흥역,상갈역,1900,1900,1669,120,362
I4105|1866,I4105|1867,상갈역,청명역,2800,2800,2647,180,362
I4105|1867,I4105|1868,청명역,영통역,1100,1100,1112,90,362
I4105|1868,I4105|1869,영통역,망포역,1500,1500,1391,120,362
I4105|1869,I4105|1870,망포역,매탄권선역,1800,1800,1641,,
I4105|1870,I4105|1871,매탄권선역,수원시청역,1400,1400,1382,,
I4105|1871,I4105|1872,수원시청역,매교역,1400,1400,1392,,
I4106|1948,I4106|1950,원흥역,삼송역,2100,2100,1983,120,660
I4106|1948,I4106|1951,원흥역,원당역,2900,2900,2685,150,660
I4106|1949,I4106|1950,지축역,삼송역,1694,,1694,150,491
I4106|1951,I4106|1952,원당역,화정역,2600,2600,2241,180,660
I4106|1952,I4106|1953,화정역,대곡역,2100,2100,1922,,132
I4106|1952,I41WS|1953,화정역,대곡역,2100,2100,2028,,132
I4106|1953,I4106|1954,대곡역,백석역,2500,2500,2380,,132
I4106|1954,I4106|1955,백석역,마두역,1400,1400,1378,120,660
I4106|1954,I41WS|1953,백석역,대곡역,2500,2500,2289,,132
I4106|1955,I4106|1956,마두역,정발산역,900,900,921,90,660
I4106|1956,I4106|1957,정발산역,주엽역,1600,1600,1570,120,660
I4106|1957,I4106|1958,주엽역,대화역,1400,1400,1347,120,660
I4108|1014,I4108|1015,청량리역,회기역,1417,,1417,180,304
I4108|1015,I4108|1201,회기역,중랑역,1704,,1704,150,324
I4108|1201,I4108|1202,중랑역,상봉역,800,800,852,90,324
I4108|1202,I4108|1203,상봉역,망우역,800,800,659,90,304
I4108|1202,I41K2|1203,상봉역,망우역,600,600,675,90,186
I4108|1203,I4108|1204,망우역,양원역,600,600,1287,,
I4108|1204,I4108|1205,양원역,구리역,1700,1700,3238,,
I4108|1205,I4108|1206,구리역,도농역,3200,3200,1677,150,304
I4108|1206,I4108|1207,도농역,양정역,1700,1700,2993,,
I4108|1207,I4108|1208,양정역,덕소역,3700,3700,2303,,
I4108|1208,I4108|1209,덕소역,도심역,2300,2300,1472,120,186
I4108|1209,I4108|1210,도심역,팔당역,4200,4200,4045,240,186
I4108|1210,I4108|1211,팔당역,운길산역,4200,4200,5892,300,166
I4108|1211,I4108|1212,운길산역,양수역,1900,1900,1921,120,166
I4108|1212,I4108|1213,양수역,신원역,1900,1900,4461,240,166
I4108|1213,I4108|1214,신원역,국수역,4700,4700,2589,180,166
I4108|1214,I4108|1215,국수역,아신역,2900,2900,3874,210,166
I4108|1215,I4108|1216,아신역,오빈역,4100,4100,2856,180,166
I4108|1216,I4108|1217,오빈역,양평역,2800,2800,2164,150,166
I4108|1217,I4108|1218,양평역,원덕역,5800,5800,5590,330,166
I4108|1218,I4108|1219,원덕역,용문역,5800,5800,4393,270,166
I4108|1219,I4108|1220,용문역,지평역,5800,5800,3188,270,23
I4108|1251,I4108|1252,서울역(경의선),신촌역,3100,3100,2586,330,78
I4108|1251,S1102|0201,서울역(경의선),시청,832,,832,,7
I4108|1252,I4108|1265,신촌역,가좌역,1700,1700,2613,180,78
I4108|1261,I4108|1262,효창공원앞역,공덕역,1000,1000,1000,,
I4108|1262,I4108|1263,공덕역,서강대역,1900,1900,1810,150,303
I4108|1263,I4108|1264,서강대역,홍대입구역,900,900,967,,
I4108|1264,I4108|1265,홍대입구역,가좌역,1700,1700,1619,,
I4108|1265,I4108|1266,가좌역,디지털미디어시티역,1700,1700,1642,,
I4108|1266,I4108|1267,디지털미디어시티역,수색역,600,600,527,,
I4108|1267,I4108|1268,수색역,한국항공대,3400,3400,3456,,
I4108|1268,I4108|1269,한국항공대,강매역,2400,2400,2334,,
I4108|1269,I4108|1270,강매역,행신역,1000,1000,923,90,377
I4108|1270,I4108|1271,행신역,능곡역,1500,1500,1374,150,377
I4108|1271,I4108|1953,능곡역,대곡역,1800,1800,1713,150,370
I4108|1272,I4108|1273,곡산역,백마역,1600,1600,1550,120,346
I4108|1272,I4108|1953,곡산역,대곡역,1700,1700,1732,150,346
I4108|1273,I4108|1274,백마역,풍산역,1700,1700,1693,120,346
I4108|1274,I4108|1275,풍산역,일산역,1900,1900,1856,120,346
I4108|1275,I4108|1276,일산역,탄현역,1700,1700,1516,120,332
I4108|1276,I4108|1277,탄현역,야당역,2000,2000,2073,120,332
I4108|1277,I4108|1278,야당역,운정역,3100,3100,1493,90,332
I4108|1278,I4108|1279,운정역,금릉역,3100,3100,2879,180,332
I4108|1279,I4108|1280,금릉역,금촌역,2100,2100,1831,120,332
I4108|1280,I4108|1282,금촌역,월롱역,4100,4100,3704,210,332
I4108|1282,I4108|1283,월롱역,파주역,2200,2200,2134,150,332
I4108|1283,I4108|1284,파주역,문산역,4400,4400,4377,210,332
I4108|1284,I4108|1286,문산역,운천역,2300,2300,3233,360,8
I4108|1285,I4108|1286,임진강역,운천역,6000,6000,2217,240,8
I41K2|1203,I41K2|1311,망우역,신내역,2600,2600,1740,150,206
I41K2|1311,I41K2|1312,신내역,갈매역,2600,2600,2575,180,206
I41K2|1312,I41K2|1313,갈매역,별내역,1500,1500,1415,90,206
I41K2|1313,I41K2|1314,별내역,퇴계원역,1600,1600,1615,120,206
I41K2|1314,I41K2|1315,퇴계원역,사릉역,3300,3300,2921,180,206
I41K2|1315,I41K2|1316,사릉역,금곡역,3600,3600,3135,180,206
I41K2|1316,I41K2|1317,금곡역,평내호평역,4000,4000,3665,,
I41K2|1317,I41K2|1318,평내호평역,천마산역,4000,4000,3690,,
I41K2|1318,I41K2|1319,천마산역,마석역,2200,2200,2404,120,199
I41K2|1319,I41K2|1320,마석역,대성리역,7400,7400,6898,330,182
I41K2|1320,I41K2|1321,대성리역,청평역,7500,7500,7089,360,182
I41K2|1321,I41K2|1322,청평역,상천역,4800,4800,4572,240,182
I41K2|1322,I41K2|1323,상천역,가평역,7100,7100,6986,330,182
I41K2|1323,I41K2|1324,가평역,굴봉산역,4700,4700,4570,240,182
I41K2|1324,I41K2|1325,굴봉산역,백양리역,2900,2900,2757,180,182
I41K2|1325,I41K2|1326,백양리역,강촌역,5300,5300,4840,270,182
I41K2|1326,I41K2|1327,강촌역,김유정역,7400,7400,7191,330,182
I41K2|1327,I41K2|1328,김유정역,남춘천역,5900,5900,5138,300,182
I41K2|1328,I41K2|1329,남춘천역,춘천역,2700,2700,2345,180,182
I41K5|1501,I41K5|1512,판교역,성남역,500,500,738,,
I41K5|1502,I41K5|1503,이매역,삼동역,6900,6900,6926,,
I41K5|1502,I41K5|1512,이매역,성남역,800,800,668,,
I41K5|1503,I41K5|1504,삼동역,경기광주역,6900,6900,4527,,
I41K5|1504,I41K5|1505,경기광주역,초월역,4900,4900,5019,,
I41K5|1505,I41K5|1506,초월역,곤지암역,5000,5000,4809,240,220
I41K5|1506,I41K5|1507,곤지암역,신둔도예촌역,4900,4900,6515,,
I41K5|1507,I41K5|1508,신둔도예촌역,이천역,6800,6800,6569,,
I41K5|1508,I41K5|1509,이천역,부발역,7800,7800,4284,210,220
I41K5|1509,I41K5|1510,부발역,세종대왕릉역,4500,4500,8021,,
I41K5|1510,I41K5|1511,세종대왕릉역,여주역,8300,8300,5252,,
I41WS|1271,I41WS|1953,능곡역,대곡역,1800,1800,1720,150,320
I41WS|1271,I41WS|1980,능곡역,김포공항역,7500,7500,6463,,
I41WS|1272,I41WS|1273,곡산역,백마역,1600,1600,1550,120,124
I41WS|1272,I41WS|1953,곡산역,대곡역,1700,1700,1716,180,124
I41WS|1273,I41WS|1274,백마역,풍산역,1700,1700,1693,120,124
I41WS|1274,I41WS|1275,풍산역,일산역,1900,1900,1856,120,124
I41WS|1980,I41WS|1981,김포공항역,원종역,4300,4300,4232,,
I41WS|1981,I41WS|1982,원종역,부천종합운동장역,2100,2100,2126,,
I41WS|1982,I41WS|4804,부천종합운동장역,소사역,2577,,2577,,
I41WS|1982,S1107|3753,부천종합운동장역,까치울,2200,2200,1187,,
I41WS|1982,S1107|3755,부천종합운동장역,춘의,1200,1200,952,,
I41WS|4804,I41WS|4805,소사역,소새울역,1596,,1596,,
I41WS|4805,I41WS|4806,소새울역,시흥대야역,2037,,2037,,
I41WS|4806,I41WS|4807,시흥대야역,신천역,1381,,1381,,
I41WS|4807,I41WS|4808,신천역,신현역,3334,,3334,,
I41WS|4808,I41WS|4809,신현역,시흥시청역,3472,,3472,,
I41WS|4809,I41WS|4810,시흥시청역,시흥능곡역,1291,,1291,,
I41WS|4810,I41WS|4811,시흥능곡역,달미역,2335,,2335,,
I41WS|4811,I41WS|4812,달미역,선부역,1603,,1603,150,320
I41WS|4812,I41WS|4813,선부역,초지역,1622,,1622,,
I41WS|4813,I41WS|4814,초지역,시우역,1355,,1355,,
I41WS|4814,I41WS|4815,시우역,원시역,1394,,1394,150,320
I4401|1401,I4401|1402,봉명역,쌍용(나사렛대)역,1300,1300,1591,,84
I4401|1401,I4401|1728,봉명역,천안역,3100,3100,1317,120,204
I4401|1402,I4401|1403,쌍용(나사렛대)역,아산역,1600,1600,1522,,84
I4401|1403,I4401|1404,아산역,탕정역,1600,1600,1828,150,204
I4401|1404,I4401|1405,탕정역,배방역,1800,1800,3065,180,204
I4401|1405,I4401|1407,배방역,온양온천역,3100,3100,4380,,84
I4401|1407,I4401|1408,온양온천역,신창(순천향대)역,4900,4900,4932,,74
L11SL|S401,L11SL|S402,샛강,대방,606,,606,,374
L11SL|S402,L11SL|S403,대방,서울지방병무청,788,,788,,374
L11SL|S403,L11SL|S404,서울지방병무청,보라매,669,,669,,374
L11SL|S404,L11SL|S405,보라매,보라매공원,599,,599,,374
L11SL|S405,L11SL|S406,보라매공원,보라매병원,557,,557,,374
L11SL|S406,L11SL|S407,보라매병원,당곡,459,,459,,384
L11SL|S407,L11SL|S408,당곡,신림,600,,600,,384
L11SL|S408,L11SL|S409,신림,서원,802,,802,,384
L11SL|S409,L11SL|S410,서원,서울대벤처타운,696,,696,,384
L11SL|S410,L11SL|S411,서울대벤처타운,관악산,1020,,1020,,384
L11UI|S110,L11UI|S111,북한산우이,솔밭공원,800,800,754,,516
L11UI|S111,L11UI|S112,솔밭공원,4.19민주묘지,700,700,727,,
L11UI|S112,L11UI|S113,4.19민주묘지,가오리,900,900,922,,
L11UI|S113,L11UI|S114,가오리,화계,800,800,818,,516
L11UI|S114,L11UI|S115,화계,삼양,800,800,805,,516
L11UI|S115,L11UI|S116,삼양,삼양사거리,700,700,657,,516
L11UI|S116,L11UI|S117,삼양사거리,솔샘,800,800,621,,516
L11UI|S117,L11UI|S118,솔샘,북한산보국문,1200,1200,1013,,516
L11UI|S118,L11UI|S119,북한산보국문,정릉,1200,1200,1160,,516
L11UI|S119,L11UI|S120,정릉,성신여대입구,1200,1200,1179,,516
L11UI|S120,L11UI|S121,성신여대입구,보문,900,900,813,,516
L11UI|S121,L11UI|S122,보문,신설동,1000,1000,1048,,516
L2604|0401,L2604|0402,미남,동래,1100,1100,817,,310
L2604|0402,L2604|0403,동래,수안,700,700,659,,310
L2604|0402,S2601|0124,동래,교대,800,800,1010,,
L2604|0402,S2601|0126,동래,명륜,1100,1100,861,,
L2604|0402,S2603|0309,동래,미남,700,700,855,,
L2604|0403,L2604|0404,수안,낙민,700,700,660,,310
L2604|0404,L2604|0405,낙민,충렬사,700,700,625,,310
L2604|0405,L2604|0406,충렬사,명장,1000,1000,679,,310
L2604|0406,L2604|0407,명장,서동,800,800,1074,,310
L2604|0407,L2604|0408,서동,금사,900,900,735,,310
L2604|0408,L2604|0409,금사,반여농산물시장,1200,1200,828,,310
L2604|0409,L2604|0410,반여농산물시장,석대,1400,1400,1200,,310
L2604|0410,L2604|0411,석대,영산대,1100,1100,1170,,310
L2604|0411,L2604|0412,영산대,윗반송,800,800,1033,,310
L2604|0412,L2604|0413,윗반송,고촌,1100,1100,707,,310
L2604|0413,L2604|0414,고촌,안평,1100,1100,1039,,310
L41E1|Y110,L41E1|Y111,기흥(백남준아트센터),강남대,1000,1000,991,,132
L41E1|Y111,L41E1|Y112,강남대,지석,1100,1100,909,,132
L41E1|Y112,L41E1|Y113,지석,어정,900,900,876,,132
L41E1|Y113,L41E1|Y114,어정,동백(용인세브란스),1200,1200,1024,,132
L41E1|Y114,L41E1|Y115,동백(용인세브란스),초당,1100,1100,1100,,132
L41E1|Y115,L41E1|Y116,초당,삼가,2600,2600,2223,,132
L41E1|Y116,L41E1|Y117,삼가,시청·용인대,991,,991,,132
L41E1|Y117,L41E1|Y118,시청·용인대,명지대,1021,,1021,,132
L41E1|Y118,L41E1|Y119,명지대,김량장,800,800,741,,132
L41E1|Y119,L41E1|Y120,김량장,용인중앙시장(용인예술과학대),1000,1000,927,,132
L41E1|Y120,L41E1|Y121,용인중앙시장(용인예술과학대),고진,900,900,875,,132
L41E1|Y121,L41E1|Y122,고진,보평,1800,1800,1638,,132
L41E1|Y122,L41E1|Y123,보평,둔전,1000,1000,1012,,132
L41E1|Y123,L41E1|Y124,둔전,전대·에버랜드,2089,,2089,,132
L41G1|G100,L41G1|G101,양촌역,구래역,1284,,1284,,201
L41G1|G101,L41G1|G102,구래역,마산역,1459,,1459,,517
L41G1|G102,L41G1|G103,마산역,장기역,2239,,2239,,517
L41G1|G103,L41G1|G104,장기역,운양역,1703,,1703,,518
L41G1|G104,L41G1|G105,운양역,걸포북변역,3135,,3135,,518
L41G1|G105,L41G1|G106,걸포북변역,사우역,1757,,1757,,518
L41G1|G106,L41G1|G107,사우역,풍무역,1442,,1442,,518
L41G1|G107,L41G1|G108,풍무역,고촌역,3549,,3549,,518
L41G1|G108,L41G1|G109,고촌역,김포공항역,5142,,5142,,460
L41U1|U110,L41U1|U111,발곡,회룡,800,800,578,,439
L41U1|U111,L41U1|U112,회룡,범골,600,600,490,,439
L41U1|U112,L41U1|U113,범골,경전철의정부,900,900,954,,439
L41U1|U113,L41U1|U114,경전철의정부,의정부시청,900,900,775,,439
L41U1|U114,L41U1|U115,의정부시청,흥선,600,600,487,,439
L41U1|U115,L41U1|U117,흥선,의정부중앙,1100,1100,1097,,439
L41U1|U117,L41U1|U118,의정부중앙,동오,700,700,671,,439
L41U1|U118,L41U1|U119,동오,새말,700,700,729,,439
L41U1|U119,L41U1|U120,새말,경기도청북부청사,700,700,699,,439
L41U1|U120,L41U1|U121,경기도청북부청사,효자,600,600,628,,439
L41U1|U121,L41U1|U122,효자,곤제,700,700,691,,439
L41U1|U122,L41U1|U123,곤제,어룡,900,900,878,,439
L41U1|U123,L41U1|U124,어룡,송산,600,600,644,,439
L41U1|U124,L41U1|U125,송산,탑석,400,400,427,,439
L48B1|0001,L48B1|0002,사상,괘법르네시떼,758,,758,,394
L48B1|0002,L48B1|0003,괘법르네시떼,서부산유통지구,2101,,2101,,394
L48B1|0003,L48B1|0004,서부산유통지구,공항,838,,838,,394
L48B1|0004,L48B1|0005,공항,덕두,1233,,1233,,394
L48B1|0005,L48B1|0006,덕두,등구,1790,,1790,,394
L48B1|0006,L48B1|0007,등구,대저,1902,,1902,,394
L48B1|0007,L48B1|0008,대저,평강,892,,892,,394
L48B1|0008,L48B1|0009,평강,대사,1194,,1194,,394
L48B1|0009,L48B1|0010,대사,불암,1079,,1079,,394
L48B1|0010,L48B1|0011,불암,지내,704,,704,,394
L48B1|0011,L48B1|0012,지내,김해대학,755,,755,,394
L48B1|0012,L48B1|0013,김해대학,인제대,1264,,1264,,394
L48B1|0013,L48B1|0014,인제대,김해시청,1035,,1035,,394
L48B1|0014,L48B1|0015,김해시청,부원,596,,596,,394
L48B1|0015,L48B1|0016,부원,봉황,876,,876,,394
L48B1|0016,L48B1|0017,봉황,수로왕릉,648,,648,,394
L48B1|0017,L48B1|0018,수로왕릉,박물관,806,,806,,394
L48B1|0018,L48B1|0019,박물관,연지공원,1092,,1092,,394
L48B1|0019,L48B1|0020,연지공원,장신대,1118,,1118,,394
L48B1|0020,L48B1|0021,장신대,가야대,819,,819,,394
S1102|0201,S1102|0202,시청,을지로입구,699,,699,,479
S1102|0201,S1102|0243,시청,충정로(경기대입구),1100,1100,1042,,479
S1102|0201,S1105|0531,시청,충정로(경기대입구),1100,1100,1167,,
S1102|0202,S1102|0203,을지로입구,을지로3가,800,800,733,,479
S1102|0203,S1102|0204,을지로3가,을지로4가,600,600,596,,479
S1102|0203,S1105|0534,을지로3가,종로3가(탑골공원),600,600,696,,192
S1102|0204,S1102|0205,을지로4가,동대문역사문화공원(DDP),1000,1000,1016,,479
S1102|0204,S1105|0536,을지로4가,동대문역사문화공원(DDP),1000,1000,712,,
S1102|0205,S1102|0206,동대문역사문화공원(DDP),신당,900,900,912,,479
S1102|0206,S1102|0207,신당,상왕십리,900,900,883,,479
S1102|0207,S1102|0208,상왕십리,왕십리(성동구청),800,800,767,,479
S1102|0207,S1105|0540,상왕십리,왕십리(성동구청),800,800,752,,
S1102|0207,S1106|0635,상왕십리,신당,900,900,1176,,
S1102|0208,S1102|0209,왕십리(성동구청),한양대,1000,1000,846,,479
S1102|0208,S1105|0539,왕십리(성동구청),행당,900,900,802,,
S1102|0208,S1105|0541,왕십리(성동구청),마장,700,700,741,,
S1102|0209,S1102|0210,한양대,뚝섬,1100,1100,1010,,479
S1102|0209,S1105|0540,한양대,왕십리(성동구청),1000,1000,892,,
S1102|0210,S1102|0211,뚝섬,성수,800,800,807,,479
S1102|0211,S1102|0212,성수,건대입구,1200,1200,1259,,479
S1102|0211,S1121|2111,성수,용답,800,800,1991,,226
S1102|0212,S1102|0213,건대입구,구의(광진구청),1600,1600,1540,,479
S1102|0213,S1102|0214,구의(광진구청),강변(동서울터미널),900,900,779,,479
S1102|0214,S1102|0215,강변(동서울터미널),잠실나루,1800,1800,1800,,479
S1102|0215,S1102|0216,잠실나루,잠실(송파구청),1000,1000,884,,479
S1102|0215,S1108|0814,잠실나루,잠실(송파구청),1000,1000,673,,
S1102|0216,S1102|0217,잠실(송파구청),잠실새내,1200,1200,1240,,479
S1102|0217,S1102|0218,잠실새내,종합운동장,1200,1200,1094,,479
S1102|0217,S1108|0814,잠실새내,잠실(송파구청),1200,1200,1626,,
S1102|0218,S1102|0219,종합운동장,삼성(무역센터),1000,1000,973,,479
S1102|0219,S1102|0220,삼성(무역센터),선릉,1300,1300,1420,,479
S1102|0220,S1102|0221,선릉,역삼,1200,1200,1111,,479
S1102|0220,S1109|4127,선릉,선정릉,775,,775,90,291
S1102|0221,S1102|0222,역삼,강남,800,800,802,,479
S1102|0222,S1102|0223,강남,교대(법원·검찰청),1200,1200,1277,,479
S1102|0223,S1102|0224,교대(법원·검찰청),서초,700,700,637,,479
S1102|0224,S1102|0225,서초,방배,1700,1700,1461,,479
S1102|0225,S1102|0226,방배,사당,1600,1600,1514,,479
S1102|0226,S1102|0227,사당,낙성대(강감찬),1700,1700,1594,,479
S1102|0227,S1102|0228,낙성대(강감찬),서울대입구(관악구청),1000,1000,1060,,479
S1102|0228,S1102|0229,서울대입구(관악구청),봉천,1000,1000,984,,479
S1102|0229,S1102|0230,봉천,신림,1100,1100,1088,,479
S1102|0230,S1102|0231,신림,신대방,1800,1800,1469,,479
S1102|0231,S1102|0232,신대방,구로디지털단지,1100,1100,1092,,479
S1102|0232,S1102|0233,구로디지털단지,대림(구로구청),1100,1100,1056,,479
S1102|0232,S1107|0744,구로디지털단지,대림(구로구청),1100,1100,941,,
S1102|0233,S1102|0234,대림(구로구청),신도림,1800,1800,1759,,479
S1102|0234,S1102|0235,신도림,문래,1200,1200,1067,,479
S1102|0234,S1107|0744,신도림,대림(구로구청),1800,1800,1833,,
S1102|0234,S1122|2341,신도림,도림천,1800,1800,994,,220
S1102|0235,S1102|0236,문래,영등포구청,900,900,880,,479
S1102|0235,S1105|0523,문래,영등포구청,900,900,692,,
S1102|0236,S1102|0237,영등포구청,당산,1100,1100,1135,,479
S1102|0237,S1102|0238,당산,합정,2000,2000,1993,,479
S1102|0237,S1105|0523,당산,영등포구청,1100,1100,1355,,
S1102|0237,S1106|0622,당산,합정,2000,2000,1853,,
S1102|0238,S1102|0239,합정,홍대입구,1100,1100,1096,,479
S1102|0238,S1106|0621,합정,망원,800,800,774,,
S1102|0238,S1106|0623,합정,상수,800,800,781,,
S1102|0239,S1102|0240,홍대입구,신촌(지하),1300,1300,1181,,479
S1102|0239,S1106|0622,홍대입구,합정,1100,1100,1236,,
S1102|0240,S1102|0241,신촌(지하),이대,800,800,813,,479
S1102|0241,S1102|0242,이대,아현,900,900,901,,479
S1102|0242,S1102|0243,아현,충정로(경기대입구),800,800,783,,479
S1102|0242,S1105|0531,아현,충정로(경기대입구),800,800,661,,
S1105|0510,S1105|0511,방화,개화산,900,900,783,,395
S1105|0511,S1105|0512,개화산,김포공항,1200,1200,1245,,395
S1105|0512,S1105|0513,김포공항,송정,1200,1200,956,,395
S1105|0513,S1105|0514,송정,마곡,1100,1100,1189,,395
S1105|0514,S1105|0515,마곡,발산,1200,1200,1084,,395
S1105|0515,S1105|0516,발산,우장산,1100,1100,1099,,395
S1105|0516,S1105|0517,우장산,화곡,1000,1000,887,,395
S1105|0517,S1105|0518,화곡,까치산,1200,1200,1171,,396
S1105|0518,S1105|0519,까치산,신정(은행정),1300,1300,1173,,396
S1105|0518,S1122|2343,까치산,신정네거리,1900,1900,1447,,222
S1105|0519,S1105|0520,신정(은행정),목동,800,800,726,,396
S1105|0520,S1105|0521,목동,오목교(목동운동장앞),900,900,963,,396
S1105|0521,S1105|0522,오목교(목동운동장앞),양평,1000,1000,988,,396
S1105|0522,S1105|0523,양평,영등포구청,800,800,796,,396
S1105|0523,S1105|0524,영등포구청,영등포시장,900,900,907,,396
S1105|0524,S1105|0525,영등포시장,신길,1100,1100,1031,,396
S1105|0525,S1105|0526,신길,여의도,1000,1000,946,,396
S1105|0526,S1105|0527,여의도,여의나루,1000,1000,957,,396
S1105|0527,S1105|0528,여의나루,마포,1800,1800,1830,,396
S1105|0528,S1105|0529,마포,공덕,800,800,650,,396
S1105|0529,S1105|0530,공덕,애오개,1100,1100,1178,,396
S1105|0529,S1106|0625,공덕,대흥(서강대앞),900,900,883,,
S1105|0529,S1106|0627,공덕,효창공원앞,900,900,1048,,
S1105|0530,S1105|0531,애오개,충정로(경기대입구),900,900,895,,396
S1105|0531,S1105|0532,충정로(경기대입구),서대문,700,700,724,,396
S1105|0532,S1105|0533,서대문,광화문(세종문화회관),1100,1100,1089,,396
S1105|0533,S1105|0534,광화문(세종문화회관),종로3가(탑골공원),1200,1200,1227,,396
S1105|0534,S1105|0535,종로3가(탑골공원),을지로4가,1000,1000,895,,396
S1105|0535,S1105|0536,을지로4가,동대문역사문화공원(DDP),900,900,698,,396
S1105|0536,S1105|0537,동대문역사문화공원(DDP),청구,900,900,895,,396
S1105|0536,S1106|0634,동대문역사문화공원(DDP),청구,900,900,895,,
S1105|0536,S1106|0635,동대문역사문화공원(DDP),신당,900,900,969,,
S1105|0537,S1105|0538,청구,신금호,900,900,864,,396
S1105|0538,S1105|0539,신금호,행당,900,900,858,,396
S1105|0538,S1106|0634,신금호,청구,900,900,863,,
S1105|0539,S1105|0540,행당,왕십리(성동구청),900,900,861,,396
S1105|0540,S1105|0541,왕십리(성동구청),마장,700,700,675,,398
S1105|0541,S1105|0542,마장,답십리,1000,1000,863,,398
S1105|0542,S1105|0543,답십리,장한평,1200,1200,1211,,398
S1105|0543,S1105|0544,장한평,군자(능동),1500,1500,1404,,398
S1105|0543,S1107|0725,장한평,군자(능동),1500,1500,1396,,
S1105|0544,S1105|0545,군자(능동),아차산(어린이대공원후문),1000,1000,1052,,396
S1105|0545,S1105|0546,아차산(어린이대공원후문),광나루(장신대),1500,1500,1432,,396
S1105|0545,S1107|0725,아차산(어린이대공원후문),군자(능동),1000,1000,1060,,
S1105|0546,S1105|0547,광나루(장신대),천호(풍납토성),2000,2000,1921,,396
S1105|0547,S1105|0548,천호(풍납토성),강동,800,800,847,,395
S1105|0547,S1108|0810,천호(풍납토성),암사,1300,1300,1333,,
S1105|0547,S1108|0812,천호(풍납토성),강동구청,900,900,953,,
S1105|0548,S1105|0549,강동,길동,900,900,713,,209
S1105|0548,S1105|P549,강동,둔촌동,1200,1200,951,,211
S1105|0549,S1105|0550,길동,굽은다리(강동구민회관앞),800,800,860,,209
S1105|0550,S1105|0551,굽은다리(강동구민회관앞),명일,800,800,661,,209
S1105|0551,S1105|0552,명일,고덕,1200,1200,989,,209
S1105|0552,S1105|0553,고덕,상일동,1100,1100,1089,,209
S1105|0553,S1105|0554,상일동,강일,800,800,854,,188
S1105|0554,S1105|0555,강일,미사,1700,1700,1616,,188
S1105|0555,S1105|0556,미사,하남풍산,2100,2100,1548,,188
S1105|0556,S1105|0557,하남풍산,하남시청(덕풍∙신장),1300,1300,1195,,189
S1105|0557,S1105|0558,하남시청(덕풍∙신장),하남검단산,1600,1600,1474,,189
S1105|P549,S1105|P550,둔촌동,올림픽공원(한국체대),1400,1400,1368,,212
S1105|P550,S1105|P551,올림픽공원(한국체대),방이,800,800,936,,212
S1105|P551,S1105|P552,방이,오금,900,900,740,,212
S1105|P552,S1105|P553,오금,개롱,900,900,778,,212
S1105|P553,S1105|P554,개롱,거여,900,900,974,,212
S1105|P554,S1105|P555,거여,마천,900,900,801,,212
S1106|0610,S1106|0611,응암,역촌,1500,1500,1043,,165
S1106|0610,S1106|0615,응암,구산,1500,1500,1409,,165
S1106|0610,S1106|0616,응암,새절(신사),900,900,846,,328
S1106|0611,S1106|0612,역촌,불광,1100,1100,804,,165
S1106|0612,S1106|0613,불광,독바위,800,800,889,,165
S1106|0613,S1106|0614,독바위,연신내,900,900,1113,,165
S1106|0614,S1106|0615,연신내,구산,1400,1400,856,,165
S1106|0615,S1106|0616,구산,새절(신사),900,900,2252,,
S1106|0616,S1106|0617,새절(신사),증산(명지대앞),900,900,865,,332
S1106|0617,S1106|0618,증산(명지대앞),디지털미디어시티,900,900,1152,,332
S1106|0618,S1106|0619,디지털미디어시티,월드컵경기장(성산),1100,1100,765,,332
S1106|0619,S1106|0620,월드컵경기장(성산),마포구청,800,800,758,,332
S1106|0620,S1106|0621,마포구청,망원,800,800,1025,,332
S1106|0621,S1106|0622,망원,합정,1000,1000,834,,332
S1106|0622,S1106|0623,합정,상수,800,800,840,,332
S1106|0623,S1106|0624,상수,광흥창(서강),800,800,798,,332
S1106|0624,S1106|0625,광흥창(서강),대흥(서강대앞),900,900,904,,332
S1106|0625,S1106|0626,대흥(서강대앞),공덕,1000,1000,952,,330
S1106|0626,S1106|0627,공덕,효창공원앞,900,900,979,,330
S1106|0627,S1106|0628,효창공원앞,삼각지(전쟁기념관),900,900,1189,,330
S1106|0628,S1106|0629,삼각지(전쟁기념관),녹사평(용산구청),1200,1200,1120,,330
S1106|0629,S1106|0630,녹사평(용산구청),이태원,1100,1100,681,,330
S1106|0630,S1106|0631,이태원,한강진,800,800,860,,330
S1106|0631,S1106|0632,한강진,버티고개,1000,1000,1039,,330
S1106|0632,S1106|0633,버티고개,약수,1000,1000,743,,330
S1106|0633,S1106|0634,약수,청구,700,700,750,,330
S1106|0634,S1106|0635,청구,신당,800,800,694,,330
S1106|0635,S1106|0636,신당,동묘앞,700,700,680,,330
S1106|0636,S1106|0637,동묘앞,창신,600,600,834,,330
S1106|0636,S1121|2114,동묘앞,신설동,700,700,877,,
S1106|0637,S1106|0638,창신,보문,900,900,742,,330
S1106|0638,S1106|0639,보문,안암(고대병원앞),800,800,825,,330
S1106|0639,S1106|0640,안암(고대병원앞),고려대(종암),900,900,782,,331
S1106|0640,S1106|0641,고려대(종암),월곡(동덕여대),800,800,1368,,331
S1106|0641,S1106|0642,월곡(동덕여대),상월곡(한국과학기술연구원),1400,1400,793,,331
S1106|0642,S1106|0643,상월곡(한국과학기술연구원),돌곶이,800,800,835,,330
S1106|0643,S1106|0644,돌곶이,석계,800,800,970,,330
S1106|0644,S1106|0645,석계,태릉입구,1000,1000,821,,330
S1106|0645,S1106|0646,태릉입구,화랑대(서울여대입구),800,800,872,,330
S1106|0646,S1106|0647,화랑대(서울여대입구),봉화산(서울의료원),900,900,684,,330
S1106|0647,S1106|0648,봉화산(서울의료원),신내,700,700,1274,,118
S1107|0709,S1107|0710,장암,도봉산,1400,1400,1355,,170
S1107|0710,S1107|0711,도봉산,수락산,1600,1600,1477,,396
S1107|0711,S1107|0712,수락산,마들,1400,1400,1441,,397
S1107|0712,S1107|0713,마들,노원,1200,1200,1195,,397
S1107|0713,S1107|0714,노원,중계,1100,1100,1093,,397
S1107|0714,S1107|0715,중계,하계,1000,1000,1026,,397
S1107|0715,S1107|0716,하계,공릉(서울과학기술대),1300,1300,1270,,397
S1107|0716,S1107|0717,공릉(서울과학기술대),태릉입구,800,800,820,,397
S1107|0717,S1107|0718,태릉입구,먹골,900,900,901,,398
S1107|0718,S1107|0719,먹골,중화,900,900,904,,398
S1107|0719,S1107|0720,중화,상봉,1000,1000,958,,398
S1107|0720,S1107|0721,상봉,면목,800,800,794,,398
S1107|0721,S1107|0722,면목,사가정,900,900,867,,398
S1107|0722,S1107|0723,사가정,용마산(용마폭포공원),800,800,810,,398
S1107|0723,S1107|0724,용마산(용마폭포공원),중곡,900,900,903,,398
S1107|0724,S1107|0725,중곡,군자(능동),1100,1100,1059,,398
S1107|0725,S1107|0726,군자(능동),어린이대공원(세종대),1100,1100,1107,,398
S1107|0726,S1107|0727,어린이대공원(세종대),건대입구,800,800,847,,398
S1107|0727,S1107|0728,건대입구,자양(뚝섬한강공원),1000,1000,1107,,398
S1107|0728,S1107|0729,자양(뚝섬한강공원),청담,2000,2000,1907,,398
S1107|0729,S1107|0730,청담,강남구청,1100,1100,961,,398
S1107|0730,S1107|0731,강남구청,학동,900,900,897,,398
S1107|0731,S1107|0732,학동,논현,1000,1000,978,,398
S1107|0732,S1107|0733,논현,반포,900,900,913,,398
S1107|0733,S1107|0734,반포,고속터미널,900,900,793,,398
S1107|0734,S1107|0735,고속터미널,내방,2200,2200,2024,,398
S1107|0735,S1107|0736,내방,이수,1000,1000,1072,,398
S1107|0736,S1107|0737,이수,남성,1000,1000,943,,398
S1107|0737,S1107|0738,남성,숭실대입구(살피재),2000,2000,2007,,398
S1107|0738,S1107|0739,숭실대입구(살피재),상도,900,900,883,,398
S1107|0739,S1107|0740,상도,장승배기,900,900,820,,398
S1107|0740,S1107|0741,장승배기,신대방삼거리,1200,1200,1111,,398
S1107|0741,S1107|0742,신대방삼거리,보라매,800,800,715,,398
S1107|0742,S1107|0743,보라매,신풍,900,900,909,,398
S1107|0743,S1107|0744,신풍,대림(구로구청),1400,1400,1380,,397
S1107|0744,S1107|0745,대림(구로구청),남구로,1100,1100,1137,,397
S1107|0745,S1107|0746,남구로,가산디지털단지,800,800,766,,397
S1107|0746,S1107|0747,가산디지털단지,철산,1400,1400,1362,,397
S1107|0747,S1107|0748,철산,광명사거리,1300,1300,1229,,397
S1107|0748,S1107|0749,광명사거리,천왕,1700,1700,1649,,397
S1107|0749,S1107|0750,천왕,온수(성공회대입구),1500,1500,1483,,397
S1107|0750,S1107|3753,온수(성공회대입구),까치울,1916,,1916,,504
S1107|3753,S1107|3754,까치울,부천종합운동장,1200,1200,1203,,504
S1107|3754,S1107|3755,부천종합운동장,춘의,900,900,927,,504
S1107|3755,S1107|3756,춘의,신중동,800,800,964,,504
S1107|3756,S1107|3757,신중동,부천시청,1000,1000,1124,,504
S1107|3757,S1107|3758,부천시청,상동,1100,1100,933,,504
S1107|3758,S1107|3759,상동,삼산체육관,900,900,973,,504
S1107|3759,S1107|3760,삼산체육관,굴포천,1100,1100,937,,504
S1107|3760,S1107|3761,굴포천,부평구청,900,900,895,,504
S1107|3761,S1107|3762,부평구청,산곡,900,900,1578,,504
S1107|3762,S1107|3763,산곡,석남(거북시장),2600,2600,2422,,504
S1107|3762,S2802|3213,산곡,석남(거북시장),1600,1600,2404,,
S1108|0809,S1108|0810,암사역사공원,암사,3500,3500,1181,,320
S1108|0809,S1108|808,암사역사공원,장자호수공원,3342,,3342,,320
S1108|0809,S4108|805,암사역사공원,다산역,3100,3100,7550,,
S1108|0810,S1108|0811,암사,천호(풍납토성),1400,1400,1410,,320
S1108|0811,S1108|0812,천호(풍납토성),강동구청,1300,1300,875,,320
S1108|0812,S1108|0813,강동구청,몽촌토성(평화의문),900,900,1563,,320
S1108|0813,S1108|0814,몽촌토성(평화의문),잠실(송파구청),1600,1600,820,,320
S1108|0814,S1108|0815,잠실(송파구청),석촌,800,800,1057,,320
S1108|0815,S1108|0816,석촌,송파,1300,1300,771,,320
S1108|0816,S1108|0817,송파,가락시장,900,900,929,,320
S1108|0817,S1108|0818,가락시장,문정,800,800,869,,319
S1108|0818,S1108|0819,문정,장지,900,900,879,,319
S1108|0819,S1108|0820,장지,복정,900,900,846,,319
S1108|0820,S1108|0821,복정,남위례,900,900,1416,,319
S1108|0821,S1108|0822,남위례,산성,1400,1400,1166,,319
S1108|0822,S1108|0823,산성,남한산성입구(성남법원·검찰청),1300,1300,1056,,319
S1108|0823,S1108|0824,남한산성입구(성남법원·검찰청),단대오거리,1300,1300,774,,319
S1108|0824,S1108|0825,단대오거리,신흥,800,800,927,,319
S1108|0825,S1108|0826,신흥,수진,800,800,697,,319
S1108|0826,S1108|0827,수진,모란,800,800,1051,,319
S1108|806,S1108|807,동구릉,구리(구리전통시장),1770,1770,1020,,319
S1108|807,S1108|808,구리(구리전통시장),장자호수공원,2575,2575,1723,,320
S1109|4101,S1109|4102,개화,김포공항,3600,3600,1869,,248
S1109|4102,S1109|4103,김포공항,공항시장,800,800,819,,248
S1109|4103,S1109|4104,공항시장,신방화,800,800,674,,248
S1109|4104,S1109|4105,신방화,마곡나루(서울식물원),900,900,968,,248
S1109|4105,S1109|4106,마곡나루(서울식물원),양천향교,1400,1400,1228,,250
S1109|4106,S1109|4107,양천향교,가양,1300,1300,1449,,250
S1109|4107,S1109|4108,가양,증미,700,700,640,,248
S1109|4108,S1109|4109,증미,등촌,1000,1000,816,,248
S1109|4109,S1109|4110,등촌,염창,900,900,996,,248
S1109|4110,S1109|4111,염창,신목동,900,900,797,,250
S1109|4111,S1109|4112,신목동,선유도,1200,1200,1190,,250
S1109|4112,S1109|4113,선유도,당산,1000,1000,855,,250
S1109|4113,S1109|4114,당산,국회의사당,1500,1500,1521,,248
S1109|4114,S1109|4115,국회의사당,여의도,900,900,899,,248
S1109|4115,S1109|4116,여의도,샛강,800,800,619,,250
S1109|4116,S1109|4117,샛강,노량진,1200,1200,1176,,250
S1109|4117,S1109|4118,노량진,노들,1100,1100,1079,,250
S1109|4118,S1109|4119,노들,흑석(중앙대입구),1100,1100,1021,,250
S1109|4119,S1109|4120,흑석(중앙대입구),동작(현충원),1400,1400,1456,,250
S1109|4120,S1109|4121,동작(현충원),구반포,1000,1000,806,,250
S1109|4121,S1109|4122,구반포,신반포,700,700,813,,250
S1109|4122,S1109|4123,신반포,고속터미널,800,800,756,,250
S1109|4123,S1109|4124,고속터미널,사평,1100,1100,1005,,250
S1109|4124,S1109|4125,사평,신논현,900,900,812,,250
S1109|4125,S1109|4126,신논현,언주,800,800,892,,250
S1109|4126,S1109|4127,언주,선정릉,934,,934,,250
S1109|4127,S1109|4128,선정릉,삼성중앙,893,,893,,250
S1109|4128,S1109|4129,삼성중앙,봉은사,629,,629,,250
S1109|4129,S1109|4130,봉은사,종합운동장,1509,,1509,,250
S1109|4130,S1109|4131,종합운동장,삼전,1169,,1169,,250
S1109|4131,S1109|4132,삼전,석촌고분,861,,861,,250
S1109|4132,S1109|4133,석촌고분,석촌,958,,958,,250
S1109|4133,S1109|4134,석촌,송파나루,779,,779,,250
S1109|4134,S1109|4135,송파나루,한성백제,727,,727,,250
S1109|4135,S1109|4136,한성백제,올림픽공원(한국체대),1246,,1246,,250
S1109|4136,S1109|4137,올림픽공원(한국체대),둔촌오륜,814,,814,,250
S1109|4137,S1109|4138,둔촌오륜,중앙보훈병원,1366,,1366,,250
S1121|2111,S1121|2112,용답,신답,1000,1000,929,,226
S1121|2112,S1121|2113,신답,용두(동대문구청),900,900,914,,226
S1121|2113,S1121|2114,용두(동대문구청),신설동,1200,1200,1144,,226
S1122|2341,S1122|2342,도림천,양천구청,1000,1000,1519,,222
S1122|2342,S1122|2343,양천구청,신정네거리,1700,1700,1426,,222
S2601|0095,S2601|0096,다대포해수욕장,다대포항,1100,1100,1114,,358
S2601|0096,S2601|0097,다대포항,낫개,1200,1200,1173,,358
S2601|0097,S2601|0098,낫개,신장림,800,800,1046,,358
S2601|0098,S2601|0099,신장림,장림,1100,1100,818,,358
S2601|0099,S2601|0100,장림,동매,1700,1700,966,,358
S2601|0100,S2601|0101,동매,신평,1600,1600,1382,,358
S2601|0101,S2601|0102,신평,하단,800,800,1298,,353
S2601|0102,S2601|0103,하단,당리,900,900,749,,353
S2601|0103,S2601|0104,당리,사하,900,900,925,,353
S2601|0104,S2601|0105,사하,괴정,800,800,835,,353
S2601|0105,S2601|0106,괴정,대티,1400,1400,740,,353
S2601|0106,S2601|0107,대티,서대신,700,700,1408,,353
S2601|0107,S2601|0108,서대신,동대신,1200,1200,513,,353
S2601|0108,S2601|0109,동대신,토성,1000,1000,1099,,353
S2601|0109,S2601|0110,토성,자갈치,700,700,754,,353
S2601|0110,S2601|0111,자갈치,남포,900,900,708,,353
S2601|0111,S2601|0112,남포,중앙,1100,1100,696,,353
S2601|0112,S2601|0113,중앙,부산역,800,800,1302,,353
S2601|0113,S2601|0114,부산역,초량,800,800,712,,353
S2601|0114,S2601|0115,초량,부산진,1000,1000,862,,353
S2601|0115,S2601|0116,부산진,좌천,900,900,918,,353
S2601|0116,S2601|0117,좌천,범일,800,800,935,,353
S2601|0117,S2601|0118,범일,범내골,1200,1200,649,,353
S2601|0118,S2601|0119,범내골,서면,1174,,1174,,353
S2601|0118,S2602|0219,범내골,서면,600,600,1165,,
S2601|0119,S2601|0120,서면,부전,619,,619,,353
S2601|0119,S2602|0218,서면,전포,800,800,764,,
S2601|0119,S2602|0220,서면,부암,700,700,817,,
S2601|0120,S2601|0121,부전,양정,900,900,1399,,353
S2601|0120,S2602|0219,부전,서면,1400,1400,661,,
S2601|0121,S2601|0122,양정,시청(연제),800,800,894,,353
S2601|0122,S2601|0123,시청(연제),연산,843,,843,,353
S2601|0122,S2603|0305,시청(연제),연산,1100,1100,837,,
S2601|0123,S2601|0124,연산,교대,1091,,1091,,353
S2601|0123,S2603|0304,연산,물만골,700,700,1099,,
S2601|0123,S2603|0306,연산,거제,700,700,754,,
S2601|0124,S2601|0125,교대,동래,1091,,1091,,353
S2601|0124,S2603|0305,교대,연산,1100,1100,1086,,
S2601|0125,S2601|0126,동래,명륜,746,,746,,353
S2601|0126,S2601|0127,명륜,온천장,1100,1100,1136,,353
S2601|0127,S2601|0128,온천장,부산대,900,900,1079,,353
S2601|0128,S2601|0129,부산대,장전,1100,1100,905,,353
S2601|0129,S2601|0130,장전,구서,1100,1100,1081,,353
S2601|0130,S2601|0131,구서,두실,900,900,1060,,353
S2601|0131,S2601|0132,두실,남산,900,900,933,,353
S2601|0132,S2601|0133,남산,범어사,1200,1200,895,,353
S2601|0133,S2601|0134,범어사,노포,1200,1200,1162,,353
S2602|0201,S2602|0202,장산,중동,1000,1000,821,,338
S2602|0202,S2602|0203,중동,해운대,1100,1100,999,,338
S2602|0203,S2602|0204,해운대,동백,1100,1100,999,,338
S2602|0204,S2602|0205,동백,벡스코,800,800,1209,,338
S2602|0205,S2602|0206,벡스코,센텀시티,1000,1000,606,,338
S2602|0206,S2602|0207,센텀시티,민락,900,900,918,,338
S2602|0207,S2602|0208,민락,수영,900,900,659,,338
S2602|0208,S2602|0209,수영,광안,900,900,887,,338
S2602|0208,S2603|0302,수영,망미,1200,1200,878,,
S2602|0209,S2602|0210,광안,금련산,900,900,915,,338
S2602|0210,S2602|0211,금련산,남천,800,800,902,,338
S2602|0211,S2602|0212,남천,경성대·부경대,847,,847,,
S2602|0212,S2602|0213,경성대·부경대,대연,808,,808,,
S2602|0213,S2602|0214,대연,못골,900,900,707,,338
S2602|0214,S2602|0215,못골,지게골,900,900,920,,338
S2602|0215,S2602|0216,지게골,문현,700,700,748,,338
S2602|0216,S2602|0217,문현,국제금융센터·부산은행,749,,749,,
S2602|0217,S2602|0218,국제금융센터·부산은행,전포,819,,819,,
S2602|0218,S2602|0219,전포,서면,801,,801,,340
S2602|0219,S2602|0220,서면,부암,757,,757,,340
S2602|0220,S2602|0221,부암,가야,900,900,691,,340
S2602|0221,S2602|0222,가야,동의대,1100,1100,960,,340
S2602|0222,S2602|0223,동의대,개금,800,800,1090,,340
S2602|0223,S2602|0224,개금,냉정,800,800,785,,340
S2602|0224,S2602|0225,냉정,주례,1200,1200,842,,340
S2602|0225,S2602|0226,주례,감전,1100,1100,1220,,340
S2602|0226,S2602|0227,감전,사상,1200,1200,945,,340
S2602|0227,S2602|0228,사상,덕포,800,800,1292,,340
S2602|0228,S2602|0229,덕포,모덕,1100,1100,747,,340
S2602|0229,S2602|0230,모덕,모라,1000,1000,1071,,340
S2602|0230,S2602|0231,모라,구남,800,800,978,,340
S2602|0231,S2602|0232,구남,구명,1200,1200,751,,340
S2602|0232,S2602|0233,구명,덕천,1500,1500,1005,,339
S2602|0233,S2602|0234,덕천,수정,1500,1500,1515,,339
S2602|0234,S2602|0235,수정,화명,1200,1200,1452,,339
S2602|0235,S2602|0236,화명,율리,1400,1400,1212,,339
S2602|0236,S2602|0237,율리,동원,1100,1100,1326,,339
S2602|0237,S2602|0238,동원,금곡,1500,1500,1047,,339
S2602|0238,S2602|0239,금곡,호포,3500,3500,1521,,339
S2602|0239,S2602|0240,호포,증산,3500,3500,3104,,308
S2602|0240,S2602|0241,증산,부산대양산캠퍼스,1100,1100,1019,,308
S2602|0241,S2602|0242,부산대양산캠퍼스,남양산,1600,1600,1059,,308
S2602|0242,S2602|0243,남양산,양산,1600,1600,1598,,308
S2603|0301,S2603|0302,수영,망미,1000,1000,715,,320
S2603|0302,S2603|0303,망미,배산,1100,1100,1177,,320
S2603|0303,S2603|0304,배산,물만골,1100,1100,960,,320
S2603|0304,S2603|0305,물만골,연산,1108,,1108,,320
S2603|0305,S2603|0306,연산,거제,736,,736,,320
S2603|0306,S2603|0307,거제,종합운동장,800,800,656,,320
S2603|0307,S2603|0308,종합운동장,사직,800,800,891,,320
S2603|0308,S2603|0309,사직,미남,800,800,774,,320
S2603|0309,S2603|0310,미남,만덕,1200,1200,2986,,320
S2603|0310,S2603|0311,만덕,남산정,1000,1000,1143,,320
S2603|0311,S2603|0312,남산정,숙등,700,700,1026,,320
S2603|0312,S2603|0313,숙등,덕천,1100,1100,686,,320
S2603|0313,S2603|0314,덕천,구포,1600,1600,934,,320
S2603|0314,S2603|0315,구포,강서구청,1200,1200,1427,,320
S2603|0315,S2603|0316,강서구청,체육공원,800,800,1174,,320
S2603|0316,S2603|0317,체육공원,대저,800,800,751,,320
S2701|0115,S2701|0116,설화명곡,화원,1300,1300,1180,,294
S2701|0116,S2701|0117,화원,대곡(정부대구청사),1000,1000,1241,,294
S2701|0117,S2701|0118,대곡(정부대구청사),진천,800,800,1002,,294
S2701|0118,S2701|0119,진천,월배,700,700,744,,294
S2701|0119,S2701|0120,월배,상인,900,900,737,,294
S2701|0120,S2701|0121,상인,월촌,1000,1000,893,,294
S2701|0121,S2701|0122,월촌,송현,800,800,999,,294
S2701|0122,S2701|0123,송현,서부정류장(관문시장),800,800,844,,294
S2701|0123,S2701|0124,서부정류장(관문시장),대명,800,800,772,,294
S2701|0124,S2701|0125,대명,안지랑,700,700,786,,294
S2701|0125,S2701|0126,안지랑,현충로,900,900,640,,294
S2701|0126,S2701|0127,현충로,영대병원,900,900,773,,294
S2701|0127,S2701|0128,영대병원,교대,700,700,791,,294
S2701|0128,S2701|0129,교대,명덕(2.28민주운동기념회관),699,,699,,296
S2701|0128,S2703|0331,교대,명덕(2·28민주운동기념회관),800,800,653,,
S2701|0129,S2701|0130,명덕(2.28민주운동기념회관),반월당,756,,756,,296
S2701|0130,S2701|0131,반월당,중앙로,700,700,778,,296
S2701|0130,S2702|0231,반월당,경대병원,1100,1100,892,,
S2701|0130,S2703|0329,반월당,청라언덕(신남),900,900,986,,
S2701|0130,S2703|0331,반월당,명덕(2·28민주운동기념회관),700,700,826,,
S2701|0131,S2701|0132,중앙로,대구역,1200,1200,670,,296
S2701|0132,S2701|0133,대구역,칠성시장,1200,1200,718,,296
S2701|0133,S2701|0134,칠성시장,신천(경북대입구),900,900,1128,,296
S2701|0134,S2701|0135,신천(경북대입구),동대구역,900,900,957,,296
S2701|0135,S2701|0136,동대구역,동구청(큰고개),800,800,892,,296
S2701|0136,S2701|0137,동구청(큰고개),아양교(대구국제공항입구),1000,1000,722,,296
S2701|0137,S2701|0138,아양교(대구국제공항입구),동촌(동촌유원지),1000,1000,989,,296
S2701|0138,S2701|0139,동촌(동촌유원지),해안,1000,1000,817,,296
S2701|0139,S2701|0140,해안,방촌,1200,1200,1053,,296
S2701|0140,S2701|0141,방촌,용계,1200,1200,1126,,294
S2701|0141,S2701|0142,용계,율하,1100,1100,1253,,294
S2701|0142,S2701|0143,율하,신기,1000,1000,872,,294
S2701|0143,S2701|0144,신기,반야월,1000,1000,1080,,294
S2701|0144,S2701|0145,반야월,각산,900,900,941,,294
S2701|0145,S2701|0146,각산,안심(혁신도시·첨복단지),1300,1300,971,,294
S2701|0146,S2701|0147,안심(혁신도시·첨복단지),대구한의대병원,1600,1600,1535,,153
S2701|0147,S2701|0148,대구한의대병원,부호(경일대·호산대),5900,5900,5682,,153
S2701|0148,S2701|0149,부호(경일대·호산대),하양(대구가톨릭대),1700,1700,1650,,153
S2702|0216,S2702|0217,문양,다사,1000,1000,1920,,294
S2702|0217,S2702|0218,다사,대실,1400,1400,1075,,294
S2702|0218,S2702|0219,대실,강창,1300,1300,1293,,294
S2702|0219,S2702|0220,강창,계명대,1200,1200,1183,,294
S2702|0220,S2702|0221,계명대,성서산업단지,800,800,1370,,294
S2702|0221,S2702|0222,성서산업단지,이곡,1300,1300,787,,294
S2702|0222,S2702|0223,이곡,용산(서부법원․검찰청입구),900,900,1183,,296
S2702|0223,S2702|0224,용산(서부법원․검찰청입구),죽전,900,900,762,,296
S2702|0224,S2702|0225,죽전,감삼,800,800,1070,,296
S2702|0225,S2702|0226,감삼,두류,900,900,758,,296
S2702|0226,S2702|0227,두류,내당,800,800,882,,296
S2702|0227,S2702|0228,내당,반고개,900,900,777,,296
S2702|0228,S2702|0229,반고개,청라언덕,908,,908,,296
S2702|0228,S2703|0329,반고개,청라언덕(신남),1000,1000,887,,
S2702|0229,S2702|0230,청라언덕,반월당,994,,994,,296
S2702|0229,S2703|0328,청라언덕,서문시장(동산병원),900,900,519,,
S2702|0229,S2703|0330,청라언덕,남산(계명네거리),600,600,930,,
S2702|0230,S2702|0231,반월당,경대병원,928,,928,,296
S2702|0231,S2702|0232,경대병원,대구은행(대구교육청),1000,1000,1039,,296
S2702|0232,S2702|0233,대구은행(대구교육청),범어,900,900,1060,,296
S2702|0233,S2702|0234,범어,수성구청(KBS),900,900,925,,296
S2702|0234,S2702|0235,수성구청(KBS),만촌,900,900,811,,294
S2702|0235,S2702|0236,만촌,담티(수성대·대륜),1800,1800,941,,294
S2702|0236,S2702|0237,담티(수성대·대륜),연호,1000,1000,1845,,294
S2702|0237,S2702|0238,연호,수성알파시티(삼성라이온즈파크),1200,1200,846,,294
S2702|0238,S2702|0239,수성알파시티(삼성라이온즈파크),고산,1100,1100,1205,,294
S2702|0239,S2702|0240,고산,신매,1100,1100,1077,,294
S2702|0240,S2702|0241,신매,사월,1100,1100,1007,,294
S2702|0241,S2702|0242,사월,정평,1200,1200,1264,,294
S2702|0242,S2702|0243,정평,임당,1100,1100,1116,,294
S2702|0243,S2702|0244,임당,영남대,1100,1100,1100,,294
S2703|0312,S2703|0313,칠곡경대병원,학정,800,800,762,,312
S2703|0313,S2703|0314,학정,팔거(국립농관원통계청),700,700,838,,312
S2703|0314,S2703|0315,팔거(국립농관원통계청),동천,700,700,721,,312
S2703|0315,S2703|0316,동천,칠곡운암,700,700,722,,312
S2703|0316,S2703|0317,칠곡운암,구암(과학대보건대입구),700,700,739,,312
S2703|0317,S2703|0318,구암(과학대보건대입구),태전,900,900,731,,312
S2703|0318,S2703|0319,태전,매천,1100,1100,854,,312
S2703|0319,S2703|0320,매천,매천시장,800,800,938,,312
S2703|0320,S2703|0321,매천시장,팔달,900,900,747,,312
S2703|0321,S2703|0322,팔달,공단,700,700,887,,312
S2703|0322,S2703|0323,공단,만평,600,600,707,,312
S2703|0323,S2703|0324,만평,팔달시장,600,600,630,,312
S2703|0324,S2703|0325,팔달시장,원대,800,800,597,,312
S2703|0325,S2703|0326,원대,북구청 (대구iM뱅크파크),900,900,780,,312
S2703|0326,S2703|0327,북구청 (대구iM뱅크파크),달성공원,600,600,901,,312
S2703|0327,S2703|0328,달성공원,서문시장(동산병원),600,600,675,,312
S2703|0328,S2703|0329,서문시장(동산병원),청라언덕(신남),608,,608,,
S2703|0329,S2703|0330,청라언덕(신남),남산(계명네거리),840,,840,,
S2703|0330,S2703|0331,남산(계명네거리),명덕(2·28민주운동기념회관),900,900,595,,
S2703|0331,S2703|0332,명덕(2·28민주운동기념회관),건들바위,600,600,886,,
S2703|0332,S2703|0333,건들바위,대봉교,900,900,603,,156
S2703|0333,S2703|0334,대봉교,수성시장,1000,1000,874,,156
S2703|0334,S2703|0335,수성시장,수성구민운동장,800,800,847,,156
S2703|0335,S2703|0336,수성구민운동장,어린이세상,700,700,807,,312
S2703|0336,S2703|0337,어린이세상,황금,900,900,679,,312
S2703|0337,S2703|0338,황금,수성못(TBC),1100,1100,861,,312
S2703|0338,S2703|0339,수성못(TBC),지산,900,900,1047,,312
S2703|0339,S2703|0340,지산,범물,700,700,878,,312
S2703|0340,S2703|0341,범물,용지,700,700,646,,312
S2801|3107,S2801|3108,검단호수공원,신검단중앙,800,800,930,,274
S2801|3108,S2801|3109,신검단중앙,"아라(북부법원, 검찰청)",1900,1900,1736,,274
S2801|3109,S2801|3110,"아라(북부법원, 검찰청)",계양,4000,4000,3065,,274
S2801|3110,S2801|3111,계양,귤현,900,900,792,,276
S2801|3111,S2801|3112,귤현,박촌,1500,1500,1444,,276
S2801|3112,S2801|3113,박촌,임학,1100,1100,1093,,307
S2801|3113,S2801|3114,임학,계산,1100,1100,922,,307
S2801|3114,S2801|3115,계산,경인교대입구,900,900,755,,307
S2801|3115,S2801|3116,경인교대입구,작전,900,900,890,,307
S2801|3116,S2801|3117,작전,갈산,1400,1400,1464,,306
S2801|3117,S2801|3118,갈산,부평구청,1000,1000,933,,306
S2801|3118,S2801|3119,부평구청,부평시장,1100,1100,1153,,306
S2801|3119,S2801|3120,부평시장,부평,900,900,890,,306
S2801|3120,S2801|3121,부평,동수,900,900,720,,306
S2801|3121,S2801|3122,동수,부평삼거리,1100,1100,1061,,306
S2801|3122,S2801|3123,부평삼거리,간석오거리,1200,1200,1283,,306
S2801|3123,S2801|3124,간석오거리,인천시청,1400,1400,1148,,306
S2801|3124,S2801|3125,인천시청,예술회관,1000,1000,927,,306
S2801|3125,S2801|3126,예술회관,인천터미널,800,800,832,,305
S2801|3126,S2801|3127,인천터미널,문학경기장,800,800,782,,305
S2801|3127,S2801|3128,문학경기장,선학,800,800,888,,305
S2801|3128,S2801|3129,선학,신연수,1100,1100,1090,,305
S2801|3129,S2801|3130,신연수,원인재,900,900,821,,306
S2801|3130,S2801|3131,원인재,동춘,1100,1100,1058,,306
S2801|3131,S2801|3132,동춘,동막,1000,1000,967,,306
S2801|3132,S2801|3133,동막,캠퍼스타운,1600,1600,1508,,304
S2801|3133,S2801|3134,캠퍼스타운,테크노파크,800,800,823,,304
S2801|3134,S2801|3135,테크노파크,지식정보단지,1400,1400,1078,,304
S2801|3135,S2801|3136,지식정보단지,인천대입구,1000,1000,1059,,304
S2801|3136,S2801|3137,인천대입구,센트럴파크,900,900,828,,303
S2801|3137,S2801|3138,센트럴파크,국제업무지구,800,800,948,,303
S2801|3138,S2801|3139,국제업무지구,송도달빛축제공원,900,900,802,,301
S2802|3201,S2802|3202,검단오류,왕길,1300,1300,1258,,464
S2802|3202,S2802|3203,왕길,검단사거리,1400,1400,1459,,464
S2802|3203,S2802|3204,검단사거리,마전,1100,1100,1035,,464
S2802|3204,S2802|3205,마전,완정,800,800,744,,464
S2802|3205,S2802|3206,완정,독정,900,900,922,,464
S2802|3206,S2802|3207,독정,검암,1800,1800,1814,,464
S2802|3207,S2802|3208,검암,검바위,900,900,852,,464
S2802|3208,S2802|3209,검바위,아시아드경기장,1100,1100,1081,,464
S2802|3209,S2802|3210,아시아드경기장,서구청,800,800,838,,464
S2802|3210,S2802|3211,서구청,가정(루원시티),2200,2200,2120,,465
S2802|3211,S2802|3212,가정(루원시티),가정중앙시장,800,800,820,,465
S2802|3212,S2802|3213,가정중앙시장,석남(거북시장),1200,1200,1146,,465
S2802|3213,S2802|3214,석남(거북시장),서부여성회관,800,800,770,,465
S2802|3214,S2802|3215,서부여성회관,인천가좌,1100,1100,1150,,465
S2802|3215,S2802|3216,인천가좌,가재울,1100,1100,996,,465
S2802|3216,S2802|3217,가재울,주안국가산단,1400,1400,1199,,465
S2802|3217,S2802|3218,주안국가산단,주안,1000,1000,948,,465
S2802|3218,S2802|3219,주안,시민공원,1000,1000,786,,464
S2802|3219,S2802|3220,시민공원,석바위시장,1000,1000,1007,,464
S2802|3220,S2802|3221,석바위시장,인천시청,700,700,811,,464
S2802|3221,S2802|3222,인천시청,석천사거리,800,800,782,,464
S2802|3222,S2802|3223,석천사거리,모래내시장,800,800,821,,464
S2802|3223,S2802|3224,모래내시장,만수,1100,1100,1080,,464
S2802|3224,S2802|3225,만수,남동구청,1200,1200,866,,464
S2802|3225,S2802|3226,남동구청,인천대공원,1500,1500,1454,,464
S2802|3226,S2802|3227,인천대공원,운연,1300,1300,1151,,464
S28M1|102,S28M1|103,장기주차장역,합동청사역,454,,454,,
S28M1|103,S28M1|104,합동청사역,파라다이스시티역,382,,382,,
S28M1|104,S28M1|105,파라다이스시티역,워터파크역,2435,,2435,,
S28M1|105,S28M1|106,워터파크역,용유역,1053,,1053,,
S2901|100,S2901|101,녹동,소태,1900,1900,1907,300,6
S2901|101,S2901|102,소태,학동증심사입구,1045,,1045,,
S2901|102,S2901|103,학동증심사입구,남광주,814,,814,,
S2901|103,S2901|104,남광주,문화전당(구도청),900,900,894,80,34
S2901|104,S2901|105,문화전당(구도청),금남로4가,700,700,704,,
S2901|105,S2901|106,금남로4가,금남로5가,600,600,500,,
S2901|106,S2901|107,금남로5가,양동시장,900,900,815,,
S2901|107,S2901|108,양동시장,돌고개,600,600,549,,
S2901|108,S2901|109,돌고개,농성,1200,1200,1070,100,34
S2901|109,S2901|110,농성,화정,700,700,677,60,34
S2901|110,S2901|111,화정,쌍촌,600,600,653,50,34
S2901|111,S2901|112,쌍촌,운천,900,900,995,70,34
S2901|112,S2901|113,운천,상무,1100,1100,1002,80,34
S2901|113,S2901|114,상무,김대중컨벤션센터(마륵),766,,766,,
S2901|114,S2901|115,김대중컨벤션센터(마륵),공항,2722,,2722,,
S2901|115,S2901|116,공항,송정공원,1100,1100,1119,70,34
S2901|116,S2901|117,송정공원,광주송정역,1100,1100,974,80,34
S2901|117,S2901|118,광주송정역,도산,700,700,723,70,34
S2901|118,S2901|119,도산,평동,1900,1900,1843,130,34
S3001|101,S3001|102,판암,신흥,1300,1300,902,,239
S3001|102,S3001|103,신흥,대동,1000,1000,1221,,239
S3001|103,S3001|104,대동,대전,800,800,901,,239
S3001|104,S3001|105,대전,중앙로,700,700,728,,239
S3001|105,S3001|106,중앙로,중구청,800,800,701,,239
S3001|106,S3001|107,중구청,서대전네거리,800,800,691,,239
S3001|107,S3001|108,서대전네거리,오룡,1500,1500,958,,240
S3001|108,S3001|109,오룡,용문,1200,1200,1503,,240
S3001|109,S3001|110,용문,탄방,800,800,1117,,240
S3001|110,S3001|111,탄방,시청,1000,1000,719,,240
S3001|111,S3001|112,시청,정부청사,700,700,839,,240
S3001|112,S3001|113,정부청사,갈마,800,800,754,,241
S3001|113,S3001|114,갈마,월평,1000,1000,743,,241
S3001|114,S3001|115,월평,갑천,1300,1300,978,,241
S3001|115,S3001|116,갑천,유성온천,1000,1000,1163,,241
S3001|116,S3001|117,유성온천,구암,900,900,1011,,241
S3001|117,S3001|118,구암,현충원,1000,1000,875,,240
S3001|118,S3001|119,현충원,월드컵경기장,800,800,928,,240
S3001|119,S3001|120,월드컵경기장,노은,1200,1200,815,,240
S3001|120,S3001|121,노은,지족,1000,1000,1117,,240
S3001|121,S3001|122,지족,반석,995,,995,,240
S4108|804,S4108|805,별내역,다산역,2828,,2828,,
