node_id,역사명,노선명,운영기관명,lkey,매칭근거,일평균승하차,일평균승하차_배분,수요_매칭,매칭방식
I11D1|D004,신사,신분당선,경기도 신분당선,신분당선,신분당선,15133.2,15133.2,1,노선일치
I11D1|D005,논현,신분당선,경기도 신분당선,신분당선,신분당선,9251.8,9251.8,1,노선일치
I11D1|D006,신논현,신분당선,경기도 신분당선,신분당선,신분당선,20670.5,20670.5,1,노선일치
I11D1|D007,강남,신분당선,경기도 신분당선,신분당선,신분당선,38497.9,38497.9,1,노선일치
I11D1|D008,양재(서초구청),신분당선,경기도 신분당선,신분당선,신분당선,17759.2,17759.2,1,노선일치
I11D1|D009,양재시민의숲(매헌),신분당선,경기도 신분당선,신분당선,신분당선,22913.1,22913.1,1,노선일치
I11D1|D010,청계산입구,신분당선,경기도 신분당선,신분당선,신분당선,9520.3,9520.3,1,노선일치
I11D1|D011,판교,신분당선,경기도 신분당선,신분당선,신분당선,60381.3,60381.3,1,노선일치
I11D1|D012,정자,신분당선,경기도 신분당선,신분당선,신분당선,14837.6,14837.6,1,노선일치
I11D1|D013,미금,신분당선,경기도 신분당선,신분당선,신분당선,25960.8,25960.8,1,노선일치
I11D1|D014,동천,신분당선,경기도 신분당선,신분당선,신분당선,17787.7,17787.7,1,노선일치
I11D1|D015,수지구청,신분당선,경기도 신분당선,신분당선,신분당선,27096.2,27096.2,1,노선일치
I11D1|D016,성복,신분당선,경기도 신분당선,신분당선,신분당선,30918.5,30918.5,1,노선일치
I11D1|D017,상현,신분당선,경기도 신분당선,신분당선,신분당선,17195.1,17195.1,1,노선일치
I11D1|D018,광교중앙(아주대),신분당선,경기도 신분당선,신분당선,신분당선,22615.5,22615.5,1,노선일치
I11D1|D019,광교(경기대),신분당선,경기도 신분당선,신분당선,신분당선,6390.8,6390.8,1,노선일치
L41E1|Y110,기흥(백남준아트센터),에버라인,경기도 용인경전철,에버라인,에버라인,4638.5,4638.5,1,노선일치
L41E1|Y111,강남대,에버라인,경기도 용인경전철,에버라인,에버라인,3749.8,3749.8,1,노선일치
L41E1|Y112,지석,에버라인,경기도 용인경전철,에버라인,에버라인,2343.5,2343.5,1,노선일치
L41E1|Y113,어정,에버라인,경기도 용인경전철,에버라인,에버라인,3108.8,3108.8,1,노선일치
L41E1|Y114,동백(용인세브란스),에버라인,경기도 용인경전철,에버라인,에버라인,6393.5,6393.5,1,노선일치
L41E1|Y115,초당,에버라인,경기도 용인경전철,에버라인,에버라인,2268.2,2268.2,1,노선일치
L41E1|Y116,삼가,에버라인,경기도 용인경전철,에버라인,에버라인,2436.2,2436.2,1,노선일치
L41E1|Y117,시청·용인대,에버라인,경기도 용인경전철,에버라인,,,,0,미매칭
L41E1|Y118,명지대,에버라인,경기도 용인경전철,에버라인,에버라인,4369.2,4369.2,1,노선일치
L41E1|Y119,김량장,에버라인,경기도 용인경전철,에버라인,에버라인,3881.3,3881.3,1,노선일치
L41E1|Y120,용인중앙시장(용인예술과학대),에버라인,경기도 용인경전철,에버라인,에버라인,6224.3,6224.3,1,노선일치
L41E1|Y121,고진,에버라인,경기도 용인경전철,에버라인,에버라인,2455.8,2455.8,1,노선일치
L41E1|Y122,보평,에버라인,경기도 용인경전철,에버라인,에버라인,2574.6,2574.6,1,노선일치
L41E1|Y123,둔전,에버라인,경기도 용인경전철,에버라인,에버라인,4037.4,4037.4,1,노선일치
L41E1|Y124,전대·에버랜드,에버라인,경기도 용인경전철,에버라인,,,,0,미매칭
I28A1|A01,서울,인천국제공항선,공항철도주식회사,인천국제공항선,인천국제공항선,78726.4,78726.4,1,노선일치
I28A1|A02,공덕,인천국제공항선,공항철도주식회사,인천국제공항선,인천국제공항선,36047.0,36047.0,1,노선일치
I28A1|A03,홍대입구,인천국제공항선,공항철도주식회사,인천국제공항선,인천국제공항선,76719.3,76719.3,1,노선일치
I28A1|A04,디지털미디어시티,인천국제공항선,공항철도주식회사,인천국제공항선,인천국제공항선,48071.9,48071.9,1,노선일치
I28A1|A042,마곡나루,인천국제공항선,공항철도주식회사,인천국제공항선,인천국제공항선,42107.2,42107.2,1,노선일치
I28A1|A05,김포공항,인천국제공항선,공항철도주식회사,인천국제공항선,인천국제공항선,97207.8,97207.8,1,노선일치
I28A1|A06,계양,인천국제공항선,공항철도주식회사,인천국제공항선,인천국제공항선,61835.2,61835.2,1,노선일치
I28A1|A07,검암,인천국제공항선,공항철도주식회사,인천국제공항선,인천국제공항선,46755.4,46755.4,1,노선일치
I28A1|A071,청라국제도시,인천국제공항선,공항철도주식회사,인천국제공항선,인천국제공항선,14271.8,14271.8,1,노선일치
I28A1|A072,영종,인천국제공항선,공항철도주식회사,인천국제공항선,인천국제공항선,8800.4,8800.4,1,노선일치
I28A1|A08,운서,인천국제공항선,공항철도주식회사,인천국제공항선,인천국제공항선,19551.1,19551.1,1,노선일치
I28A1|A09,공항화물청사,인천국제공항선,공항철도주식회사,인천국제공항선,인천국제공항선,3631.8,3631.8,1,노선일치
I28A1|A10,인천공항1터미널,인천국제공항선,공항철도주식회사,인천국제공항선,인천국제공항선,35379.8,35379.8,1,노선일치
I28A1|A11,인천공항2터미널,인천국제공항선,공항철도주식회사,인천국제공항선,인천국제공항선,18769.7,18769.7,1,노선일치
S2901|100,녹동,광주도시철도 1호선,광주교통공사,광주1,광주1,305.6,305.6,1,노선일치
S2901|101,소태,광주도시철도 1호선,광주교통공사,광주1,광주1,4035.8,4035.8,1,노선일치
S2901|102,학동증심사입구,광주도시철도 1호선,광주교통공사,광주1,광주1:학동증심사,3715.2,3715.2,1,역명개칭
S2901|103,남광주,광주도시철도 1호선,광주교통공사,광주1,광주1,7894.3,7894.3,1,노선일치
S2901|104,문화전당(구도청),광주도시철도 1호선,광주교통공사,광주1,광주1,6403.4,6403.4,1,노선일치
S2901|105,금남로4가,광주도시철도 1호선,광주교통공사,광주1,광주1,7834.1,7834.1,1,노선일치
S2901|106,금남로5가,광주도시철도 1호선,광주교통공사,광주1,광주1,3982.0,3982.0,1,노선일치
S2901|107,양동시장,광주도시철도 1호선,광주교통공사,광주1,광주1,4496.7,4496.7,1,노선일치
S2901|108,돌고개,광주도시철도 1호선,광주교통공사,광주1,광주1,3514.6,3514.6,1,노선일치
S2901|109,농성,광주도시철도 1호선,광주교통공사,광주1,광주1,5451.7,5451.7,1,노선일치
S2901|110,화정,광주도시철도 1호선,광주교통공사,광주1,광주1,3780.8,3780.8,1,노선일치
S2901|111,쌍촌,광주도시철도 1호선,광주교통공사,광주1,광주1,4586.5,4586.5,1,노선일치
S2901|112,운천,광주도시철도 1호선,광주교통공사,광주1,광주1,6203.8,6203.8,1,노선일치
S2901|113,상무,광주도시철도 1호선,광주교통공사,광주1,광주1,8053.3,8053.3,1,노선일치
S2901|114,김대중컨벤션센터(마륵),광주도시철도 1호선,광주교통공사,광주1,광주1,2614.1,2614.1,1,노선일치
S2901|115,공항,광주도시철도 1호선,광주교통공사,광주1,광주1,2061.8,2061.8,1,노선일치
S2901|116,송정공원,광주도시철도 1호선,광주교통공사,광주1,광주1,5293.2,5293.2,1,노선일치
S2901|117,광주송정역,광주도시철도 1호선,광주교통공사,광주1,광주1,9739.4,9739.4,1,노선일치
S2901|118,도산,광주도시철도 1호선,광주교통공사,광주1,광주1,2980.6,2980.6,1,노선일치
S2901|119,평동,광주도시철도 1호선,광주교통공사,광주1,광주1,3830.9,3830.9,1,노선일치
S1108|806,동구릉,8호선,구리도시공사,수도권8,,,,0,미매칭
S1108|807,구리(구리전통시장),8호선,구리도시공사,수도권8,,,,0,미매칭
S1108|808,장자호수공원,8호선,구리도시공사,수도권8,,,,0,미매칭
L41G1|G100,양촌역,김포도시철도,김포골드라인에스알에스㈜,김포도시철도,김포도시철도,803.1,803.1,1,노선일치
L41G1|G101,구래역,김포도시철도,김포골드라인에스알에스㈜,김포도시철도,김포도시철도,18095.0,18095.0,1,노선일치
L41G1|G102,마산역,김포도시철도,김포골드라인에스알에스㈜,김포도시철도,김포도시철도,5289.6,5289.6,1,노선일치
L41G1|G103,장기역,김포도시철도,김포골드라인에스알에스㈜,김포도시철도,김포도시철도,13845.7,13845.7,1,노선일치
L41G1|G104,운양역,김포도시철도,김포골드라인에스알에스㈜,김포도시철도,김포도시철도,10201.9,10201.9,1,노선일치
L41G1|G105,걸포북변역,김포도시철도,김포골드라인에스알에스㈜,김포도시철도,김포도시철도,9234.9,9234.9,1,노선일치
L41G1|G106,사우역,김포도시철도,김포골드라인에스알에스㈜,김포도시철도,김포도시철도,13885.8,13885.8,1,노선일치
L41G1|G107,풍무역,김포도시철도,김포골드라인에스알에스㈜,김포도시철도,김포도시철도,10328.2,10328.2,1,노선일치
L41G1|G108,고촌역,김포도시철도,김포골드라인에스알에스㈜,김포도시철도,김포도시철도,10543.3,10543.3,1,노선일치
L41G1|G109,김포공항역,김포도시철도,김포골드라인에스알에스㈜,김포도시철도,김포도시철도,3080.3,3080.3,1,노선일치
L11SL|S401,샛강,수도권 경량도시철도 신림선,남서울경전철 주식회사,신림선,신림선,5907.5,5907.5,1,노선일치
L11SL|S402,대방,수도권 경량도시철도 신림선,남서울경전철 주식회사,신림선,신림선,5608.9,5608.9,1,노선일치
L11SL|S403,서울지방병무청,수도권 경량도시철도 신림선,남서울경전철 주식회사,신림선,신림선,6492.6,6492.6,1,노선일치
L11SL|S404,보라매,수도권 경량도시철도 신림선,남서울경전철 주식회사,신림선,신림선,8217.6,8217.6,1,노선일치
L11SL|S405,보라매공원,수도권 경량도시철도 신림선,남서울경전철 주식회사,신림선,신림선,5210.3,5210.3,1,노선일치
L11SL|S406,보라매병원,수도권 경량도시철도 신림선,남서울경전철 주식회사,신림선,신림선,15405.7,15405.7,1,노선일치
L11SL|S407,당곡,수도권 경량도시철도 신림선,남서울경전철 주식회사,신림선,신림선,9425.8,9425.8,1,노선일치
L11SL|S408,신림,수도권 경량도시철도 신림선,남서울경전철 주식회사,신림선,신림선,4946.8,4946.8,1,노선일치
L11SL|S409,서원,수도권 경량도시철도 신림선,남서울경전철 주식회사,신림선,신림선,6637.3,6637.3,1,노선일치
L11SL|S410,서울대벤처타운,수도권 경량도시철도 신림선,남서울경전철 주식회사,신림선,신림선,18616.1,18616.1,1,노선일치
L11SL|S411,관악산,수도권 경량도시철도 신림선,남서울경전철 주식회사,신림선,신림선,6434.5,6434.5,1,노선일치
I4104|0405,진접역,진접선,남양주도시공사,진접선,진접선,9891.3,9891.3,1,노선일치
I4104|0406,오남역,진접선,남양주도시공사,진접선,진접선,10212.0,10212.0,1,노선일치
I4104|0408,별내별가람역,진접선,남양주도시공사,진접선,진접선,12154.0,12154.0,1,노선일치
S4108|804,별내역,수도권 광역철도 8호선,남양주도시공사,수도권8,수도권8,14757.8,14757.8,1,노선일치
S4108|805,다산역,수도권 광역철도 8호선,남양주도시공사,수도권8,수도권8,18689.1,18689.1,1,노선일치
S2701|0115,설화명곡,대구 도시철도 1호선,대구교통공사,대구1,대구1,8864.5,8864.5,1,노선일치
S2701|0116,화원,대구 도시철도 1호선,대구교통공사,대구1,대구1,7812.3,7812.3,1,노선일치
S2701|0117,대곡(정부대구청사),대구 도시철도 1호선,대구교통공사,대구1,대구1,8592.0,8592.0,1,노선일치
S2701|0118,진천,대구 도시철도 1호선,대구교통공사,대구1,대구1,15237.9,15237.9,1,노선일치
S2701|0119,월배,대구 도시철도 1호선,대구교통공사,대구1,대구1,8560.2,8560.2,1,노선일치
S2701|0120,상인,대구 도시철도 1호선,대구교통공사,대구1,대구1,20828.1,20828.1,1,노선일치
S2701|0121,월촌,대구 도시철도 1호선,대구교통공사,대구1,대구1,7760.4,7760.4,1,노선일치
S2701|0122,송현,대구 도시철도 1호선,대구교통공사,대구1,대구1,6782.7,6782.7,1,노선일치
S2701|0123,서부정류장(관문시장),대구 도시철도 1호선,대구교통공사,대구1,,,,0,미매칭
S2701|0124,대명,대구 도시철도 1호선,대구교통공사,대구1,대구1,7741.8,7741.8,1,노선일치
S2701|0125,안지랑,대구 도시철도 1호선,대구교통공사,대구1,대구1,7404.8,7404.8,1,노선일치
S2701|0126,현충로,대구 도시철도 1호선,대구교통공사,대구1,대구1,5897.2,5897.2,1,노선일치
S2701|0127,영대병원,대구 도시철도 1호선,대구교통공사,대구1,대구1,10394.6,10394.6,1,노선일치
S2701|0128,교대,대구 도시철도 1호선,대구교통공사,대구1,대구1,7625.6,7625.6,1,노선일치
S2701|0129,명덕(2.28민주운동기념회관),대구 도시철도 1호선,대구교통공사,대구1,대구1:명덕역1,6160.4,6160.4,1,역명개칭
S2701|0130,반월당,대구 도시철도 1호선,대구교통공사,대구1,대구1:반월당역1,22521.7,22521.7,1,역명개칭
S2701|0131,중앙로,대구 도시철도 1호선,대구교통공사,대구1,대구1,29972.7,29972.7,1,노선일치
S2701|0132,대구역,대구 도시철도 1호선,대구교통공사,대구1,대구1,15801.3,15801.3,1,노선일치
S2701|0133,칠성시장,대구 도시철도 1호선,대구교통공사,대구1,대구1:칠성,7758.0,7758.0,1,역명개칭
S2701|0134,신천(경북대입구),대구 도시철도 1호선,대구교통공사,대구1,대구1,9503.8,9503.8,1,노선일치
S2701|0135,동대구역,대구 도시철도 1호선,대구교통공사,대구1,대구1,36126.7,36126.7,1,노선일치
S2701|0136,동구청(큰고개),대구 도시철도 1호선,대구교통공사,대구1,대구1,6279.3,6279.3,1,노선일치
S2701|0137,아양교(대구국제공항입구),대구 도시철도 1호선,대구교통공사,대구1,대구1,9098.6,9098.6,1,노선일치
S2701|0138,동촌(동촌유원지),대구 도시철도 1호선,대구교통공사,대구1,대구1,4394.6,4394.6,1,노선일치
S2701|0139,해안,대구 도시철도 1호선,대구교통공사,대구1,대구1,4846.8,4846.8,1,노선일치
S2701|0140,방촌,대구 도시철도 1호선,대구교통공사,대구1,대구1,6485.2,6485.2,1,노선일치
S2701|0141,용계,대구 도시철도 1호선,대구교통공사,대구1,대구1,3862.4,3862.4,1,노선일치
S2701|0142,율하,대구 도시철도 1호선,대구교통공사,대구1,대구1,8341.3,8341.3,1,노선일치
S2701|0143,신기,대구 도시철도 1호선,대구교통공사,대구1,대구1,7459.6,7459.6,1,노선일치
S2701|0144,반야월,대구 도시철도 1호선,대구교통공사,대구1,대구1,5542.5,5542.5,1,노선일치
S2701|0145,각산,대구 도시철도 1호선,대구교통공사,대구1,대구1,8156.0,8156.0,1,노선일치
S2701|0146,안심(혁신도시·첨복단지),대구 도시철도 1호선,대구교통공사,대구1,대구1,7339.0,7339.0,1,노선일치
S2701|0147,대구한의대병원,대구 도시철도 1호선,대구교통공사,대구1,대구1,1470.2,1470.2,1,노선일치
S2701|0148,부호(경일대·호산대),대구 도시철도 1호선,대구교통공사,대구1,대구1,2781.7,2781.7,1,노선일치
S2701|0149,하양(대구가톨릭대),대구 도시철도 1호선,대구교통공사,대구1,대구1,7911.9,7911.9,1,노선일치
S2702|0216,문양,대구 도시철도 2호선,대구교통공사,대구2,대구2,5018.8,5018.8,1,노선일치
S2702|0217,다사,대구 도시철도 2호선,대구교통공사,대구2,대구2,6442.8,6442.8,1,노선일치
S2702|0218,대실,대구 도시철도 2호선,대구교통공사,대구2,대구2,12802.0,12802.0,1,노선일치
S2702|0219,강창,대구 도시철도 2호선,대구교통공사,대구2,대구2,11835.3,11835.3,1,노선일치
S2702|0220,계명대,대구 도시철도 2호선,대구교통공사,대구2,대구2,11986.1,11986.1,1,노선일치
S2702|0221,성서산업단지,대구 도시철도 2호선,대구교통공사,대구2,대구2,9199.7,9199.7,1,노선일치
S2702|0222,이곡,대구 도시철도 2호선,대구교통공사,대구2,대구2,6639.4,6639.4,1,노선일치
S2702|0223,용산(서부법원․검찰청입구),대구 도시철도 2호선,대구교통공사,대구2,대구2,13251.8,13251.8,1,노선일치
S2702|0224,죽전,대구 도시철도 2호선,대구교통공사,대구2,대구2,12663.0,12663.0,1,노선일치
S2702|0225,감삼,대구 도시철도 2호선,대구교통공사,대구2,대구2,12834.2,12834.2,1,노선일치
S2702|0226,두류,대구 도시철도 2호선,대구교통공사,대구2,대구2,12999.1,12999.1,1,노선일치
S2702|0227,내당,대구 도시철도 2호선,대구교통공사,대구2,대구2,8040.8,8040.8,1,노선일치
S2702|0228,반고개,대구 도시철도 2호선,대구교통공사,대구2,대구2,7428.5,7428.5,1,노선일치
S2702|0229,청라언덕,대구 도시철도 2호선,대구교통공사,대구2,대구2:청라언덕역2,9912.8,9912.8,1,역명개칭
S2702|0230,반월당,대구 도시철도 2호선,대구교통공사,대구2,대구2:반월당역2,42228.6,42228.6,1,역명개칭
S2702|0231,경대병원,대구 도시철도 2호선,대구교통공사,대구2,대구2,13399.9,13399.9,1,노선일치
S2702|0232,대구은행(대구교육청),대구 도시철도 2호선,대구교통공사,대구2,대구2,11395.9,11395.9,1,노선일치
S2702|0233,범어,대구 도시철도 2호선,대구교통공사,대구2,대구2,15453.0,15453.0,1,노선일치
S2702|0234,수성구청(KBS),대구 도시철도 2호선,대구교통공사,대구2,대구2,10347.1,10347.1,1,노선일치
S2702|0235,만촌,대구 도시철도 2호선,대구교통공사,대구2,대구2,8261.0,8261.0,1,노선일치
S2702|0236,담티(수성대·대륜),대구 도시철도 2호선,대구교통공사,대구2,대구2,5899.4,5899.4,1,노선일치
S2702|0237,연호,대구 도시철도 2호선,대구교통공사,대구2,대구2,1095.0,1095.0,1,노선일치
S2702|0238,수성알파시티(삼성라이온즈파크),대구 도시철도 2호선,대구교통공사,대구2,,,,0,미매칭
S2702|0239,고산,대구 도시철도 2호선,대구교통공사,대구2,대구2,5096.3,5096.3,1,노선일치
S2702|0240,신매,대구 도시철도 2호선,대구교통공사,대구2,대구2,11345.9,11345.9,1,노선일치
S2702|0241,사월,대구 도시철도 2호선,대구교통공사,대구2,대구2,8040.9,8040.9,1,노선일치
S2702|0242,정평,대구 도시철도 2호선,대구교통공사,대구2,대구2,8389.3,8389.3,1,노선일치
S2702|0243,임당,대구 도시철도 2호선,대구교통공사,대구2,대구2,6323.6,6323.6,1,노선일치
S2702|0244,영남대,대구 도시철도 2호선,대구교통공사,대구2,대구2,15007.5,15007.5,1,노선일치
S2703|0312,칠곡경대병원,대구 도시철도 3호선,대구교통공사,대구3,대구3,2322.2,2322.2,1,노선일치
S2703|0313,학정,대구 도시철도 3호선,대구교통공사,대구3,대구3,786.1,786.1,1,노선일치
S2703|0314,팔거(국립농관원통계청),대구 도시철도 3호선,대구교통공사,대구3,대구3,8530.0,8530.0,1,노선일치
S2703|0315,동천,대구 도시철도 3호선,대구교통공사,대구3,대구3,3921.0,3921.0,1,노선일치
S2703|0316,칠곡운암,대구 도시철도 3호선,대구교통공사,대구3,대구3,7167.1,7167.1,1,노선일치
S2703|0317,구암(과학대보건대입구),대구 도시철도 3호선,대구교통공사,대구3,대구3,4183.5,4183.5,1,노선일치
S2703|0318,태전,대구 도시철도 3호선,대구교통공사,대구3,대구3,3887.3,3887.3,1,노선일치
S2703|0319,매천,대구 도시철도 3호선,대구교통공사,대구3,대구3,3850.6,3850.6,1,노선일치
S2703|0320,매천시장,대구 도시철도 3호선,대구교통공사,대구3,대구3,2881.9,2881.9,1,노선일치
S2703|0321,팔달,대구 도시철도 3호선,대구교통공사,대구3,대구3,2087.7,2087.7,1,노선일치
S2703|0322,공단,대구 도시철도 3호선,대구교통공사,대구3,대구3,2283.4,2283.4,1,노선일치
S2703|0323,만평,대구 도시철도 3호선,대구교통공사,대구3,대구3,2615.0,2615.0,1,노선일치
S2703|0324,팔달시장,대구 도시철도 3호선,대구교통공사,대구3,대구3,4558.7,4558.7,1,노선일치
S2703|0325,원대,대구 도시철도 3호선,대구교통공사,대구3,대구3,3421.8,3421.8,1,노선일치
S2703|0326,북구청 (대구iM뱅크파크),대구 도시철도 3호선,대구교통공사,대구3,대구3,7258.4,7258.4,1,노선일치
S2703|0327,달성공원,대구 도시철도 3호선,대구교통공사,대구3,대구3,5495.8,5495.8,1,노선일치
S2703|0328,서문시장(동산병원),대구 도시철도 3호선,대구교통공사,대구3,대구3,12803.5,12803.5,1,노선일치
S2703|0329,청라언덕(신남),대구 도시철도 3호선,대구교통공사,대구3,대구3:청라언덕역3,4410.6,4410.6,1,역명개칭
S2703|0330,남산(계명네거리),대구 도시철도 3호선,대구교통공사,대구3,대구3,5942.1,5942.1,1,노선일치
S2703|0331,명덕(2·28민주운동기념회관),대구 도시철도 3호선,대구교통공사,대구3,대구3:명덕역3,4949.7,4949.7,1,역명개칭
S2703|0332,건들바위,대구 도시철도 3호선,대구교통공사,대구3,대구3,3386.6,3386.6,1,노선일치
S2703|0333,대봉교,대구 도시철도 3호선,대구교통공사,대구3,대구3,5302.1,5302.1,1,노선일치
S2703|0334,수성시장,대구 도시철도 3호선,대구교통공사,대구3,대구3,5637.5,5637.5,1,노선일치
S2703|0335,수성구민운동장,대구 도시철도 3호선,대구교통공사,대구3,대구3,3360.1,3360.1,1,노선일치
S2703|0336,어린이세상,대구 도시철도 3호선,대구교통공사,대구3,,,,0,미매칭
S2703|0337,황금,대구 도시철도 3호선,대구교통공사,대구3,대구3,5479.3,5479.3,1,노선일치
S2703|0338,수성못(TBC),대구 도시철도 3호선,대구교통공사,대구3,대구3,4553.6,4553.6,1,노선일치
S2703|0339,지산,대구 도시철도 3호선,대구교통공사,대구3,대구3,4265.5,4265.5,1,노선일치
S2703|0340,범물,대구 도시철도 3호선,대구교통공사,대구3,대구3,7170.4,7170.4,1,노선일치
S2703|0341,용지,대구 도시철도 3호선,대구교통공사,대구3,대구3,4305.1,4305.1,1,노선일치
S3001|101,판암,대전 도시철도 1호선,대전교통공사,대전1,대전1,7412.6,7412.6,1,노선일치
S3001|102,신흥,대전 도시철도 1호선,대전교통공사,대전1,대전1,3912.8,3912.8,1,노선일치
S3001|103,대동,대전 도시철도 1호선,대전교통공사,대전1,대전1,7423.6,7423.6,1,노선일치
S3001|104,대전,대전 도시철도 1호선,대전교통공사,대전1,대전1,22571.3,22571.3,1,노선일치
S3001|105,중앙로,대전 도시철도 1호선,대전교통공사,대전1,대전1,14063.8,14063.8,1,노선일치
S3001|106,중구청,대전 도시철도 1호선,대전교통공사,대전1,대전1,4478.0,4478.0,1,노선일치
S3001|107,서대전네거리,대전 도시철도 1호선,대전교통공사,대전1,대전1,11104.2,11104.2,1,노선일치
S3001|108,오룡,대전 도시철도 1호선,대전교통공사,대전1,대전1,7356.1,7356.1,1,노선일치
S3001|109,용문,대전 도시철도 1호선,대전교통공사,대전1,대전1,13445.3,13445.3,1,노선일치
S3001|110,탄방,대전 도시철도 1호선,대전교통공사,대전1,대전1,8864.2,8864.2,1,노선일치
S3001|111,시청,대전 도시철도 1호선,대전교통공사,대전1,대전1,14677.5,14677.5,1,노선일치
S3001|112,정부청사,대전 도시철도 1호선,대전교통공사,대전1,대전1,12981.9,12981.9,1,노선일치
S3001|113,갈마,대전 도시철도 1호선,대전교통공사,대전1,대전1,5641.0,5641.0,1,노선일치
S3001|114,월평,대전 도시철도 1호선,대전교통공사,대전1,대전1,6744.1,6744.1,1,노선일치
S3001|115,갑천,대전 도시철도 1호선,대전교통공사,대전1,대전1,1889.5,1889.5,1,노선일치
S3001|116,유성온천,대전 도시철도 1호선,대전교통공사,대전1,대전1,18385.9,18385.9,1,노선일치
S3001|117,구암,대전 도시철도 1호선,대전교통공사,대전1,대전1,5589.3,5589.3,1,노선일치
S3001|118,현충원,대전 도시철도 1호선,대전교통공사,대전1,대전1,3932.4,3932.4,1,노선일치
S3001|119,월드컵경기장,대전 도시철도 1호선,대전교통공사,대전1,대전1,4891.3,4891.3,1,노선일치
S3001|120,노은,대전 도시철도 1호선,대전교통공사,대전1,대전1,8025.8,8025.8,1,노선일치
S3001|121,지족,대전 도시철도 1호선,대전교통공사,대전1,대전1,4100.3,4100.3,1,노선일치
S3001|122,반석,대전 도시철도 1호선,대전교통공사,대전1,대전1,13173.2,13173.2,1,노선일치
S2601|0095,다대포해수욕장,부산 도시철도 1호선,부산광역시 부산교통공사,부산1,부산1,9980.9,9980.9,1,노선일치
S2601|0096,다대포항,부산 도시철도 1호선,부산광역시 부산교통공사,부산1,부산1,7229.3,7229.3,1,노선일치
S2601|0097,낫개,부산 도시철도 1호선,부산광역시 부산교통공사,부산1,부산1,9806.4,9806.4,1,노선일치
S2601|0098,신장림,부산 도시철도 1호선,부산광역시 부산교통공사,부산1,부산1,6529.5,6529.5,1,노선일치
S2601|0099,장림,부산 도시철도 1호선,부산광역시 부산교통공사,부산1,부산1,7643.9,7643.9,1,노선일치
S2601|0100,동매,부산 도시철도 1호선,부산광역시 부산교통공사,부산1,부산1,7713.5,7713.5,1,노선일치
S2601|0101,신평,부산 도시철도 1호선,부산광역시 부산교통공사,부산1,부산1,12628.3,12628.3,1,노선일치
S2601|0102,하단,부산 도시철도 1호선,부산광역시 부산교통공사,부산1,부산1,36878.2,36878.2,1,노선일치
S2601|0103,당리,부산 도시철도 1호선,부산광역시 부산교통공사,부산1,부산1,13153.2,13153.2,1,노선일치
S2601|0104,사하,부산 도시철도 1호선,부산광역시 부산교통공사,부산1,부산1,8629.0,8629.0,1,노선일치
S2601|0105,괴정,부산 도시철도 1호선,부산광역시 부산교통공사,부산1,부산1,17558.5,17558.5,1,노선일치
S2601|0106,대티,부산 도시철도 1호선,부산광역시 부산교통공사,부산1,부산1,7876.1,7876.1,1,노선일치
S2601|0107,서대신,부산 도시철도 1호선,부산광역시 부산교통공사,부산1,부산1:서대신동,7021.0,7021.0,1,역명개칭
S2601|0108,동대신,부산 도시철도 1호선,부산광역시 부산교통공사,부산1,부산1:동대신동,12477.8,12477.8,1,역명개칭
S2601|0109,토성,부산 도시철도 1호선,부산광역시 부산교통공사,부산1,부산1:토성동,17334.1,17334.1,1,역명개칭
S2601|0110,자갈치,부산 도시철도 1호선,부산광역시 부산교통공사,부산1,부산1,35924.8,35924.8,1,노선일치
S2601|0111,남포,부산 도시철도 1호선,부산광역시 부산교통공사,부산1,부산1:남포동,37609.0,37609.0,1,역명개칭
S2601|0112,중앙,부산 도시철도 1호선,부산광역시 부산교통공사,부산1,부산1:중앙동,18105.0,18105.0,1,역명개칭
S2601|0113,부산역,부산 도시철도 1호선,부산광역시 부산교통공사,부산1,부산1,48600.0,48600.0,1,노선일치
S2601|0114,초량,부산 도시철도 1호선,부산광역시 부산교통공사,부산1,부산1:초량동,12469.5,12469.5,1,역명개칭
S2601|0115,부산진,부산 도시철도 1호선,부산광역시 부산교통공사,부산1,부산1,14007.7,14007.7,1,노선일치
S2601|0116,좌천,부산 도시철도 1호선,부산광역시 부산교통공사,부산1,부산1:좌천동,8206.8,8206.8,1,역명개칭
S2601|0117,범일,부산 도시철도 1호선,부산광역시 부산교통공사,부산1,부산1:범일동,29330.7,29330.7,1,역명개칭
S2601|0118,범내골,부산 도시철도 1호선,부산광역시 부산교통공사,부산1,부산1,20287.3,20287.3,1,노선일치
S2601|0119,서면,부산 도시철도 1호선,부산광역시 부산교통공사,부산1,부산1,75294.4,75294.4,1,노선일치
S2601|0120,부전,부산 도시철도 1호선,부산광역시 부산교통공사,부산1,부산1:부전동,34160.6,34160.6,1,역명개칭
S2601|0121,양정,부산 도시철도 1호선,부산광역시 부산교통공사,부산1,부산1,25167.4,25167.4,1,노선일치
S2601|0122,시청(연제),부산 도시철도 1호선,부산광역시 부산교통공사,부산1,부산1,29192.9,29192.9,1,노선일치
S2601|0123,연산,부산 도시철도 1호선,부산광역시 부산교통공사,부산1,부산1:연산동,34965.7,34965.7,1,역명개칭
S2601|0124,교대,부산 도시철도 1호선,부산광역시 부산교통공사,부산1,부산1:교대앞,27063.1,27063.1,1,역명개칭
S2601|0125,동래,부산 도시철도 1호선,부산광역시 부산교통공사,부산1,부산1,34198.2,34198.2,1,노선일치
S2601|0126,명륜,부산 도시철도 1호선,부산광역시 부산교통공사,부산1,부산1:명륜동,20679.7,20679.7,1,역명개칭
S2601|0127,온천장,부산 도시철도 1호선,부산광역시 부산교통공사,부산1,부산1,31479.4,31479.4,1,노선일치
S2601|0128,부산대,부산 도시철도 1호선,부산광역시 부산교통공사,부산1,부산1,28917.5,28917.5,1,노선일치
S2601|0129,장전,부산 도시철도 1호선,부산광역시 부산교통공사,부산1,부산1:장전동,21161.8,21161.8,1,역명개칭
S2601|0130,구서,부산 도시철도 1호선,부산광역시 부산교통공사,부산1,부산1:구서동,18592.1,18592.1,1,역명개칭
S2601|0131,두실,부산 도시철도 1호선,부산광역시 부산교통공사,부산1,부산1,12938.6,12938.6,1,노선일치
S2601|0132,남산,부산 도시철도 1호선,부산광역시 부산교통공사,부산1,부산1:남산동,10595.2,10595.2,1,역명개칭
S2601|0133,범어사,부산 도시철도 1호선,부산광역시 부산교통공사,부산1,부산1,14961.2,14961.2,1,노선일치
S2601|0134,노포,부산 도시철도 1호선,부산광역시 부산교통공사,부산1,부산1:노포동,21565.9,21565.9,1,역명개칭
S2602|0201,장산,부산 도시철도 2호선,부산광역시 부산교통공사,부산2,부산2,29494.9,29494.9,1,노선일치
S2602|0202,중동,부산 도시철도 2호선,부산광역시 부산교통공사,부산2,부산2,15178.4,15178.4,1,노선일치
S2602|0203,해운대,부산 도시철도 2호선,부산광역시 부산교통공사,부산2,부산2,29579.2,29579.2,1,노선일치
S2602|0204,동백,부산 도시철도 2호선,부산광역시 부산교통공사,부산2,부산2,13684.4,13684.4,1,노선일치
S2602|0205,벡스코,부산 도시철도 2호선,부산광역시 부산교통공사,부산2,부산2,20822.5,20822.5,1,노선일치
S2602|0206,센텀시티,부산 도시철도 2호선,부산광역시 부산교통공사,부산2,부산2,41516.8,41516.8,1,노선일치
S2602|0207,민락,부산 도시철도 2호선,부산광역시 부산교통공사,부산2,부산2,7129.9,7129.9,1,노선일치
S2602|0208,수영,부산 도시철도 2호선,부산광역시 부산교통공사,부산2,부산2,30658.6,30658.6,1,노선일치
S2602|0209,광안,부산 도시철도 2호선,부산광역시 부산교통공사,부산2,부산2,23106.7,23106.7,1,노선일치
S2602|0210,금련산,부산 도시철도 2호선,부산광역시 부산교통공사,부산2,부산2,16607.7,16607.7,1,노선일치
S2602|0211,남천,부산 도시철도 2호선,부산광역시 부산교통공사,부산2,부산2,15853.7,15853.7,1,노선일치
S2602|0212,경성대·부경대,부산 도시철도 2호선,부산광역시 부산교통공사,부산2,,,,0,미매칭
S2602|0213,대연,부산 도시철도 2호선,부산광역시 부산교통공사,부산2,부산2,19608.0,19608.0,1,노선일치
S2602|0214,못골,부산 도시철도 2호선,부산광역시 부산교통공사,부산2,부산2,10313.7,10313.7,1,노선일치
S2602|0215,지게골,부산 도시철도 2호선,부산광역시 부산교통공사,부산2,부산2,5420.0,5420.0,1,노선일치
S2602|0216,문현,부산 도시철도 2호선,부산광역시 부산교통공사,부산2,부산2,9890.2,9890.2,1,노선일치
S2602|0217,국제금융센터·부산은행,부산 도시철도 2호선,부산광역시 부산교통공사,부산2,부산2,10012.2,10012.2,1,노선일치
S2602|0218,전포,부산 도시철도 2호선,부산광역시 부산교통공사,부산2,부산2,21197.5,21197.5,1,노선일치
S2602|0219,서면,부산 도시철도 2호선,부산광역시 부산교통공사,부산2,부산2,49092.4,49092.4,1,노선일치
S2602|0220,부암,부산 도시철도 2호선,부산광역시 부산교통공사,부산2,부산2,11954.4,11954.4,1,노선일치
S2602|0221,가야,부산 도시철도 2호선,부산광역시 부산교통공사,부산2,부산2,6963.9,6963.9,1,노선일치
S2602|0222,동의대,부산 도시철도 2호선,부산광역시 부산교통공사,부산2,부산2,12465.3,12465.3,1,노선일치
S2602|0223,개금,부산 도시철도 2호선,부산광역시 부산교통공사,부산2,부산2,15986.9,15986.9,1,노선일치
S2602|0224,냉정,부산 도시철도 2호선,부산광역시 부산교통공사,부산2,부산2,10959.1,10959.1,1,노선일치
S2602|0225,주례,부산 도시철도 2호선,부산광역시 부산교통공사,부산2,부산2,13370.6,13370.6,1,노선일치
S2602|0226,감전,부산 도시철도 2호선,부산광역시 부산교통공사,부산2,부산2,7643.4,7643.4,1,노선일치
S2602|0227,사상,부산 도시철도 2호선,부산광역시 부산교통공사,부산2,부산2,44733.9,44733.9,1,노선일치
S2602|0228,덕포,부산 도시철도 2호선,부산광역시 부산교통공사,부산2,부산2,9088.2,9088.2,1,노선일치
S2602|0229,모덕,부산 도시철도 2호선,부산광역시 부산교통공사,부산2,부산2,3836.4,3836.4,1,노선일치
S2602|0230,모라,부산 도시철도 2호선,부산광역시 부산교통공사,부산2,부산2,8933.4,8933.4,1,노선일치
S2602|0231,구남,부산 도시철도 2호선,부산광역시 부산교통공사,부산2,부산2,8422.4,8422.4,1,노선일치
S2602|0232,구명,부산 도시철도 2호선,부산광역시 부산교통공사,부산2,부산2,6132.8,6132.8,1,노선일치
S2602|0233,덕천,부산 도시철도 2호선,부산광역시 부산교통공사,부산2,부산2,12126.8,12126.8,1,노선일치
S2602|0234,수정,부산 도시철도 2호선,부산광역시 부산교통공사,부산2,부산2,11639.0,11639.0,1,노선일치
S2602|0235,화명,부산 도시철도 2호선,부산광역시 부산교통공사,부산2,부산2,20782.6,20782.6,1,노선일치
S2602|0236,율리,부산 도시철도 2호선,부산광역시 부산교통공사,부산2,부산2,8512.8,8512.8,1,노선일치
S2602|0237,동원,부산 도시철도 2호선,부산광역시 부산교통공사,부산2,부산2,2916.0,2916.0,1,노선일치
S2602|0238,금곡,부산 도시철도 2호선,부산광역시 부산교통공사,부산2,부산2,4426.4,4426.4,1,노선일치
S2602|0239,호포,부산 도시철도 2호선,부산광역시 부산교통공사,부산2,부산2,2486.8,2486.8,1,노선일치
S2602|0240,증산,부산 도시철도 2호선,부산광역시 부산교통공사,부산2,부산2,8796.4,8796.4,1,노선일치
S2602|0241,부산대양산캠퍼스,부산 도시철도 2호선,부산광역시 부산교통공사,부산2,부산2,3290.6,3290.6,1,노선일치
S2602|0242,남양산,부산 도시철도 2호선,부산광역시 부산교통공사,부산2,부산2,6238.9,6238.9,1,노선일치
S2602|0243,양산,부산 도시철도 2호선,부산광역시 부산교통공사,부산2,부산2,11413.8,11413.8,1,노선일치
S2603|0301,수영,부산 도시철도 3호선,부산광역시 부산교통공사,부산3,부산교통공사,15329.3,15329.3,1,기관보완
S2603|0302,망미,부산 도시철도 3호선,부산광역시 부산교통공사,부산3,부산3,9167.7,9167.7,1,노선일치
S2603|0303,배산,부산 도시철도 3호선,부산광역시 부산교통공사,부산3,부산3,8787.7,8787.7,1,노선일치
S2603|0304,물만골,부산 도시철도 3호선,부산광역시 부산교통공사,부산3,부산3,7489.3,7489.3,1,노선일치
S2603|0305,연산,부산 도시철도 3호선,부산광역시 부산교통공사,부산3,부산3:연산동,18379.7,18379.7,1,역명개칭
S2603|0306,거제,부산 도시철도 3호선,부산광역시 부산교통공사,부산3,부산3,11679.3,11679.3,1,노선일치
S2603|0307,종합운동장,부산 도시철도 3호선,부산광역시 부산교통공사,부산3,부산3,14469.0,14469.0,1,노선일치
S2603|0308,사직,부산 도시철도 3호선,부산광역시 부산교통공사,부산3,부산3,15775.8,15775.8,1,노선일치
S2603|0309,미남,부산 도시철도 3호선,부산광역시 부산교통공사,부산3,부산3,19486.0,19486.0,1,노선일치
S2603|0310,만덕,부산 도시철도 3호선,부산광역시 부산교통공사,부산3,부산3,11985.0,11985.0,1,노선일치
S2603|0311,남산정,부산 도시철도 3호선,부산광역시 부산교통공사,부산3,부산3,9012.4,9012.4,1,노선일치
S2603|0312,숙등,부산 도시철도 3호선,부산광역시 부산교통공사,부산3,부산3,8103.4,8103.4,1,노선일치
S2603|0313,덕천,부산 도시철도 3호선,부산광역시 부산교통공사,부산3,부산3,23071.9,23071.9,1,노선일치
S2603|0314,구포,부산 도시철도 3호선,부산광역시 부산교통공사,부산3,부산3,6919.6,6919.6,1,노선일치
S2603|0315,강서구청,부산 도시철도 3호선,부산광역시 부산교통공사,부산3,부산3,5557.3,5557.3,1,노선일치
S2603|0316,체육공원,부산 도시철도 3호선,부산광역시 부산교통공사,부산3,부산3,1964.5,1964.5,1,노선일치
S2603|0317,대저,부산 도시철도 3호선,부산광역시 부산교통공사,부산3,부산3,15449.8,15449.8,1,노선일치
L2604|0401,미남,부산 경량도시철도 4호선,부산광역시 부산교통공사,부산4,부산교통공사,9743.0,9743.0,1,기관보완
L2604|0402,동래,부산 경량도시철도 4호선,부산광역시 부산교통공사,부산4,부산4,4620.6,4620.6,1,노선일치
L2604|0403,수안,부산 경량도시철도 4호선,부산광역시 부산교통공사,부산4,부산4,7924.2,7924.2,1,노선일치
L2604|0404,낙민,부산 경량도시철도 4호선,부산광역시 부산교통공사,부산4,부산4,3292.6,3292.6,1,노선일치
L2604|0405,충렬사,부산 경량도시철도 4호선,부산광역시 부산교통공사,부산4,부산4,6666.6,6666.6,1,노선일치
L2604|0406,명장,부산 경량도시철도 4호선,부산광역시 부산교통공사,부산4,부산4,5884.5,5884.5,1,노선일치
L2604|0407,서동,부산 경량도시철도 4호선,부산광역시 부산교통공사,부산4,부산4,4651.1,4651.1,1,노선일치
L2604|0408,금사,부산 경량도시철도 4호선,부산광역시 부산교통공사,부산4,부산4,3298.0,3298.0,1,노선일치
L2604|0409,반여농산물시장,부산 경량도시철도 4호선,부산광역시 부산교통공사,부산4,부산4,3741.6,3741.6,1,노선일치
L2604|0410,석대,부산 경량도시철도 4호선,부산광역시 부산교통공사,부산4,부산4,274.6,274.6,1,노선일치
L2604|0411,영산대,부산 경량도시철도 4호선,부산광역시 부산교통공사,부산4,부산4,5139.3,5139.3,1,노선일치
L2604|0412,윗반송,부산 경량도시철도 4호선,부산광역시 부산교통공사,부산4,부산4,4729.6,4729.6,1,노선일치
L2604|0413,고촌,부산 경량도시철도 4호선,부산광역시 부산교통공사,부산4,부산4,1044.0,1044.0,1,노선일치
L2604|0414,안평,부산 경량도시철도 4호선,부산광역시 부산교통공사,부산4,부산4,3723.8,3723.8,1,노선일치
L48B1|0001,사상,부산김해경전철,부산-김해경전철㈜,부산김해경전철,부산김해경전철,18523.3,18523.3,1,노선일치
L48B1|0002,괘법르네시떼,부산김해경전철,부산-김해경전철㈜,부산김해경전철,부산김해경전철,2928.3,2928.3,1,노선일치
L48B1|0003,서부산유통지구,부산김해경전철,부산-김해경전철㈜,부산김해경전철,부산김해경전철,2771.3,2771.3,1,노선일치
L48B1|0004,공항,부산김해경전철,부산-김해경전철㈜,부산김해경전철,부산김해경전철,11330.8,11330.8,1,노선일치
L48B1|0005,덕두,부산김해경전철,부산-김해경전철㈜,부산김해경전철,부산김해경전철,2309.7,2309.7,1,노선일치
L48B1|0006,등구,부산김해경전철,부산-김해경전철㈜,부산김해경전철,부산김해경전철,447.0,447.0,1,노선일치
L48B1|0007,대저,부산김해경전철,부산-김해경전철㈜,부산김해경전철,부산김해경전철,12755.8,12755.8,1,노선일치
L48B1|0008,평강,부산김해경전철,부산-김해경전철㈜,부산김해경전철,부산김해경전철,700.6,700.6,1,노선일치
L48B1|0009,대사,부산김해경전철,부산-김해경전철㈜,부산김해경전철,부산김해경전철,925.4,925.4,1,노선일치
L48B1|0010,불암,부산김해경전철,부산-김해경전철㈜,부산김해경전철,부산김해경전철,1080.5,1080.5,1,노선일치
L48B1|0011,지내,부산김해경전철,부산-김해경전철㈜,부산김해경전철,부산김해경전철,2065.0,2065.0,1,노선일치
L48B1|0012,김해대학,부산김해경전철,부산-김해경전철㈜,부산김해경전철,부산김해경전철,1873.1,1873.1,1,노선일치
L48B1|0013,인제대,부산김해경전철,부산-김해경전철㈜,부산김해경전철,부산김해경전철,3810.4,3810.4,1,노선일치
L48B1|0014,김해시청,부산김해경전철,부산-김해경전철㈜,부산김해경전철,부산김해경전철,2089.7,2089.7,1,노선일치
L48B1|0015,부원,부산김해경전철,부산-김해경전철㈜,부산김해경전철,부산김해경전철,5398.3,5398.3,1,노선일치
L48B1|0016,봉황,부산김해경전철,부산-김해경전철㈜,부산김해경전철,부산김해경전철,4140.8,4140.8,1,노선일치
L48B1|0017,수로왕릉,부산김해경전철,부산-김해경전철㈜,부산김해경전철,부산김해경전철,4723.6,4723.6,1,노선일치
L48B1|0018,박물관,부산김해경전철,부산-김해경전철㈜,부산김해경전철,부산김해경전철,3167.6,3167.6,1,노선일치
L48B1|0019,연지공원,부산김해경전철,부산-김해경전철㈜,부산김해경전철,부산김해경전철,2540.0,2540.0,1,노선일치
L48B1|0020,장신대,부산김해경전철,부산-김해경전철㈜,부산김해경전철,부산김해경전철,4081.3,4081.3,1,노선일치
L48B1|0021,가야대,부산김해경전철,부산-김해경전철㈜,부산김해경전철,부산김해경전철,4521.4,4521.4,1,노선일치
I4101|0124,청량리(서울시립대입구),1호선,서울교통공사,서울1,서울1,45442.5,45442.5,1,노선일치
I4101|0125,제기동,1호선,서울교통공사,서울1,서울1,32942.8,32942.8,1,노선일치
I4101|0126,신설동,1호선,서울교통공사,서울1,서울1,27145.9,27145.9,1,노선일치
I4101|0127,동묘앞,1호선,서울교통공사,서울1,서울1,21161.3,21161.3,1,노선일치
I4101|0128,동대문,1호선,서울교통공사,서울1,서울1,24459.6,24459.6,1,노선일치
I4101|0129,종로5가,1호선,서울교통공사,서울1,서울1,45732.0,45732.0,1,노선일치
I4101|0130,종로3가,1호선,서울교통공사,서울1,서울1,48819.3,48819.3,1,노선일치
I4101|0131,종각,1호선,서울교통공사,서울1,서울1,73662.3,73662.3,1,노선일치
I4101|0132,시청,1호선,서울교통공사,서울1,서울1,51781.4,51781.4,1,노선일치
I4101|0133,서울역,1호선,서울교통공사,서울1,서울1,139310.6,139310.6,1,노선일치
S1102|0201,시청,2호선,서울교통공사,서울2,서울2,48327.2,48327.2,1,노선일치
S1102|0202,을지로입구,2호선,서울교통공사,서울2,서울2,96987.8,96987.8,1,노선일치
S1102|0203,을지로3가,2호선,서울교통공사,서울2,서울2,48116.1,48116.1,1,노선일치
S1102|0204,을지로4가,2호선,서울교통공사,서울2,서울2,27738.3,27738.3,1,노선일치
S1102|0205,동대문역사문화공원(DDP),2호선,서울교통공사,서울2,서울2,33586.4,33586.4,1,노선일치
S1102|0206,신당,2호선,서울교통공사,서울2,서울2,29799.4,29799.4,1,노선일치
S1102|0207,상왕십리,2호선,서울교통공사,서울2,서울2,27424.8,27424.8,1,노선일치
S1102|0208,왕십리(성동구청),2호선,서울교통공사,서울2,서울2,30010.3,30010.3,1,노선일치
S1102|0209,한양대,2호선,서울교통공사,서울2,서울2,22924.4,22924.4,1,노선일치
S1102|0210,뚝섬,2호선,서울교통공사,서울2,서울2,49274.5,49274.5,1,노선일치
S1102|0211,성수,2호선,서울교통공사,서울2,서울2,102309.1,102309.1,1,노선일치
S1102|0212,건대입구,2호선,서울교통공사,서울2,서울2,75238.5,75238.5,1,노선일치
S1102|0213,구의(광진구청),2호선,서울교통공사,서울2,서울2,50257.7,50257.7,1,노선일치
S1102|0214,강변(동서울터미널),2호선,서울교통공사,서울2,서울2,52728.5,52728.5,1,노선일치
S1102|0215,잠실나루,2호선,서울교통공사,서울2,서울2,27382.9,27382.9,1,노선일치
S1102|0216,잠실(송파구청),2호선,서울교통공사,서울2,서울2,157128.7,157128.7,1,노선일치
S1102|0217,잠실새내,2호선,서울교통공사,서울2,서울2,46006.8,46006.8,1,노선일치
S1102|0218,종합운동장,2호선,서울교통공사,서울2,서울2,28642.3,28642.3,1,노선일치
S1102|0219,삼성(무역센터),2호선,서울교통공사,서울2,서울2,103809.0,103809.0,1,노선일치
S1102|0220,선릉,2호선,서울교통공사,서울2,서울2,97919.9,97919.9,1,노선일치
S1102|0221,역삼,2호선,서울교통공사,서울2,서울2,95407.3,95407.3,1,노선일치
S1102|0222,강남,2호선,서울교통공사,서울2,서울2,151930.5,151930.5,1,노선일치
S1102|0223,교대(법원·검찰청),2호선,서울교통공사,서울2,서울2,62157.1,62157.1,1,노선일치
S1102|0224,서초,2호선,서울교통공사,서울2,서울2,41087.0,41087.0,1,노선일치
S1102|0225,방배,2호선,서울교통공사,서울2,서울2,32551.0,32551.0,1,노선일치
S1102|0226,사당,2호선,서울교통공사,서울2,서울2,86854.6,86854.6,1,노선일치
S1102|0227,낙성대(강감찬),2호선,서울교통공사,서울2,서울2,52893.2,52893.2,1,노선일치
S1102|0228,서울대입구(관악구청),2호선,서울교통공사,서울2,서울2,88416.2,88416.2,1,노선일치
S1102|0229,봉천,2호선,서울교통공사,서울2,서울2,45837.7,45837.7,1,노선일치
S1102|0230,신림,2호선,서울교통공사,서울2,서울2,106133.8,106133.8,1,노선일치
S1102|0231,신대방,2호선,서울교통공사,서울2,서울2,47845.0,47845.0,1,노선일치
S1102|0232,구로디지털단지,2호선,서울교통공사,서울2,서울2,106675.3,106675.3,1,노선일치
S1102|0233,대림(구로구청),2호선,서울교통공사,서울2,서울2,47772.6,47772.6,1,노선일치
S1102|0234,신도림,2호선,서울교통공사,서울2,서울2,95805.8,95805.8,1,노선일치
S1102|0235,문래,2호선,서울교통공사,서울2,서울2,44388.3,44388.3,1,노선일치
S1102|0236,영등포구청,2호선,서울교통공사,서울2,서울2,43448.8,43448.8,1,노선일치
S1102|0237,당산,2호선,서울교통공사,서울2,서울2,37970.2,37970.2,1,노선일치
S1102|0238,합정,2호선,서울교통공사,서울2,서울2,66231.1,66231.1,1,노선일치
S1102|0239,홍대입구,2호선,서울교통공사,서울2,서울2,152989.8,152989.8,1,노선일치
S1102|0240,신촌(지하),2호선,서울교통공사,서울2,서울2,75449.2,75449.2,1,노선일치
S1102|0241,이대,2호선,서울교통공사,서울2,서울2,34259.2,34259.2,1,노선일치
S1102|0242,아현,2호선,서울교통공사,서울2,서울2,20579.0,20579.0,1,노선일치
S1102|0243,충정로(경기대입구),2호선,서울교통공사,서울2,서울2,19642.2,19642.2,1,노선일치
I1103|0319,지축,3호선,서울교통공사,서울3,서울3,14722.3,14722.3,1,노선일치
I1103|0320,구파발,3호선,서울교통공사,서울3,서울3,42042.3,42042.3,1,노선일치
I1103|0321,연신내,3호선,서울교통공사,서울3,서울3,69691.5,69691.5,1,노선일치
I1103|0322,불광,3호선,서울교통공사,서울3,서울3,33668.6,33668.6,1,노선일치
I1103|0323,녹번,3호선,서울교통공사,서울3,서울3,27808.1,27808.1,1,노선일치
I1103|0324,홍제,3호선,서울교통공사,서울3,서울3,34259.6,34259.6,1,노선일치
I1103|0325,무악재,3호선,서울교통공사,서울3,서울3,8178.2,8178.2,1,노선일치
I1103|0326,독립문,3호선,서울교통공사,서울3,서울3,16025.9,16025.9,1,노선일치
I1103|0327,경복궁(정부서울청사),3호선,서울교통공사,서울3,서울3,53719.6,53719.6,1,노선일치
I1103|0328,안국,3호선,서울교통공사,서울3,서울3,55024.9,55024.9,1,노선일치
I1103|0329,종로3가,3호선,서울교통공사,서울3,서울3,23582.0,23582.0,1,노선일치
I1103|0330,을지로3가,3호선,서울교통공사,서울3,서울3,23371.5,23371.5,1,노선일치
I1103|0331,충무로,3호선,서울교통공사,서울3,서울3,0.0,0.0,1,노선일치
I1103|0332,동대입구,3호선,서울교통공사,서울3,서울3,23078.4,23078.4,1,노선일치
I1103|0333,약수,3호선,서울교통공사,서울3,서울3,24319.8,24319.8,1,노선일치
I1103|0334,금호,3호선,서울교통공사,서울3,서울3,15164.9,15164.9,1,노선일치
I1103|0335,옥수,3호선,서울교통공사,서울3,서울3,17958.0,17958.0,1,노선일치
I1103|0336,압구정,3호선,서울교통공사,서울3,서울3,60812.7,60812.7,1,노선일치
I1103|0337,신사,3호선,서울교통공사,서울3,서울3,52938.7,52938.7,1,노선일치
I1103|0338,잠원,3호선,서울교통공사,서울3,서울3,11353.8,11353.8,1,노선일치
I1103|0339,고속터미널,3호선,서울교통공사,서울3,서울3,99526.2,99526.2,1,노선일치
I1103|0340,교대(법원·검찰청),3호선,서울교통공사,서울3,서울3,24569.3,24569.3,1,노선일치
I1103|0341,남부터미널(예술의전당),3호선,서울교통공사,서울3,서울3,59535.6,59535.6,1,노선일치
I1103|0342,양재(서초구청),3호선,서울교통공사,서울3,서울3,71317.5,71317.5,1,노선일치
I1103|0343,매봉,3호선,서울교통공사,서울3,서울3,23237.8,23237.8,1,노선일치
I1103|0344,도곡,3호선,서울교통공사,서울3,서울3,11534.9,11534.9,1,노선일치
I1103|0345,대치,3호선,서울교통공사,서울3,서울3,24092.4,24092.4,1,노선일치
I1103|0346,학여울,3호선,서울교통공사,서울3,서울3,4937.9,4937.9,1,노선일치
I1103|0347,대청,3호선,서울교통공사,서울3,서울3,19938.6,19938.6,1,노선일치
I1103|0348,일원,3호선,서울교통공사,서울3,서울3,20503.6,20503.6,1,노선일치
I1103|0349,수서,3호선,서울교통공사,서울3,서울3,36850.8,36850.8,1,노선일치
I1103|0350,가락시장,3호선,서울교통공사,서울3,서울3,17183.0,17183.0,1,노선일치
I1103|0351,경찰병원,3호선,서울교통공사,서울3,서울3,13972.0,13972.0,1,노선일치
I1103|0352,오금,3호선,서울교통공사,서울3,서울3,11691.4,11691.4,1,노선일치
I1104|0409,불암산,4호선,서울교통공사,서울4,서울4:당고개,17986.1,17986.1,1,역명개칭
I1104|0410,상계,4호선,서울교통공사,서울4,서울4,36737.0,36737.0,1,노선일치
I1104|0411,노원,4호선,서울교통공사,서울4,서울4,43051.3,43051.3,1,노선일치
I1104|0412,창동,4호선,서울교통공사,서울4,서울4,53980.3,53980.3,1,노선일치
I1104|0413,쌍문,4호선,서울교통공사,서울4,서울4,54273.1,54273.1,1,노선일치
I1104|0414,수유(강북구청),4호선,서울교통공사,서울4,서울4,66362.7,66362.7,1,노선일치
I1104|0415,미아(서울사이버대학),4호선,서울교통공사,서울4,서울4,30294.1,30294.1,1,노선일치
I1104|0416,미아사거리,4호선,서울교통공사,서울4,서울4,50294.7,50294.7,1,노선일치
I1104|0417,길음,4호선,서울교통공사,서울4,서울4,41327.4,41327.4,1,노선일치
I1104|0418,성신여대입구(돈암),4호선,서울교통공사,서울4,서울4,43386.1,43386.1,1,노선일치
I1104|0419,한성대입구(삼선교),4호선,서울교통공사,서울4,서울4,28095.2,28095.2,1,노선일치
I1104|0420,혜화,4호선,서울교통공사,서울4,서울4,73272.8,73272.8,1,노선일치
I1104|0421,동대문,4호선,서울교통공사,서울4,서울4,37071.4,37071.4,1,노선일치
I1104|0422,동대문역사문화공원(DDP),4호선,서울교통공사,서울4,서울4,36933.9,36933.9,1,노선일치
I1104|0423,충무로,4호선,서울교통공사,서울4,서울4,60048.7,60048.7,1,노선일치
I1104|0424,명동,4호선,서울교통공사,서울4,서울4,75158.5,75158.5,1,노선일치
I1104|0425,회현(남대문시장),4호선,서울교통공사,서울4,서울4,55103.4,55103.4,1,노선일치
I1104|0426,서울역,4호선,서울교통공사,서울4,서울4,34744.2,34744.2,1,노선일치
I1104|0427,숙대입구(갈월),4호선,서울교통공사,서울4,서울4,29545.3,29545.3,1,노선일치
I1104|0428,삼각지(전쟁기념관),4호선,서울교통공사,서울4,서울4,14488.6,14488.6,1,노선일치
I1104|0429,신용산,4호선,서울교통공사,서울4,서울4,42844.3,42844.3,1,노선일치
I1104|0430,이촌(국립중앙박물관),4호선,서울교통공사,서울4,서울4,21891.2,21891.2,1,노선일치
I1104|0431,동작(현충원),4호선,서울교통공사,서울4,서울4,4638.5,4638.5,1,노선일치
I1104|0432,총신대입구(이수),4호선,서울교통공사,서울4,서울4,39443.7,39443.7,1,노선일치
I1104|0433,사당,4호선,서울교통공사,서울4,서울4,48393.3,48393.3,1,노선일치
I1104|0434,남태령,4호선,서울교통공사,서울4,서울4,2633.1,2633.1,1,노선일치
S1105|0510,방화,5호선,서울교통공사,서울5,서울5,13400.0,13400.0,1,노선일치
S1105|0511,개화산,5호선,서울교통공사,서울5,서울5,11520.6,11520.6,1,노선일치
S1105|0512,김포공항,5호선,서울교통공사,서울5,서울5,20699.1,20699.1,1,노선일치
S1105|0513,송정,5호선,서울교통공사,서울5,서울5,12100.1,12100.1,1,노선일치
S1105|0514,마곡,5호선,서울교통공사,서울5,서울5,26189.6,26189.6,1,노선일치
S1105|0515,발산,5호선,서울교통공사,서울5,서울5,44858.8,44858.8,1,노선일치
S1105|0516,우장산,5호선,서울교통공사,서울5,서울5,28573.0,28573.0,1,노선일치
S1105|0517,화곡,5호선,서울교통공사,서울5,서울5,52674.5,52674.5,1,노선일치
S1105|0518,까치산,5호선,서울교통공사,서울5,서울5,52127.9,52127.9,1,노선일치
S1105|0519,신정(은행정),5호선,서울교통공사,서울5,서울5,23521.5,23521.5,1,노선일치
S1105|0520,목동,5호선,서울교통공사,서울5,서울5,32836.8,32836.8,1,노선일치
S1105|0521,오목교(목동운동장앞),5호선,서울교통공사,서울5,서울5,41783.7,41783.7,1,노선일치
S1105|0522,양평,5호선,서울교통공사,서울5,서울5,15054.8,15054.8,1,노선일치
S1105|0523,영등포구청,5호선,서울교통공사,서울5,서울5,9576.7,9576.7,1,노선일치
S1105|0524,영등포시장,5호선,서울교통공사,서울5,서울5,23424.6,23424.6,1,노선일치
S1105|0525,신길,5호선,서울교통공사,서울5,서울5,9813.1,9813.1,1,노선일치
S1105|0526,여의도,5호선,서울교통공사,서울5,서울5,54596.8,54596.8,1,노선일치
S1105|0527,여의나루,5호선,서울교통공사,서울5,서울5,27823.5,27823.5,1,노선일치
S1105|0528,마포,5호선,서울교통공사,서울5,서울5,27779.3,27779.3,1,노선일치
S1105|0529,공덕,5호선,서울교통공사,서울5,서울5,27716.1,27716.1,1,노선일치
S1105|0530,애오개,5호선,서울교통공사,서울5,서울5,12414.1,12414.1,1,노선일치
S1105|0531,충정로(경기대입구),5호선,서울교통공사,서울5,서울5,9154.1,9154.1,1,노선일치
S1105|0532,서대문,5호선,서울교통공사,서울5,서울5,36280.3,36280.3,1,노선일치
S1105|0533,광화문(세종문화회관),5호선,서울교통공사,서울5,서울5,66955.5,66955.5,1,노선일치
S1105|0534,종로3가(탑골공원),5호선,서울교통공사,서울5,서울5,31452.1,31452.1,1,노선일치
S1105|0535,을지로4가,5호선,서울교통공사,서울5,서울5,12440.6,12440.6,1,노선일치
S1105|0536,동대문역사문화공원(DDP),5호선,서울교통공사,서울5,서울5,6385.3,6385.3,1,노선일치
S1105|0537,청구,5호선,서울교통공사,서울5,서울5,6664.3,6664.3,1,노선일치
S1105|0538,신금호,5호선,서울교통공사,서울5,서울5,12425.1,12425.1,1,노선일치
S1105|0539,행당,5호선,서울교통공사,서울5,서울5,14542.6,14542.6,1,노선일치
S1105|0540,왕십리(성동구청),5호선,서울교통공사,서울5,서울5,9584.4,9584.4,1,노선일치
S1105|0541,마장,5호선,서울교통공사,서울5,서울5,11127.6,11127.6,1,노선일치
S1105|0542,답십리,5호선,서울교통공사,서울5,서울5,30145.5,30145.5,1,노선일치
S1105|0543,장한평,5호선,서울교통공사,서울5,서울5,37595.6,37595.6,1,노선일치
S1105|0544,군자(능동),5호선,서울교통공사,서울5,서울5,24477.7,24477.7,1,노선일치
S1105|0545,아차산(어린이대공원후문),5호선,서울교통공사,서울5,서울5,29026.6,29026.6,1,노선일치
S1105|0546,광나루(장신대),5호선,서울교통공사,서울5,서울5,21894.0,21894.0,1,노선일치
S1105|0547,천호(풍납토성),5호선,서울교통공사,서울5,서울5,39173.3,39173.3,1,노선일치
S1105|0548,강동,5호선,서울교통공사,서울5,서울5,35682.9,35682.9,1,노선일치
S1105|0549,길동,5호선,서울교통공사,서울5,서울5,17482.5,17482.5,1,노선일치
S1105|0550,굽은다리(강동구민회관앞),5호선,서울교통공사,서울5,서울5,18983.3,18983.3,1,노선일치
S1105|0551,명일,5호선,서울교통공사,서울5,서울5,16042.2,16042.2,1,노선일치
S1105|0552,고덕,5호선,서울교통공사,서울5,서울5,19746.1,19746.1,1,노선일치
S1105|0553,상일동,5호선,서울교통공사,서울5,서울5,27304.6,27304.6,1,노선일치
S1105|0554,강일,5호선,서울교통공사,서울5,서울5,11345.5,11345.5,1,노선일치
S1105|0555,미사,5호선,서울교통공사,서울5,서울5,35272.8,35272.8,1,노선일치
S1105|0556,하남풍산,5호선,서울교통공사,서울5,서울5,8968.2,8968.2,1,노선일치
S1105|0557,하남시청(덕풍∙신장),5호선,서울교통공사,서울5,서울5,16415.1,16415.1,1,노선일치
S1105|0558,하남검단산,5호선,서울교통공사,서울5,서울5,12958.8,12958.8,1,노선일치
S1106|0610,응암,6호선,서울교통공사,서울6,서울6,34350.7,34350.7,1,노선일치
S1106|0611,역촌,6호선,서울교통공사,서울6,서울6,8119.6,8119.6,1,노선일치
S1106|0612,불광,6호선,서울교통공사,서울6,서울6,9166.3,9166.3,1,노선일치
S1106|0613,독바위,6호선,서울교통공사,서울6,서울6,5449.4,5449.4,1,노선일치
S1106|0614,연신내,6호선,서울교통공사,서울6,서울6,0.0,0.0,1,노선일치
S1106|0615,구산,6호선,서울교통공사,서울6,서울6,14087.2,14087.2,1,노선일치
S1106|0616,새절(신사),6호선,서울교통공사,서울6,서울6,23552.3,23552.3,1,노선일치
S1106|0617,증산(명지대앞),6호선,서울교통공사,서울6,서울6,18126.7,18126.7,1,노선일치
S1106|0618,디지털미디어시티,6호선,서울교통공사,서울6,서울6,28707.3,28707.3,1,노선일치
S1106|0619,월드컵경기장(성산),6호선,서울교통공사,서울6,서울6,12284.1,12284.1,1,노선일치
S1106|0620,마포구청,6호선,서울교통공사,서울6,서울6,27075.6,27075.6,1,노선일치
S1106|0621,망원,6호선,서울교통공사,서울6,서울6,33181.9,33181.9,1,노선일치
S1106|0622,합정,6호선,서울교통공사,서울6,서울6,26953.0,26953.0,1,노선일치
S1106|0623,상수,6호선,서울교통공사,서울6,서울6,22002.4,22002.4,1,노선일치
S1106|0624,광흥창(서강),6호선,서울교통공사,서울6,서울6,18030.6,18030.6,1,노선일치
S1106|0625,대흥(서강대앞),6호선,서울교통공사,서울6,서울6,18861.9,18861.9,1,노선일치
S1106|0626,공덕,6호선,서울교통공사,서울6,서울6,35424.2,35424.2,1,노선일치
S1106|0627,효창공원앞,6호선,서울교통공사,서울6,서울6,14103.9,14103.9,1,노선일치
S1106|0628,삼각지(전쟁기념관),6호선,서울교통공사,서울6,서울6,14859.1,14859.1,1,노선일치
S1106|0629,녹사평(용산구청),6호선,서울교통공사,서울6,서울6,10839.1,10839.1,1,노선일치
S1106|0630,이태원,6호선,서울교통공사,서울6,서울6,25480.9,25480.9,1,노선일치
S1106|0631,한강진,6호선,서울교통공사,서울6,서울6,22852.0,22852.0,1,노선일치
S1106|0632,버티고개,6호선,서울교통공사,서울6,서울6,4423.5,4423.5,1,노선일치
S1106|0633,약수,6호선,서울교통공사,서울6,서울6,7301.4,7301.4,1,노선일치
S1106|0634,청구,6호선,서울교통공사,서울6,서울6,7208.0,7208.0,1,노선일치
S1106|0635,신당,6호선,서울교통공사,서울6,서울6,16523.1,16523.1,1,노선일치
S1106|0636,동묘앞,6호선,서울교통공사,서울6,서울6,18149.2,18149.2,1,노선일치
S1106|0637,창신,6호선,서울교통공사,서울6,서울6,6379.9,6379.9,1,노선일치
S1106|0638,보문,6호선,서울교통공사,서울6,서울6,15388.6,15388.6,1,노선일치
S1106|0639,안암(고대병원앞),6호선,서울교통공사,서울6,서울6,25333.7,25333.7,1,노선일치
S1106|0640,고려대(종암),6호선,서울교통공사,서울6,서울6,16928.9,16928.9,1,노선일치
S1106|0641,월곡(동덕여대),6호선,서울교통공사,서울6,서울6,22628.2,22628.2,1,노선일치
S1106|0642,상월곡(한국과학기술연구원),6호선,서울교통공사,서울6,서울6,12268.6,12268.6,1,노선일치
S1106|0643,돌곶이,6호선,서울교통공사,서울6,서울6,20770.2,20770.2,1,노선일치
S1106|0644,석계,6호선,서울교통공사,서울6,서울6,24294.7,24294.7,1,노선일치
S1106|0645,태릉입구,6호선,서울교통공사,서울6,서울6,12288.2,12288.2,1,노선일치
S1106|0646,화랑대(서울여대입구),6호선,서울교통공사,서울6,서울6,20246.3,20246.3,1,노선일치
S1106|0647,봉화산(서울의료원),6호선,서울교통공사,서울6,서울6,16148.2,16148.2,1,노선일치
S1106|0648,신내,6호선,서울교통공사,서울6,서울6,0.0,0.0,1,노선일치
S1107|0709,장암,7호선,서울교통공사,서울7,서울7,3994.0,3994.0,1,노선일치
S1107|0710,도봉산,7호선,서울교통공사,서울7,서울7,18881.1,18881.1,1,노선일치
S1107|0711,수락산,7호선,서울교통공사,서울7,서울7,24407.7,24407.7,1,노선일치
S1107|0712,마들,7호선,서울교통공사,서울7,서울7,25097.7,25097.7,1,노선일치
S1107|0713,노원,7호선,서울교통공사,서울7,서울7,40328.9,40328.9,1,노선일치
S1107|0714,중계,7호선,서울교통공사,서울7,서울7,27120.1,27120.1,1,노선일치
S1107|0715,하계,7호선,서울교통공사,서울7,서울7,33794.4,33794.4,1,노선일치
S1107|0716,공릉(서울과학기술대),7호선,서울교통공사,서울7,서울7,23970.6,23970.6,1,노선일치
S1107|0717,태릉입구,7호선,서울교통공사,서울7,서울7,16708.6,16708.6,1,노선일치
S1107|0718,먹골,7호선,서울교통공사,서울7,서울7,19696.8,19696.8,1,노선일치
S1107|0719,중화,7호선,서울교통공사,서울7,서울7,20567.8,20567.8,1,노선일치
S1107|0720,상봉,7호선,서울교통공사,서울7,서울7,33574.2,33574.2,1,노선일치
S1107|0721,면목,7호선,서울교통공사,서울7,서울7,28113.9,28113.9,1,노선일치
S1107|0722,사가정,7호선,서울교통공사,서울7,서울7,30972.7,30972.7,1,노선일치
S1107|0723,용마산(용마폭포공원),7호선,서울교통공사,서울7,서울7,11040.8,11040.8,1,노선일치
S1107|0724,중곡,7호선,서울교통공사,서울7,서울7,20336.7,20336.7,1,노선일치
S1107|0725,군자(능동),7호선,서울교통공사,서울7,서울7,26339.2,26339.2,1,노선일치
S1107|0726,어린이대공원(세종대),7호선,서울교통공사,서울7,서울7,32144.6,32144.6,1,노선일치
S1107|0727,건대입구,7호선,서울교통공사,서울7,서울7,28101.8,28101.8,1,노선일치
S1107|0728,자양(뚝섬한강공원),7호선,서울교통공사,서울7,서울7:뚝섬유원지,19452.8,19452.8,1,역명개칭
S1107|0729,청담,7호선,서울교통공사,서울7,서울7,35307.0,35307.0,1,노선일치
S1107|0730,강남구청,7호선,서울교통공사,서울7,서울7,31529.5,31529.5,1,노선일치
S1107|0731,학동,7호선,서울교통공사,서울7,서울7,42026.7,42026.7,1,노선일치
S1107|0732,논현,7호선,서울교통공사,서울7,서울7,35521.4,35521.4,1,노선일치
S1107|0733,반포,7호선,서울교통공사,서울7,서울7,12649.2,12649.2,1,노선일치
S1107|0734,고속터미널,7호선,서울교통공사,서울7,서울7,32432.6,32432.6,1,노선일치
S1107|0735,내방,7호선,서울교통공사,서울7,서울7,27464.9,27464.9,1,노선일치
S1107|0736,이수,7호선,서울교통공사,서울7,서울7,32260.5,32260.5,1,노선일치
S1107|0737,남성,7호선,서울교통공사,서울7,서울7,21182.6,21182.6,1,노선일치
S1107|0738,숭실대입구(살피재),7호선,서울교통공사,서울7,서울7,26609.0,26609.0,1,노선일치
S1107|0739,상도,7호선,서울교통공사,서울7,서울7,23238.4,23238.4,1,노선일치
S1107|0740,장승배기,7호선,서울교통공사,서울7,서울7,17866.8,17866.8,1,노선일치
S1107|0741,신대방삼거리,7호선,서울교통공사,서울7,서울7,28237.3,28237.3,1,노선일치
S1107|0742,보라매,7호선,서울교통공사,서울7,서울7,13309.1,13309.1,1,노선일치
S1107|0743,신풍,7호선,서울교통공사,서울7,서울7,22362.0,22362.0,1,노선일치
S1107|0744,대림(구로구청),7호선,서울교통공사,서울7,서울7,18314.8,18314.8,1,노선일치
S1107|0745,남구로,7호선,서울교통공사,서울7,서울7,28444.2,28444.2,1,노선일치
S1107|0746,가산디지털단지,7호선,서울교통공사,서울7,서울7,75961.0,75961.0,1,노선일치
S1107|0747,철산,7호선,서울교통공사,서울7,서울7,41789.7,41789.7,1,노선일치
S1107|0748,광명사거리,7호선,서울교통공사,서울7,서울7,41341.9,41341.9,1,노선일치
S1107|0749,천왕,7호선,서울교통공사,서울7,서울7,21826.6,21826.6,1,노선일치
S1107|0750,온수(성공회대입구),7호선,서울교통공사,서울7,서울7,18210.8,18210.8,1,노선일치
S1108|0809,암사역사공원,8호선,서울교통공사,서울8,서울8,11771.1,11771.1,1,노선일치
S1108|0810,암사,8호선,서울교통공사,서울8,서울8,30190.2,30190.2,1,노선일치
S1108|0811,천호(풍납토성),8호선,서울교통공사,서울8,서울8,36264.0,36264.0,1,노선일치
S1108|0812,강동구청,8호선,서울교통공사,서울8,서울8,20407.0,20407.0,1,노선일치
S1108|0813,몽촌토성(평화의문),8호선,서울교통공사,서울8,서울8,14644.5,14644.5,1,노선일치
S1108|0814,잠실(송파구청),8호선,서울교통공사,서울8,서울8,41552.2,41552.2,1,노선일치
S1108|0815,석촌,8호선,서울교통공사,서울8,서울8,18468.5,18468.5,1,노선일치
S1108|0816,송파,8호선,서울교통공사,서울8,서울8,18582.7,18582.7,1,노선일치
S1108|0817,가락시장,8호선,서울교통공사,서울8,서울8,17203.8,17203.8,1,노선일치
S1108|0818,문정,8호선,서울교통공사,서울8,서울8,41614.5,41614.5,1,노선일치
S1108|0819,장지,8호선,서울교통공사,서울8,서울8,31803.5,31803.5,1,노선일치
S1108|0820,복정,8호선,서울교통공사,서울8,서울8,17289.1,17289.1,1,노선일치
S1108|0821,남위례,8호선,서울교통공사,서울8,서울8,14365.0,14365.0,1,노선일치
S1108|0822,산성,8호선,서울교통공사,서울8,서울8,12065.2,12065.2,1,노선일치
S1108|0823,남한산성입구(성남법원·검찰청),8호선,서울교통공사,서울8,서울8,24135.4,24135.4,1,노선일치
S1108|0824,단대오거리,8호선,서울교통공사,서울8,서울8,22635.9,22635.9,1,노선일치
S1108|0825,신흥,8호선,서울교통공사,서울8,서울8,10439.2,10439.2,1,노선일치
S1108|0826,수진,8호선,서울교통공사,서울8,서울8,10506.2,10506.2,1,노선일치
S1108|0827,모란,8호선,서울교통공사,서울8,서울8,9360.3,9360.3,1,노선일치
S1121|2111,용답,2호선,서울교통공사,서울2,서울2,6078.7,6078.7,1,노선일치
S1121|2112,신답,2호선,서울교통공사,서울2,서울2,3367.0,3367.0,1,노선일치
S1121|2113,용두(동대문구청),2호선,서울교통공사,서울2,서울2,5053.0,5053.0,1,노선일치
S1121|2114,신설동,2호선,서울교통공사,서울2,서울2,7698.6,7698.6,1,노선일치
S1122|2341,도림천,2호선,서울교통공사,서울2,서울2,2675.8,2675.8,1,노선일치
S1122|2342,양천구청,2호선,서울교통공사,서울2,서울2,13418.9,13418.9,1,노선일치
S1122|2343,신정네거리,2호선,서울교통공사,서울2,서울2,19915.8,19915.8,1,노선일치
S1105|P549,둔촌동,5호선,서울교통공사,서울5,서울5,24278.2,24278.2,1,노선일치
S1105|P550,올림픽공원(한국체대),5호선,서울교통공사,서울5,서울5,10345.3,10345.3,1,노선일치
S1105|P551,방이,5호선,서울교통공사,서울5,서울5,14703.3,14703.3,1,노선일치
S1105|P552,오금,5호선,서울교통공사,서울5,서울5,7054.2,7054.2,1,노선일치
S1105|P553,개롱,5호선,서울교통공사,서울5,서울5,12931.7,12931.7,1,노선일치
S1105|P554,거여,5호선,서울교통공사,서울5,서울5,19030.8,19030.8,1,노선일치
S1105|P555,마천,5호선,서울교통공사,서울5,서울5,13216.8,13216.8,1,노선일치
S1109|4126,언주,수도권  도시철도 9호선,서울시메트로9호선㈜,서울9,서울9,21538.1,21538.1,1,노선일치
S1109|4127,선정릉,수도권  도시철도 9호선,서울시메트로9호선㈜,서울9,서울9,19470.2,19470.2,1,노선일치
S1109|4128,삼성중앙,수도권  도시철도 9호선,서울시메트로9호선㈜,서울9,서울9,14912.8,14912.8,1,노선일치
S1109|4129,봉은사,수도권  도시철도 9호선,서울시메트로9호선㈜,서울9,서울9,44481.8,44481.8,1,노선일치
S1109|4130,종합운동장,수도권  도시철도 9호선,서울시메트로9호선㈜,서울9,서울9,10479.9,10479.9,1,노선일치
S1109|4131,삼전,수도권  도시철도 9호선,서울시메트로9호선㈜,서울9,서울9,15593.2,15593.2,1,노선일치
S1109|4132,석촌고분,수도권  도시철도 9호선,서울시메트로9호선㈜,서울9,서울9,14000.8,14000.8,1,노선일치
S1109|4133,석촌,수도권  도시철도 9호선,서울시메트로9호선㈜,서울9,서울9,17934.6,17934.6,1,노선일치
S1109|4134,송파나루,수도권  도시철도 9호선,서울시메트로9호선㈜,서울9,서울9,11978.1,11978.1,1,노선일치
S1109|4135,한성백제,수도권  도시철도 9호선,서울시메트로9호선㈜,서울9,서울9,6038.7,6038.7,1,노선일치
S1109|4136,올림픽공원(한국체대),수도권  도시철도 9호선,서울시메트로9호선㈜,서울9,서울9,18497.3,18497.3,1,노선일치
S1109|4137,둔촌오륜,수도권  도시철도 9호선,서울시메트로9호선㈜,서울9,서울9,8076.8,8076.8,1,노선일치
S1109|4138,중앙보훈병원,수도권  도시철도 9호선,서울시메트로9호선㈜,서울9,서울9,22375.9,22375.9,1,노선일치
S1109|4101,개화,서울 도시철도 9호선,서울특별시 서울시메트로9호선㈜,서울9,서울9,4141.7,4141.7,1,노선일치
S1109|4102,김포공항,서울 도시철도 9호선,서울특별시 서울시메트로9호선㈜,서울9,서울9,16921.7,16921.7,1,노선일치
S1109|4103,공항시장,서울 도시철도 9호선,서울특별시 서울시메트로9호선㈜,서울9,서울9,5845.8,5845.8,1,노선일치
S1109|4104,신방화,서울 도시철도 9호선,서울특별시 서울시메트로9호선㈜,서울9,서울9,13210.7,13210.7,1,노선일치
S1109|4105,마곡나루(서울식물원),서울 도시철도 9호선,서울특별시 서울시메트로9호선㈜,서울9,서울9,27962.2,27962.2,1,노선일치
S1109|4106,양천향교,서울 도시철도 9호선,서울특별시 서울시메트로9호선㈜,서울9,서울9,20078.4,20078.4,1,노선일치
S1109|4107,가양,서울 도시철도 9호선,서울특별시 서울시메트로9호선㈜,서울9,서울9,41994.0,41994.0,1,노선일치
S1109|4108,증미,서울 도시철도 9호선,서울특별시 서울시메트로9호선㈜,서울9,서울9,14498.7,14498.7,1,노선일치
S1109|4109,등촌,서울 도시철도 9호선,서울특별시 서울시메트로9호선㈜,서울9,서울9,23551.9,23551.9,1,노선일치
S1109|4110,염창,서울 도시철도 9호선,서울특별시 서울시메트로9호선㈜,서울9,서울9,33341.7,33341.7,1,노선일치
S1109|4111,신목동,서울 도시철도 9호선,서울특별시 서울시메트로9호선㈜,서울9,서울9,8169.5,8169.5,1,노선일치
S1109|4112,선유도,서울 도시철도 9호선,서울특별시 서울시메트로9호선㈜,서울9,서울9,16062.2,16062.2,1,노선일치
S1109|4113,당산,서울 도시철도 9호선,서울특별시 서울시메트로9호선㈜,서울9,서울9,35923.0,35923.0,1,노선일치
S1109|4114,국회의사당,서울 도시철도 9호선,서울특별시 서울시메트로9호선㈜,서울9,서울9,32544.0,32544.0,1,노선일치
S1109|4115,여의도,서울 도시철도 9호선,서울특별시 서울시메트로9호선㈜,서울9,서울9,55736.6,55736.6,1,노선일치
S1109|4116,샛강,서울 도시철도 9호선,서울특별시 서울시메트로9호선㈜,서울9,서울9,12122.6,12122.6,1,노선일치
S1109|4117,노량진,서울 도시철도 9호선,서울특별시 서울시메트로9호선㈜,서울9,서울9,51740.3,51740.3,1,노선일치
S1109|4118,노들,서울 도시철도 9호선,서울특별시 서울시메트로9호선㈜,서울9,서울9,9342.7,9342.7,1,노선일치
S1109|4119,흑석(중앙대입구),서울 도시철도 9호선,서울특별시 서울시메트로9호선㈜,서울9,서울9,18460.1,18460.1,1,노선일치
S1109|4120,동작(현충원),서울 도시철도 9호선,서울특별시 서울시메트로9호선㈜,서울9,서울9,3753.5,3753.5,1,노선일치
S1109|4121,구반포,서울 도시철도 9호선,서울특별시 서울시메트로9호선㈜,서울9,서울9,3391.2,3391.2,1,노선일치
S1109|4122,신반포,서울 도시철도 9호선,서울특별시 서울시메트로9호선㈜,서울9,서울9,8918.3,8918.3,1,노선일치
S1109|4123,고속터미널,서울 도시철도 9호선,서울특별시 서울시메트로9호선㈜,서울9,서울9,37184.8,37184.8,1,노선일치
S1109|4124,사평,서울 도시철도 9호선,서울특별시 서울시메트로9호선㈜,서울9,서울9,7878.2,7878.2,1,노선일치
S1109|4125,신논현,서울 도시철도 9호선,서울특별시 서울시메트로9호선㈜,서울9,서울9,61333.7,61333.7,1,노선일치
L11UI|S110,북한산우이,우이신설선,우이신설경전철운영㈜,우이신설선,우이신설선,6210.5,6210.5,1,노선일치
L11UI|S111,솔밭공원,우이신설선,우이신설경전철운영㈜,우이신설선,우이신설선,5033.6,5033.6,1,노선일치
L11UI|S112,4.19민주묘지,우이신설선,우이신설경전철운영㈜,우이신설선,우이신설선,6932.3,6932.3,1,노선일치
L11UI|S113,가오리,우이신설선,우이신설경전철운영㈜,우이신설선,우이신설선,8347.3,8347.3,1,노선일치
L11UI|S114,화계,우이신설선,우이신설경전철운영㈜,우이신설선,우이신설선,7016.6,7016.6,1,노선일치
L11UI|S115,삼양,우이신설선,우이신설경전철운영㈜,우이신설선,우이신설선,4821.5,4821.5,1,노선일치
L11UI|S116,삼양사거리,우이신설선,우이신설경전철운영㈜,우이신설선,우이신설선,5078.3,5078.3,1,노선일치
L11UI|S117,솔샘,우이신설선,우이신설경전철운영㈜,우이신설선,우이신설선,10992.3,10992.3,1,노선일치
L11UI|S118,북한산보국문,우이신설선,우이신설경전철운영㈜,우이신설선,우이신설선,11928.9,11928.9,1,노선일치
L11UI|S119,정릉,우이신설선,우이신설경전철운영㈜,우이신설선,우이신설선,8936.4,8936.4,1,노선일치
L11UI|S120,성신여대입구,우이신설선,우이신설경전철운영㈜,우이신설선,우이신설선,7658.1,7658.1,1,노선일치
L11UI|S121,보문,우이신설선,우이신설경전철운영㈜,우이신설선,우이신설선,3509.5,3509.5,1,노선일치
L11UI|S122,신설동,우이신설선,우이신설경전철운영㈜,우이신설선,우이신설선,4655.4,4655.4,1,노선일치
L41U1|U110,발곡,의정부,의정부경량전철㈜,의정부,의정부,6287.1,6287.1,1,노선일치
L41U1|U111,회룡,의정부,의정부경량전철㈜,의정부,의정부,20277.3,20277.3,1,노선일치
L41U1|U112,범골,의정부,의정부경량전철㈜,의정부,의정부,5420.3,5420.3,1,노선일치
L41U1|U113,경전철의정부,의정부,의정부경량전철㈜,의정부,의정부,5632.2,5632.2,1,노선일치
L41U1|U114,의정부시청,의정부,의정부경량전철㈜,의정부,의정부,3452.7,3452.7,1,노선일치
L41U1|U115,흥선,의정부,의정부경량전철㈜,의정부,의정부,4789.7,4789.7,1,노선일치
L41U1|U117,의정부중앙,의정부,의정부경량전철㈜,의정부,의정부,7334.7,7334.7,1,노선일치
L41U1|U118,동오,의정부,의정부경량전철㈜,의정부,의정부,4993.2,4993.2,1,노선일치
L41U1|U119,새말,의정부,의정부경량전철㈜,의정부,의정부,3344.1,3344.1,1,노선일치
L41U1|U120,경기도청북부청사,의정부,의정부경량전철㈜,의정부,의정부,5967.8,5967.8,1,노선일치
L41U1|U121,효자,의정부,의정부경량전철㈜,의정부,의정부,1981.9,1981.9,1,노선일치
L41U1|U122,곤제,의정부,의정부경량전철㈜,의정부,의정부,2623.3,2623.3,1,노선일치
L41U1|U123,어룡,의정부,의정부경량전철㈜,의정부,의정부,4896.2,4896.2,1,노선일치
L41U1|U124,송산,의정부,의정부경량전철㈜,의정부,의정부,4428.5,4428.5,1,노선일치
L41U1|U125,탑석,의정부,의정부경량전철㈜,의정부,의정부,3110.9,3110.9,1,노선일치
S28M1|101,인천국제공항역,자기부상철도,인천광역시 인천국제공항공사,자기부상철도,,,,0,미매칭
S28M1|102,장기주차장역,자기부상철도,인천광역시 인천국제공항공사,자기부상철도,,,,0,미매칭
S28M1|103,합동청사역,자기부상철도,인천광역시 인천국제공항공사,자기부상철도,,,,0,미매칭
S28M1|104,파라다이스시티역,자기부상철도,인천광역시 인천국제공항공사,자기부상철도,,,,0,미매칭
S28M1|105,워터파크역,자기부상철도,인천광역시 인천국제공항공사,자기부상철도,,,,0,미매칭
S28M1|106,용유역,자기부상철도,인천광역시 인천국제공항공사,자기부상철도,,,,0,미매칭
S2801|3107,검단호수공원,인천지하철 1호선,인천교통공사,인천1,인천1,620.4,620.4,1,노선일치
S2801|3108,신검단중앙,인천지하철 1호선,인천교통공사,인천1,인천1,3834.3,3834.3,1,노선일치
S2801|3109,"아라(북부법원, 검찰청)",인천지하철 1호선,인천교통공사,인천1,인천1,8210.5,8210.5,1,노선일치
S2801|3110,계양,인천지하철 1호선,인천교통공사,인천1,인천1,6144.3,6144.3,1,노선일치
S2801|3111,귤현,인천지하철 1호선,인천교통공사,인천1,인천1,2239.3,2239.3,1,노선일치
S2801|3112,박촌,인천지하철 1호선,인천교통공사,인천1,인천1,6641.5,6641.5,1,노선일치
S2801|3113,임학,인천지하철 1호선,인천교통공사,인천1,인천1,13903.9,13903.9,1,노선일치
S2801|3114,계산,인천지하철 1호선,인천교통공사,인천1,인천1,17544.3,17544.3,1,노선일치
S2801|3115,경인교대입구,인천지하철 1호선,인천교통공사,인천1,인천1,9718.6,9718.6,1,노선일치
S2801|3116,작전,인천지하철 1호선,인천교통공사,인천1,인천1,25094.8,25094.8,1,노선일치
S2801|3117,갈산,인천지하철 1호선,인천교통공사,인천1,인천1,14720.6,14720.6,1,노선일치
S2801|3118,부평구청,인천지하철 1호선,인천교통공사,인천1,인천1,11735.4,11735.4,1,노선일치
S2801|3119,부평시장,인천지하철 1호선,인천교통공사,인천1,인천1,23168.3,23168.3,1,노선일치
S2801|3120,부평,인천지하철 1호선,인천교통공사,인천1,인천1,13087.8,13087.8,1,노선일치
S2801|3121,동수,인천지하철 1호선,인천교통공사,인천1,인천1,8237.7,8237.7,1,노선일치
S2801|3122,부평삼거리,인천지하철 1호선,인천교통공사,인천1,,,,0,미매칭
S2801|3123,간석오거리,인천지하철 1호선,인천교통공사,인천1,인천1,18628.2,18628.2,1,노선일치
S2801|3124,인천시청,인천지하철 1호선,인천교통공사,인천1,인천1,9377.2,9377.2,1,노선일치
S2801|3125,예술회관,인천지하철 1호선,인천교통공사,인천1,인천1,20712.8,20712.8,1,노선일치
S2801|3126,인천터미널,인천지하철 1호선,인천교통공사,인천1,인천1,24503.1,24503.1,1,노선일치
S2801|3127,문학경기장,인천지하철 1호선,인천교통공사,인천1,인천1,5932.0,5932.0,1,노선일치
S2801|3128,선학,인천지하철 1호선,인천교통공사,인천1,인천1,10501.5,10501.5,1,노선일치
S2801|3129,신연수,인천지하철 1호선,인천교통공사,인천1,인천1,9045.3,9045.3,1,노선일치
S2801|3130,원인재,인천지하철 1호선,인천교통공사,인천1,인천1,4867.7,4867.7,1,노선일치
S2801|3131,동춘,인천지하철 1호선,인천교통공사,인천1,인천1,17480.1,17480.1,1,노선일치
S2801|3132,동막,인천지하철 1호선,인천교통공사,인천1,인천1,8250.1,8250.1,1,노선일치
S2801|3133,캠퍼스타운,인천지하철 1호선,인천교통공사,인천1,인천1,10147.6,10147.6,1,노선일치
S2801|3134,테크노파크,인천지하철 1호선,인천교통공사,인천1,인천1,20276.6,20276.6,1,노선일치
S2801|3135,지식정보단지,인천지하철 1호선,인천교통공사,인천1,인천1,8203.4,8203.4,1,노선일치
S2801|3136,인천대입구,인천지하철 1호선,인천교통공사,인천1,인천1,14415.2,14415.2,1,노선일치
S2801|3137,센트럴파크,인천지하철 1호선,인천교통공사,인천1,인천1,6986.2,6986.2,1,노선일치
S2801|3138,국제업무지구,인천지하철 1호선,인천교통공사,인천1,인천1,4646.1,4646.1,1,노선일치
S2801|3139,송도달빛축제공원,인천지하철 1호선,인천교통공사,인천1,인천1,9140.7,9140.7,1,노선일치
S2802|3201,검단오류,인천지하철 2호선,인천교통공사,인천2,인천2,4518.4,4518.4,1,노선일치
S2802|3202,왕길,인천지하철 2호선,인천교통공사,인천2,인천2,4435.1,4435.1,1,노선일치
S2802|3203,검단사거리,인천지하철 2호선,인천교통공사,인천2,인천2,15107.7,15107.7,1,노선일치
S2802|3204,마전,인천지하철 2호선,인천교통공사,인천2,인천2,7451.2,7451.2,1,노선일치
S2802|3205,완정,인천지하철 2호선,인천교통공사,인천2,인천2,13113.9,13113.9,1,노선일치
S2802|3206,독정,인천지하철 2호선,인천교통공사,인천2,인천2,8393.6,8393.6,1,노선일치
S2802|3207,검암,인천지하철 2호선,인천교통공사,인천2,인천2,7948.7,7948.7,1,노선일치
S2802|3208,검바위,인천지하철 2호선,인천교통공사,인천2,인천2,5753.4,5753.4,1,노선일치
S2802|3209,아시아드경기장,인천지하철 2호선,인천교통공사,인천2,인천2,8257.6,8257.6,1,노선일치
S2802|3210,서구청,인천지하철 2호선,인천교통공사,인천2,인천2,15205.8,15205.8,1,노선일치
S2802|3211,가정(루원시티),인천지하철 2호선,인천교통공사,인천2,인천2,20544.1,20544.1,1,노선일치
S2802|3212,가정중앙시장,인천지하철 2호선,인천교통공사,인천2,인천2,11626.5,11626.5,1,노선일치
S2802|3213,석남(거북시장),인천지하철 2호선,인천교통공사,인천2,인천2,5226.2,5226.2,1,노선일치
S2802|3214,서부여성회관,인천지하철 2호선,인천교통공사,인천2,인천2,7378.1,7378.1,1,노선일치
S2802|3215,인천가좌,인천지하철 2호선,인천교통공사,인천2,인천2,7379.9,7379.9,1,노선일치
S2802|3216,가재울,인천지하철 2호선,인천교통공사,인천2,인천2,7009.3,7009.3,1,노선일치
S2802|3217,주안국가산단,인천지하철 2호선,인천교통공사,인천2,인천2,4331.2,4331.2,1,노선일치
S2802|3218,주안,인천지하철 2호선,인천교통공사,인천2,인천2,14362.2,14362.2,1,노선일치
S2802|3219,시민공원,인천지하철 2호선,인천교통공사,인천2,인천2,19144.7,19144.7,1,노선일치
S2802|3220,석바위시장,인천지하철 2호선,인천교통공사,인천2,인천2,9427.2,9427.2,1,노선일치
S2802|3221,인천시청,인천지하철 2호선,인천교통공사,인천2,인천2,6214.7,6214.7,1,노선일치
S2802|3222,석천사거리,인천지하철 2호선,인천교통공사,인천2,인천2,8784.7,8784.7,1,노선일치
S2802|3223,모래내시장,인천지하철 2호선,인천교통공사,인천2,인천2,15367.6,15367.6,1,노선일치
S2802|3224,만수,인천지하철 2호선,인천교통공사,인천2,인천2,9079.8,9079.8,1,노선일치
S2802|3225,남동구청,인천지하철 2호선,인천교통공사,인천2,인천2,7845.5,7845.5,1,노선일치
S2802|3226,인천대공원,인천지하철 2호선,인천교통공사,인천2,인천2,5542.6,5542.6,1,노선일치
S2802|3227,운연,인천지하철 2호선,인천교통공사,인천2,인천2,2269.1,2269.1,1,노선일치
S1107|3753,까치울,도시철도 7호선,인천교통공사,인천7,인천7,12602.8,12602.8,1,노선일치
S1107|3754,부천종합운동장,도시철도 7호선,인천교통공사,인천7,인천7,5939.7,5939.7,1,노선일치
S1107|3755,춘의,도시철도 7호선,인천교통공사,인천7,인천7,18587.0,18587.0,1,노선일치
S1107|3756,신중동,도시철도 7호선,인천교통공사,인천7,인천7,30057.1,30057.1,1,노선일치
S1107|3757,부천시청,도시철도 7호선,인천교통공사,인천7,인천7,27982.3,27982.3,1,노선일치
S1107|3758,상동,도시철도 7호선,인천교통공사,인천7,인천7,29295.0,29295.0,1,노선일치
S1107|3759,삼산체육관,도시철도 7호선,인천교통공사,인천7,인천7,11800.1,11800.1,1,노선일치
S1107|3760,굴포천,도시철도 7호선,인천교통공사,인천7,인천7,18615.3,18615.3,1,노선일치
S1107|3761,부평구청,도시철도 7호선,인천교통공사,인천7,인천7,13058.7,13058.7,1,노선일치
S1107|3762,산곡,도시철도 7호선,인천교통공사,인천7,인천7,19225.0,19225.0,1,노선일치
S1107|3763,석남(거북시장),도시철도 7호선,인천교통공사,인천7,인천7,14489.0,14489.0,1,노선일치
I4101|1002,남영역,경부선,한국철도공사,경부선,경부선,17766.6,17766.6,1,노선일치
I4101|1003,용산역,경부선,한국철도공사,경부선,경부선,56865.8,56865.8,1,노선일치
I4102|1003,용산역,경원선,한국철도공사,경원선,경의중앙선,35306.3,35306.3,1,노선별칭
I4101|1004,노량진역,경부선,한국철도공사,경부선,경부선,93280.8,93280.8,1,노선일치
I4101|1005,대방역,경부선,한국철도공사,경부선,경부선,43182.9,43182.9,1,노선일치
I4101|1006,영등포역,경부선,한국철도공사,경부선,경부선,80023.2,80023.2,1,노선일치
I4101|1007,신도림역,경부선,한국철도공사,경부선,경부선,7045.0,7045.0,1,노선일치
I4102|1008,이촌역,경원선,한국철도공사,경원선,경의중앙선,4855.6,4855.6,1,노선별칭
I4102|1009,서빙고역,경원선,한국철도공사,경원선,경의중앙선,4430.5,4430.5,1,노선별칭
I4102|1010,한남역,경원선,한국철도공사,경원선,경의중앙선,6401.2,6401.2,1,노선별칭
I4102|1011,옥수역,경원선,한국철도공사,경원선,경의중앙선,20.8,20.8,1,노선별칭
I4102|1012,응봉역,경원선,한국철도공사,경원선,경의중앙선,3172.0,3172.0,1,노선별칭
I4102|1013,왕십리역,경원선,한국철도공사,경원선,경의중앙선,10204.6,10204.6,1,노선별칭
I4105|1013,왕십리역,분당선,한국철도공사,분당선,분당선,18772.0,18772.0,1,노선일치
I4102|1014,청량리역,경원선,한국철도공사,경원선,경원선,121549.2,121549.2,1,노선일치
I4108|1014,청량리역,경의중앙선,한국철도공사,경의중앙선,경의중앙선,101919.8,101919.8,1,노선일치
I4102|1015,회기역,경원선,한국철도공사,경원선,경원선,25713.7,25713.7,1,노선일치
I4108|1015,회기역,경의중앙선,한국철도공사,경의중앙선,경의중앙선,24857.5,24857.5,1,노선일치
I4102|1016,외대앞역,경원선,한국철도공사,경원선,경원선,20386.9,20386.9,1,노선일치
I4102|1017,신이문역,경원선,한국철도공사,경원선,경원선,14827.3,14827.3,1,노선일치
I4102|1018,석계역,경원선,한국철도공사,경원선,경원선,14460.3,14460.3,1,노선일치
I4102|1019,광운대역,경원선,한국철도공사,경원선,경원선,15802.7,15802.7,1,노선일치
I4108|1019,광운대역,경의중앙선,한국철도공사,경의중앙선,경원선,15802.7,15802.7,1,노선별칭
I4102|1020,월계역,경원선,한국철도공사,경원선,경원선,12872.4,12872.4,1,노선일치
I4102|1021,녹천역,경원선,한국철도공사,경원선,경원선,7402.7,7402.7,1,노선일치
I4102|1022,창동역,경원선,한국철도공사,경원선,경원선,7.4,7.4,1,노선일치
I4105|1023,선릉역,분당선,한국철도공사,분당선,분당선,24605.6,24605.6,1,노선일치
I4105|1024,한티역,분당선,한국철도공사,분당선,분당선,29465.0,29465.0,1,노선일치
I4105|1025,도곡역,분당선,한국철도공사,분당선,분당선,11659.0,11659.0,1,노선일치
I4105|1026,구룡역,분당선,한국철도공사,분당선,분당선,6376.7,6376.7,1,노선일치
I4105|1027,개포동역,분당선,한국철도공사,분당선,분당선,8071.6,8071.6,1,노선일치
I4105|1028,대모산입구역,분당선,한국철도공사,분당선,분당선,10050.4,10050.4,1,노선일치
I4105|1030,수서역,분당선,한국철도공사,분당선,분당선,29346.7,29346.7,1,노선일치
I4105|1031,복정역,분당선,한국철도공사,분당선,분당선,4.7,4.7,1,노선일치
I4101|1032,신길역,경부선,한국철도공사,경부선,경부선,11814.1,11814.1,1,노선일치
I4108|1201,중랑역,경의중앙선,한국철도공사,경의중앙선,경의중앙선,10172.3,10172.3,1,노선일치
I4108|1202,상봉역,경의중앙선,한국철도공사,경의중앙선,경의중앙선,8615.7,8615.7,1,노선일치
I4108|1203,망우역,경의중앙선,한국철도공사,경의중앙선,경의중앙선,12021.8,12021.8,1,노선일치
I41K2|1203,망우역,경춘선,한국철도공사,경춘선,경춘선,11804.1,11804.1,1,노선일치
I4108|1204,양원역,경의중앙선,한국철도공사,경의중앙선,경의중앙선,5751.7,5751.7,1,노선일치
I4108|1205,구리역,경의중앙선,한국철도공사,경의중앙선,경의중앙선,14151.8,14151.8,1,노선일치
I4108|1206,도농역,경의중앙선,한국철도공사,경의중앙선,경의중앙선,16942.2,16942.2,1,노선일치
I4108|1207,양정역,경의중앙선,한국철도공사,경의중앙선,경의중앙선,955.0,955.0,1,노선일치
I4108|1208,덕소역,경의중앙선,한국철도공사,경의중앙선,경의중앙선,10261.1,10261.1,1,노선일치
I4108|1209,도심역,경의중앙선,한국철도공사,경의중앙선,경의중앙선,4626.1,4626.1,1,노선일치
I4108|1210,팔당역,경의중앙선,한국철도공사,경의중앙선,경의중앙선,1909.0,1909.0,1,노선일치
I4108|1211,운길산역,경의중앙선,한국철도공사,경의중앙선,경의중앙선,1880.8,1880.8,1,노선일치
I4108|1212,양수역,경의중앙선,한국철도공사,경의중앙선,경의중앙선,3896.4,3896.4,1,노선일치
I4108|1213,신원역,경의중앙선,한국철도공사,경의중앙선,경의중앙선,406.6,406.6,1,노선일치
I4108|1214,국수역,경의중앙선,한국철도공사,경의중앙선,경의중앙선,1404.7,1404.7,1,노선일치
I4108|1215,아신역,경의중앙선,한국철도공사,경의중앙선,경의중앙선,1157.4,1157.4,1,노선일치
I4108|1216,오빈역,경의중앙선,한국철도공사,경의중앙선,경의중앙선,592.0,592.0,1,노선일치
I4108|1217,양평역,경의중앙선,한국철도공사,경의중앙선,경의중앙선,6824.3,6824.3,1,노선일치
I4108|1218,원덕역,경의중앙선,한국철도공사,경의중앙선,경의중앙선,764.7,764.7,1,노선일치
I4108|1219,용문역,경의중앙선,한국철도공사,경의중앙선,경의중앙선,4676.7,4676.7,1,노선일치
I4108|1220,지평역,경의중앙선,한국철도공사,경의중앙선,경의중앙선,129.8,129.8,1,노선일치
I4108|1251,서울역(경의선),경의중앙선,한국철도공사,경의중앙선,경의중앙선:서울숲,70623.9,70623.9,1,역명개칭
I4108|1252,신촌역,경의중앙선,한국철도공사,경의중앙선,경의중앙선,6824.2,6824.2,1,노선일치
I4108|1261,효창공원앞역,경의중앙선,한국철도공사,경의중앙선,경의중앙선,16181.1,16181.1,1,노선일치
I4108|1262,공덕역,경의중앙선,한국철도공사,경의중앙선,경의중앙선,12637.6,12637.6,1,노선일치
I4108|1263,서강대역,경의중앙선,한국철도공사,경의중앙선,경의중앙선,4366.6,4366.6,1,노선일치
I4108|1264,홍대입구역,경의중앙선,한국철도공사,경의중앙선,경의중앙선,51725.0,51725.0,1,노선일치
I4108|1265,가좌역,경의중앙선,한국철도공사,경의중앙선,경의중앙선,10148.3,10148.3,1,노선일치
I4108|1266,디지털미디어시티역,경의중앙선,한국철도공사,경의중앙선,경의중앙선,6047.5,6047.5,1,노선일치
I4108|1267,수색역,경의중앙선,한국철도공사,경의중앙선,경의중앙선,5821.5,5821.5,1,노선일치
I4108|1268,한국항공대,경의중앙선,한국철도공사,경의중앙선,경의중앙선:화전,4786.8,4786.8,1,역명개칭
I4108|1269,강매역,경의중앙선,한국철도공사,경의중앙선,경의중앙선,5451.6,5451.6,1,노선일치
I4108|1270,행신역,경의중앙선,한국철도공사,경의중앙선,경의중앙선,14078.4,14078.4,1,노선일치
I4108|1271,능곡역,경의중앙선,한국철도공사,경의중앙선,경의중앙선,5904.9,5904.9,1,노선일치
I41WS|1271,능곡역,서해선,한국철도공사,서해선,서해선,4281.5,4281.5,1,노선일치
I4108|1272,곡산역,경의중앙선,한국철도공사,경의중앙선,경의중앙선,1171.1,1171.1,1,노선일치
I41WS|1272,곡산역,서해선,한국철도공사,서해선,서해선,1171.1,1171.1,1,노선일치
I4108|1273,백마역,경의중앙선,한국철도공사,경의중앙선,경의중앙선,13422.1,13422.1,1,노선일치
I41WS|1273,백마역,서해선,한국철도공사,서해선,서해선,13422.1,13422.1,1,노선일치
I4108|1274,풍산역,경의중앙선,한국철도공사,경의중앙선,경의중앙선,11732.4,11732.4,1,노선일치
I41WS|1274,풍산역,서해선,한국철도공사,서해선,서해선,11732.4,11732.4,1,노선일치
I4108|1275,일산역,경의중앙선,한국철도공사,경의중앙선,경의중앙선,19600.1,19600.1,1,노선일치
I41WS|1275,일산역,서해선,한국철도공사,서해선,서해선,15074.5,15074.5,1,노선일치
I4108|1276,탄현역,경의중앙선,한국철도공사,경의중앙선,경의중앙선,13607.5,13607.5,1,노선일치
I4108|1277,야당역,경의중앙선,한국철도공사,경의중앙선,경의중앙선,14904.3,14904.3,1,노선일치
I4108|1278,운정역,경의중앙선,한국철도공사,경의중앙선,경의중앙선,12280.8,12280.8,1,노선일치
I4108|1279,금릉역,경의중앙선,한국철도공사,경의중앙선,경의중앙선,9059.4,9059.4,1,노선일치
I4108|1280,금촌역,경의중앙선,한국철도공사,경의중앙선,경의중앙선,12319.5,12319.5,1,노선일치
I4108|1282,월롱역,경의중앙선,한국철도공사,경의중앙선,경의중앙선,3536.1,3536.1,1,노선일치
I4108|1283,파주역,경의중앙선,한국철도공사,경의중앙선,경의중앙선,2390.0,2390.0,1,노선일치
I4108|1284,문산역,경의중앙선,한국철도공사,경의중앙선,경의중앙선,11164.2,11164.2,1,노선일치
I4108|1285,임진강역,경의중앙선,한국철도공사,경의중앙선,경의중앙선,92.5,92.5,1,노선일치
I4108|1286,운천역,경의중앙선,한국철도공사,경의중앙선,경의중앙선,7.9,7.9,1,노선일치
I41K2|1311,신내역,경춘선,한국철도공사,경춘선,경춘선,3932.1,3932.1,1,노선일치
I41K2|1312,갈매역,경춘선,한국철도공사,경춘선,경춘선,4708.5,4708.5,1,노선일치
I41K2|1313,별내역,경춘선,한국철도공사,경춘선,경춘선,4372.9,4372.9,1,노선일치
I41K2|1314,퇴계원역,경춘선,한국철도공사,경춘선,경춘선,5922.8,5922.8,1,노선일치
I41K2|1315,사릉역,경춘선,한국철도공사,경춘선,경춘선,3887.6,3887.6,1,노선일치
I41K2|1316,금곡역,경춘선,한국철도공사,경춘선,경춘선,3070.3,3070.3,1,노선일치
I41K2|1317,평내호평역,경춘선,한국철도공사,경춘선,경춘선,11756.0,11756.0,1,노선일치
I41K2|1318,천마산역,경춘선,한국철도공사,경춘선,경춘선,2949.0,2949.0,1,노선일치
I41K2|1319,마석역,경춘선,한국철도공사,경춘선,경춘선,7919.0,7919.0,1,노선일치
I41K2|1320,대성리역,경춘선,한국철도공사,경춘선,경춘선,1153.1,1153.1,1,노선일치
I41K2|1321,청평역,경춘선,한국철도공사,경춘선,경춘선,3566.1,3566.1,1,노선일치
I41K2|1322,상천역,경춘선,한국철도공사,경춘선,경춘선,607.2,607.2,1,노선일치
I41K2|1323,가평역,경춘선,한국철도공사,경춘선,경춘선,4633.4,4633.4,1,노선일치
I41K2|1324,굴봉산역,경춘선,한국철도공사,경춘선,경춘선,297.8,297.8,1,노선일치
I41K2|1325,백양리역,경춘선,한국철도공사,경춘선,경춘선,307.8,307.8,1,노선일치
I41K2|1326,강촌역,경춘선,한국철도공사,경춘선,경춘선,1077.6,1077.6,1,노선일치
I41K2|1327,김유정역,경춘선,한국철도공사,경춘선,경춘선,1084.1,1084.1,1,노선일치
I41K2|1328,남춘천역,경춘선,한국철도공사,경춘선,경춘선,6579.0,6579.0,1,노선일치
I41K2|1329,춘천역,경춘선,한국철도공사,경춘선,경춘선,3748.1,3748.1,1,노선일치
I4401|1401,봉명역,장항선,한국철도공사,장항선,장항선,2470.6,2470.6,1,노선일치
I4401|1402,쌍용(나사렛대)역,장항선,한국철도공사,장항선,장항선,5185.4,5185.4,1,노선일치
I4401|1403,아산역,장항선,한국철도공사,장항선,장항선,7957.9,7957.9,1,노선일치
I4401|1404,탕정역,장항선,한국철도공사,장항선,장항선,3837.1,3837.1,1,노선일치
I4401|1405,배방역,장항선,한국철도공사,장항선,장항선,2535.3,2535.3,1,노선일치
I4401|1407,온양온천역,장항선,한국철도공사,장항선,장항선,10000.9,10000.9,1,노선일치
I4401|1408,신창(순천향대)역,장항선,한국철도공사,장항선,장항선,4470.7,4470.7,1,노선일치
I4103|1450,선바위역,안산과천선,한국철도공사,안산과천선,안산과천선,12951.1,12951.1,1,노선일치
I4103|1451,경마공원역,안산과천선,한국철도공사,안산과천선,안산과천선,9238.5,9238.5,1,노선일치
I4103|1452,대공원역,안산과천선,한국철도공사,안산과천선,안산과천선,12778.4,12778.4,1,노선일치
I4103|1453,과천역,안산과천선,한국철도공사,안산과천선,안산과천선,9356.5,9356.5,1,노선일치
I4103|1454,정부과천청사역,안산과천선,한국철도공사,안산과천선,안산과천선,22934.0,22934.0,1,노선일치
I4103|1455,인덕원역,안산과천선,한국철도공사,안산과천선,안산과천선,46084.5,46084.5,1,노선일치
I4103|1456,평촌역,안산과천선,한국철도공사,안산과천선,안산과천선,30285.0,30285.0,1,노선일치
I4103|1457,범계역,안산과천선,한국철도공사,안산과천선,안산과천선,52323.8,52323.8,1,노선일치
I41K5|1501,판교역,경강선,한국철도공사,경강선,경강선,33926.1,33926.1,1,노선일치
I41K5|1502,이매역,경강선,한국철도공사,경강선,경강선,27342.1,27342.1,1,노선일치
I41K5|1503,삼동역,경강선,한국철도공사,경강선,경강선,4079.2,4079.2,1,노선일치
I41K5|1504,경기광주역,경강선,한국철도공사,경강선,경강선,14672.4,14672.4,1,노선일치
I41K5|1505,초월역,경강선,한국철도공사,경강선,경강선,6663.9,6663.9,1,노선일치
I41K5|1506,곤지암역,경강선,한국철도공사,경강선,경강선,4890.2,4890.2,1,노선일치
I41K5|1507,신둔도예촌역,경강선,한국철도공사,경강선,경강선,2854.4,2854.4,1,노선일치
I41K5|1508,이천역,경강선,한국철도공사,경강선,경강선,6459.4,6459.4,1,노선일치
I41K5|1509,부발역,경강선,한국철도공사,경강선,경강선,4783.8,4783.8,1,노선일치
I41K5|1510,세종대왕릉역,경강선,한국철도공사,경강선,경강선,758.8,758.8,1,노선일치
I41K5|1511,여주역,경강선,한국철도공사,경강선,경강선,6742.6,6742.6,1,노선일치
I41K5|1512,성남역,경강선,한국철도공사,경강선,경강선,2095.3,2095.3,1,노선일치
I4101|1701,구로역,경부선,한국철도공사,경부선,경부선,21853.2,21853.2,1,노선일치
I4101|1702,가산디지털단지역,경부선,한국철도공사,경부선,경부선,28061.0,28061.0,1,노선일치
I4101|1703,금천구청역,경부선,한국철도공사,경부선,경부선,19401.9,19401.9,1,노선일치
I4101|1704,석수역,경부선,한국철도공사,경부선,경부선,14528.8,14528.8,1,노선일치
I4101|1705,관악역,경부선,한국철도공사,경부선,경부선,12867.4,12867.4,1,노선일치
I4101|1706,안양역,경부선,한국철도공사,경부선,경부선,45631.7,45631.7,1,노선일치
I4101|1707,명학역,경부선,한국철도공사,경부선,경부선,15226.1,15226.1,1,노선일치
I4101|1708,금정역,경부선,한국철도공사,경부선,경부선,24847.6,24847.6,1,노선일치
I4103|1708,금정역,안산과천선,한국철도공사,안산과천선,안산과천선,26697.7,26697.7,1,노선일치
I4101|1709,군포역,경부선,한국철도공사,경부선,경부선,11666.3,11666.3,1,노선일치
I4101|1710,의왕역,경부선,한국철도공사,경부선,경부선,16464.5,16464.5,1,노선일치
I4101|1711,성균관대역,경부선,한국철도공사,경부선,경부선,28579.3,28579.3,1,노선일치
I4101|1712,화서역,경부선,한국철도공사,경부선,경부선,22916.7,22916.7,1,노선일치
I4101|1713,수원역,경부선,한국철도공사,경부선,경부선,97120.2,97120.2,1,노선일치
I4101|1714,독산역,경부선,한국철도공사,경부선,경부선,28768.9,28768.9,1,노선일치
I4101|1715,세류역,경부선,한국철도공사,경부선,경부선,6671.4,6671.4,1,노선일치
I4101|1716,병점역,경부선,한국철도공사,경부선,경부선,29937.2,29937.2,1,노선일치
I4101|1717,세마역,경부선,한국철도공사,경부선,경부선,6144.5,6144.5,1,노선일치
I4101|1718,오산대역,경부선,한국철도공사,경부선,경부선,7397.3,7397.3,1,노선일치
I4101|1719,오산역,경부선,한국철도공사,경부선,경부선,21542.6,21542.6,1,노선일치
I4101|1720,진위역,경부선,한국철도공사,경부선,경부선,2987.2,2987.2,1,노선일치
I4101|1721,송탄역,경부선,한국철도공사,경부선,경부선,8714.1,8714.1,1,노선일치
I4101|1722,서정리역,경부선,한국철도공사,경부선,경부선,15657.2,15657.2,1,노선일치
I4101|1723,평택지제역,경부선,한국철도공사,경부선,경부선,8146.5,8146.5,1,노선일치
I4101|1724,평택역,경부선,한국철도공사,경부선,경부선,27438.5,27438.5,1,노선일치
I4101|1725,성환역,경부선,한국철도공사,경부선,경부선,10733.2,10733.2,1,노선일치
I4101|1726,직산역,경부선,한국철도공사,경부선,경부선,1994.3,1994.3,1,노선일치
I4101|1727,두정역,경부선,한국철도공사,경부선,경부선,16071.4,16071.4,1,노선일치
I4401|1728,천안역,경부선,한국철도공사,경부선,경부선,14594.4,14594.4,1,노선일치
I4101|1729,당정역,경부선,한국철도공사,경부선,경부선,11309.9,11309.9,1,노선일치
I4101|1749,서동탄역,경부선,한국철도공사,경부선,경부선,2450.4,2450.4,1,노선일치
I4101|1750,광명역,경부선,한국철도공사,경부선,경부선,6102.2,6102.2,1,노선일치
I4103|1751,산본역,안산과천선,한국철도공사,안산과천선,안산과천선,31329.8,31329.8,1,노선일치
I4103|1752,대야미역,안산과천선,한국철도공사,안산과천선,안산과천선,8964.6,8964.6,1,노선일치
I4103|1753,반월역,안산과천선,한국철도공사,안산과천선,안산과천선,8161.2,8161.2,1,노선일치
I4103|1754,상록수역,안산과천선,한국철도공사,안산과천선,안산과천선,28551.6,28551.6,1,노선일치
I28K1|1755,한대앞역,수인선,한국철도공사,수인선,수인선,9172.1,9172.1,1,노선일치
I4103|1755,한대앞역,안산과천선,한국철도공사,안산과천선,안산과천선,15372.0,15372.0,1,노선일치
I28K1|1756,중앙역,수인선,한국철도공사,수인선,수인선,35986.6,35986.6,1,노선일치
I4103|1756,중앙역,안산과천선,한국철도공사,안산과천선,안산과천선,35986.6,35986.6,1,노선일치
I28K1|1757,고잔역,수인선,한국철도공사,수인선,수인선,16036.6,16036.6,1,노선일치
I4103|1757,고잔역,안산과천선,한국철도공사,안산과천선,안산과천선,16036.6,16036.6,1,노선일치
I28K1|1758,초지역,수인선,한국철도공사,수인선,수인선,28900.4,28900.4,1,노선일치
I4103|1758,초지역,안산과천선,한국철도공사,안산과천선,안산과천선,28900.4,28900.4,1,노선일치
I28K1|1759,안산역,수인선,한국철도공사,수인선,수인선,23577.3,23577.3,1,노선일치
I4103|1759,안산역,안산과천선,한국철도공사,안산과천선,안산과천선,23577.3,23577.3,1,노선일치
I28K1|1760,능길역,수인선,한국철도공사,수인선,수인선:신길온천,3894.4,3894.4,1,역명개칭
I4103|1760,능길역,안산과천선,한국철도공사,안산과천선,안산과천선:신길온천,3894.4,3894.4,1,역명개칭
I28K1|1761,정왕역,수인선,한국철도공사,수인선,수인선,19463.8,19463.8,1,노선일치
I4103|1761,정왕역,안산과천선,한국철도공사,안산과천선,안산과천선,19463.8,19463.8,1,노선일치
I28K1|1762,오이도역,수인선,한국철도공사,수인선,수인선,15335.3,15335.3,1,노선일치
I4103|1762,오이도역,안산과천선,한국철도공사,안산과천선,안산과천선,11455.7,11455.7,1,노선일치
I4103|1763,수리산역,안산과천선,한국철도공사,안산과천선,안산과천선,6816.5,6816.5,1,노선일치
I1101|1801,개봉역,경인선,한국철도공사,경인선,경인선,41170.3,41170.3,1,노선일치
I1101|1802,오류동역,경인선,한국철도공사,경인선,경인선,20662.4,20662.4,1,노선일치
I1101|1803,역곡역,경인선,한국철도공사,경인선,경인선,48120.9,48120.9,1,노선일치
I1101|1804,부천역,경인선,한국철도공사,경인선,경인선,60652.3,60652.3,1,노선일치
I1101|1805,송내역,경인선,한국철도공사,경인선,경인선,46179.8,46179.8,1,노선일치
I1101|1806,부평역,경인선,한국철도공사,경인선,경인선,110429.4,110429.4,1,노선일치
I1101|1807,백운역,경인선,한국철도공사,경인선,경인선,12839.2,12839.2,1,노선일치
I1101|1808,동암역,경인선,한국철도공사,경인선,경인선,28538.9,28538.9,1,노선일치
I1101|1809,주안역,경인선,한국철도공사,경인선,경인선,51325.4,51325.4,1,노선일치
I1101|1810,제물포역,경인선,한국철도공사,경인선,경인선,19846.0,19846.0,1,노선일치
I1101|1811,동인천역,경인선,한국철도공사,경인선,경인선,25052.7,25052.7,1,노선일치
I1101|1812,인천역,경인선,한국철도공사,경인선,경인선,11670.1,11670.1,1,노선일치
I1101|1813,구일역,경인선,한국철도공사,경인선,경인선,12674.9,12674.9,1,노선일치
I1101|1815,부개역,경인선,한국철도공사,경인선,경인선,15358.1,15358.1,1,노선일치
I1101|1816,간석역,경인선,한국철도공사,경인선,경인선,10404.2,10404.2,1,노선일치
I1101|1817,도원역,경인선,한국철도공사,경인선,경인선,6493.7,6493.7,1,노선일치
I1101|1821,온수역,경인선,한국철도공사,경인선,경인선,11131.4,11131.4,1,노선일치
I1101|1822,중동역,경인선,한국철도공사,경인선,경인선,16352.4,16352.4,1,노선일치
I1101|1823,도화역,경인선,한국철도공사,경인선,경인선,7526.0,7526.0,1,노선일치
I4105|1846,수원역(분당),분당선,한국철도공사,분당선,분당선,67759.4,67759.4,1,노선일치
I4105|1847,서울숲역,분당선,한국철도공사,분당선,분당선,23196.9,23196.9,1,노선일치
I4105|1848,압구정로데오역,분당선,한국철도공사,분당선,분당선,36193.3,36193.3,1,노선일치
I4105|1849,강남구청역,분당선,한국철도공사,분당선,분당선,16945.5,16945.5,1,노선일치
I4105|1850,선정릉역,분당선,한국철도공사,분당선,분당선,11794.0,11794.0,1,노선일치
I4105|1851,가천대역,분당선,한국철도공사,분당선,분당선,20864.3,20864.3,1,노선일치
I4105|1852,태평역,분당선,한국철도공사,분당선,분당선,24158.5,24158.5,1,노선일치
I4105|1853,모란역,분당선,한국철도공사,분당선,분당선,37802.2,37802.2,1,노선일치
I4105|1854,야탑역,분당선,한국철도공사,분당선,분당선,47060.6,47060.6,1,노선일치
I4105|1855,서현역,분당선,한국철도공사,분당선,분당선,42458.9,42458.9,1,노선일치
I4105|1856,수내역,분당선,한국철도공사,분당선,분당선,23124.7,23124.7,1,노선일치
I4105|1857,정자역,분당선,한국철도공사,분당선,분당선,46896.5,46896.5,1,노선일치
I4105|1858,미금역,분당선,한국철도공사,분당선,분당선,41163.9,41163.9,1,노선일치
I4105|1859,오리역,분당선,한국철도공사,분당선,분당선,18383.9,18383.9,1,노선일치
I4105|1860,이매역,분당선,한국철도공사,분당선,분당선,8124.3,8124.3,1,노선일치
I4105|1861,보정역,분당선,한국철도공사,분당선,분당선,4193.5,4193.5,1,노선일치
I4105|1862,죽전역,분당선,한국철도공사,분당선,분당선,26442.9,26442.9,1,노선일치
I4105|1863,구성역,분당선,한국철도공사,분당선,분당선,11840.9,11840.9,1,노선일치
I4105|1864,신갈역,분당선,한국철도공사,분당선,분당선,8183.9,8183.9,1,노선일치
I4105|1865,기흥역,분당선,한국철도공사,분당선,분당선,35028.4,35028.4,1,노선일치
I4105|1866,상갈역,분당선,한국철도공사,분당선,분당선,9384.8,9384.8,1,노선일치
I4105|1867,청명역,분당선,한국철도공사,분당선,분당선,8248.6,8248.6,1,노선일치
I4105|1868,영통역,분당선,한국철도공사,분당선,분당선,16639.0,16639.0,1,노선일치
I4105|1869,망포역,분당선,한국철도공사,분당선,분당선,25877.8,25877.8,1,노선일치
I4105|1870,매탄권선역,분당선,한국철도공사,분당선,분당선,9810.4,9810.4,1,노선일치
I4105|1871,수원시청역,분당선,한국철도공사,분당선,분당선,26415.7,26415.7,1,노선일치
I4105|1872,매교역,분당선,한국철도공사,분당선,분당선,9697.1,9697.1,1,노선일치
I28K1|1873,고색역,수인선,한국철도공사,수인선,수인선,9947.7,9947.7,1,노선일치
I28K1|1874,오목천역,수인선,한국철도공사,수인선,수인선,7944.7,7944.7,1,노선일치
I28K1|1875,어천역,수인선,한국철도공사,수인선,수인선,3053.1,3053.1,1,노선일치
I28K1|1876,야목역,수인선,한국철도공사,수인선,수인선,1259.1,1259.1,1,노선일치
I28K1|1877,사리역,수인선,한국철도공사,수인선,수인선,8966.3,8966.3,1,노선일치
I28K1|1878,달월역,수인선,한국철도공사,수인선,수인선,166.9,166.9,1,노선일치
I28K1|1879,월곶역,수인선,한국철도공사,수인선,수인선,5971.7,5971.7,1,노선일치
I28K1|1880,소래포구역,수인선,한국철도공사,수인선,수인선,11430.4,11430.4,1,노선일치
I28K1|1881,인천논현역,수인선,한국철도공사,수인선,수인선,10272.8,10272.8,1,노선일치
I28K1|1882,호구포역,수인선,한국철도공사,수인선,수인선,6945.2,6945.2,1,노선일치
I28K1|1883,남동인더스파크역,수인선,한국철도공사,수인선,수인선,3835.4,3835.4,1,노선일치
I28K1|1884,원인재역,수인선,한국철도공사,수인선,수인선,36131.0,36131.0,1,노선일치
I28K1|1885,연수역,수인선,한국철도공사,수인선,수인선,8822.8,8822.8,1,노선일치
I28K1|1886,송도역,수인선,한국철도공사,수인선,수인선,4648.3,4648.3,1,노선일치
I28K1|1888,인하대역,수인선,한국철도공사,수인선,수인선,13204.2,13204.2,1,노선일치
I28K1|1889,숭의역,수인선,한국철도공사,수인선,수인선,7934.5,7934.5,1,노선일치
I28K1|1890,신포역,수인선,한국철도공사,수인선,수인선,3469.7,3469.7,1,노선일치
I28K1|1891,인천역,수인선,한국철도공사,수인선,수인선,8058.4,8058.4,1,노선일치
I4102|1901,방학역,경원선,한국철도공사,경원선,경원선,18625.5,18625.5,1,노선일치
I4102|1902,도봉역,경원선,한국철도공사,경원선,경원선,10634.1,10634.1,1,노선일치
I4102|1903,도봉산역,경원선,한국철도공사,경원선,경원선,10864.1,10864.1,1,노선일치
I4102|1904,망월사역,경원선,한국철도공사,경원선,경원선,16497.4,16497.4,1,노선일치
I4102|1905,회룡역,경원선,한국철도공사,경원선,경원선,34496.3,34496.3,1,노선일치
I4102|1906,의정부역,경원선,한국철도공사,경원선,경원선,38088.3,38088.3,1,노선일치
I4102|1907,가능역,경원선,한국철도공사,경원선,경원선,11914.8,11914.8,1,노선일치
I4102|1908,녹양역,경원선,한국철도공사,경원선,경원선,8224.3,8224.3,1,노선일치
I4102|1909,양주역,경원선,한국철도공사,경원선,경원선,14560.0,14560.0,1,노선일치
I4102|1910,덕계역,경원선,한국철도공사,경원선,경원선,11376.8,11376.8,1,노선일치
I4102|1911,덕정역,경원선,한국철도공사,경원선,경원선,12369.6,12369.6,1,노선일치
I4102|1912,지행역,경원선,한국철도공사,경원선,경원선,12645.8,12645.8,1,노선일치
I4102|1913,동두천중앙역,경원선,한국철도공사,경원선,경원선,5731.3,5731.3,1,노선일치
I4102|1914,보산역,경원선,한국철도공사,경원선,경원선,2969.2,2969.2,1,노선일치
I4102|1915,동두천역,경원선,한국철도공사,경원선,경원선,3817.8,3817.8,1,노선일치
I4102|1916,소요산역,경원선,한국철도공사,경원선,경원선,4492.8,4492.8,1,노선일치
I4102|1917,청산역,경원선,한국철도공사,경원선,경원선,282.0,282.0,1,노선일치
I4102|1918,전곡역,경원선,한국철도공사,경원선,경원선,2769.1,2769.1,1,노선일치
I4102|1919,연천역,경원선,한국철도공사,경원선,경원선,2737.8,2737.8,1,노선일치
I4106|1948,원흥역,일산선,한국철도공사,일산선,일산선,19849.6,19849.6,1,노선일치
I4106|1949,지축역,일산선,한국철도공사,일산선,일산선,2.4,2.4,1,노선일치
I4106|1950,삼송역,일산선,한국철도공사,일산선,일산선,36004.6,36004.6,1,노선일치
I4106|1951,원당역,일산선,한국철도공사,일산선,일산선,21313.4,21313.4,1,노선일치
I4106|1952,화정역,일산선,한국철도공사,일산선,일산선,32512.8,32512.8,1,노선일치
I4108|1953,대곡역,경의중앙선,한국철도공사,경의중앙선,경의중앙선,9932.3,9932.3,1,노선일치
I41WS|1953,대곡역,서해선,한국철도공사,서해선,서해선,9932.3,9932.3,1,노선일치
I4106|1953,대곡역,일산선,한국철도공사,일산선,일산선,5492.1,5492.1,1,노선일치
I4106|1954,백석역,일산선,한국철도공사,일산선,일산선,19260.6,19260.6,1,노선일치
I4106|1955,마두역,일산선,한국철도공사,일산선,일산선,14163.4,14163.4,1,노선일치
I4106|1956,정발산역,일산선,한국철도공사,일산선,일산선,14252.2,14252.2,1,노선일치
I4106|1957,주엽역,일산선,한국철도공사,일산선,일산선,16271.8,16271.8,1,노선일치
I4106|1958,대화역,일산선,한국철도공사,일산선,일산선,20663.6,20663.6,1,노선일치
I41WS|1980,김포공항역,서해선,한국철도공사,서해선,서해선,44825.1,44825.1,1,노선일치
I41WS|1981,원종역,서해선,한국철도공사,서해선,서해선,9535.2,9535.2,1,노선일치
I41WS|1982,부천종합운동장역,서해선,한국철도공사,서해선,서해선,26005.3,26005.3,1,노선일치
I1101|4804,소사역,경인선,한국철도공사,경인선,경인선,58177.3,58177.3,1,노선일치
I41WS|4804,소사역,서해선,한국철도공사,서해선,서해선,47708.2,47708.2,1,노선일치
I41WS|4805,소새울역,서해선,한국철도공사,서해선,서해선,6302.9,6302.9,1,노선일치
I41WS|4806,시흥대야역,서해선,한국철도공사,서해선,서해선,7027.7,7027.7,1,노선일치
I41WS|4807,신천역,서해선,한국철도공사,서해선,서해선,14612.3,14612.3,1,노선일치
I41WS|4808,신현역,서해선,한국철도공사,서해선,서해선,3196.3,3196.3,1,노선일치
I41WS|4809,시흥시청역,서해선,한국철도공사,서해선,서해선,7298.1,7298.1,1,노선일치
I41WS|4810,시흥능곡역,서해선,한국철도공사,서해선,서해선,8328.7,8328.7,1,노선일치
I41WS|4811,달미역,서해선,한국철도공사,서해선,서해선,3346.5,3346.5,1,노선일치
I41WS|4812,선부역,서해선,한국철도공사,서해선,서해선,9171.1,9171.1,1,노선일치
I41WS|4813,초지역,서해선,한국철도공사,서해선,서해선,24061.2,24061.2,1,노선일치
I41WS|4814,시우역,서해선,한국철도공사,서해선,서해선,2190.4,2190.4,1,노선일치
I41WS|4815,원시역,서해선,한국철도공사,서해선,서해선,4082.5,4082.5,1,노선일치
I27K7|7001,구미역,대경선,한국철도공사,대경선,대경선,4764.5,4764.5,1,노선일치
I27K7|7002,사곡역,대경선,한국철도공사,대경선,대경선,3196.2,3196.2,1,노선일치
I27K7|7003,북삼역,대경선,한국철도공사,대경선,,,,0,미매칭
I27K7|7004,왜관역,대경선,한국철도공사,대경선,대경선,2997.8,2997.8,1,노선일치
I27K7|7005,서대구역,대경선,한국철도공사,대경선,대경선,2029.6,2029.6,1,노선일치
I27K7|7006,대구역,대경선,한국철도공사,대경선,대경선,5659.5,5659.5,1,노선일치
I27K7|7007,동대구역,대경선,한국철도공사,대경선,대경선,5408.9,5408.9,1,노선일치
I27K7|7008,경산역,대경선,한국철도공사,대경선,대경선,4417.7,4417.7,1,노선일치
I26K6|8001,부전역,동해선,한국철도공사,동해선,동해선,7836.8,7836.8,1,노선일치
I26K6|8002,거제해맞이역,동해선,한국철도공사,동해선,동해선,2308.9,2308.9,1,노선일치
I26K6|8003,거제역,동해선,한국철도공사,동해선,동해선,4065.6,4065.6,1,노선일치
I26K6|8004,교대역,동해선,한국철도공사,동해선,동해선,10332.2,10332.2,1,노선일치
I26K6|8005,동래역,동해선,한국철도공사,동해선,동해선,2614.0,2614.0,1,노선일치
I26K6|8006,안락역,동해선,한국철도공사,동해선,동해선,3425.0,3425.0,1,노선일치
I26K6|8007,재송역,동해선,한국철도공사,동해선,동해선,2859.9,2859.9,1,노선일치
I26K6|8008,센텀역,동해선,한국철도공사,동해선,동해선,4109.4,4109.4,1,노선일치
I26K6|8009,벡스코역,동해선,한국철도공사,동해선,동해선,10825.7,10825.7,1,노선일치
I26K6|8010,신해운대역,동해선,한국철도공사,동해선,동해선,4517.3,4517.3,1,노선일치
I26K6|8011,송정역,동해선,한국철도공사,동해선,동해선,3063.6,3063.6,1,노선일치
I26K6|8012,오시리아역,동해선,한국철도공사,동해선,동해선,5002.1,5002.1,1,노선일치
I26K6|8013,기장역,동해선,한국철도공사,동해선,동해선,6712.3,6712.3,1,노선일치
I26K6|8014,일광역,동해선,한국철도공사,동해선,동해선,5002.6,5002.6,1,노선일치
I26K6|8015,부산원동역,동해선,한국철도공사,동해선,동해선,3598.8,3598.8,1,노선일치
I26K6|8016,좌천역,동해선,한국철도공사,동해선,동해선,2672.4,2672.4,1,노선일치
I26K6|8017,월내역,동해선,한국철도공사,동해선,동해선,1172.1,1172.1,1,노선일치
I26K6|8018,서생역,동해선,한국철도공사,동해선,동해선,1116.6,1116.6,1,노선일치
I26K6|8019,남창역,동해선,한국철도공사,동해선,동해선,2290.1,2290.1,1,노선일치
I26K6|8020,망양역,동해선,한국철도공사,동해선,동해선,500.6,500.6,1,노선일치
I26K6|8021,덕하역,동해선,한국철도공사,동해선,동해선,933.1,933.1,1,노선일치
I26K6|8022,개운포역,동해선,한국철도공사,동해선,동해선,394.2,394.2,1,노선일치
I26K6|8023,태화강역,동해선,한국철도공사,동해선,동해선,7467.3,7467.3,1,노선일치
