연도,기관,역명,호선,승차인원,하차인원,출처파일,하차보정,연간승하차,일평균승하차,name_n
2025,경기철도,미금,신분당선,4913198,4562509,2025년_경기철도_역별 승강차실적.xls,0,9475707,25960.8,미금
2025,경기철도,동천,신분당선,3375382,3117126,2025년_경기철도_역별 승강차실적.xls,0,6492508,17787.7,동천
2025,경기철도,수지구청,신분당선,4949077,4941046,2025년_경기철도_역별 승강차실적.xls,0,9890123,27096.2,수지구청
2025,경기철도,성복,신분당선,5768411,5516844,2025년_경기철도_역별 승강차실적.xls,0,11285255,30918.5,성복
2025,경기철도,상현,신분당선,3230877,3045350,2025년_경기철도_역별 승강차실적.xls,0,6276227,17195.1,상현
2025,경기철도,광교중앙,신분당선,4164305,4090369,2025년_경기철도_역별 승강차실적.xls,0,8254674,22615.5,광교중앙
2025,경기철도,광교,신분당선,1212264,1120384,2025년_경기철도_역별 승강차실적.xls,0,2332648,6390.8,광교
2025,공항철도,서울역,공항철도,14367572,14367572,2025년_공항철도_역별 승강차실적.xls,1,28735144,78726.4,서울
2025,공항철도,공덕,공항철도,6578585,6578585,2025년_공항철도_역별 승강차실적.xls,1,13157170,36047.0,공덕
2025,공항철도,홍대입구,공항철도,14001278,14001278,2025년_공항철도_역별 승강차실적.xls,1,28002556,76719.3,홍대입구
2025,공항철도,디지털미디어시티,공항철도,8773124,8773124,2025년_공항철도_역별 승강차실적.xls,1,17546248,48071.9,디지털미디어시티
2025,공항철도,마곡나루,공항철도,7684567,7684567,2025년_공항철도_역별 승강차실적.xls,1,15369134,42107.2,마곡나루
2025,공항철도,김포공항,공항철도,17740431,17740431,2025년_공항철도_역별 승강차실적.xls,1,35480862,97207.8,김포공항
2025,공항철도,계양,공항철도,11284928,11284928,2025년_공항철도_역별 승강차실적.xls,1,22569856,61835.2,계양
2025,공항철도,검암,공항철도,8532854,8532854,2025년_공항철도_역별 승강차실적.xls,1,17065708,46755.4,검암
2025,공항철도,청라국제도시,공항철도,2604612,2604612,2025년_공항철도_역별 승강차실적.xls,1,5209224,14271.8,청라국제도시
2025,공항철도,운서,공항철도,3568076,3568076,2025년_공항철도_역별 승강차실적.xls,1,7136152,19551.1,운서
2025,공항철도,공항화물청사,공항철도,662809,662809,2025년_공항철도_역별 승강차실적.xls,1,1325618,3631.8,공항화물청사
2025,공항철도,인천공항1터미널,공항철도,6456808,6456808,2025년_공항철도_역별 승강차실적.xls,1,12913616,35379.8,인천공항1터미널
2025,공항철도,인천공항2터미널,공항철도,3425463,3425463,2025년_공항철도_역별 승강차실적.xls,1,6850926,18769.7,인천공항2터미널
2025,공항철도,영종,공항철도,1606082,1606082,2025년_공항철도_역별 승강차실적.xls,1,3212164,8800.4,영종
2025,광주교통공사,녹동,1호선,64538,47007,2025년_광주교통공사_역별 승강차실적.xls,0,111545,305.6,녹동
2025,광주교통공사,소태,1호선,762184,710890,2025년_광주교통공사_역별 승강차실적.xls,0,1473074,4035.8,소태
2025,광주교통공사,학동증심사,1호선,703366,652698,2025년_광주교통공사_역별 승강차실적.xls,0,1356064,3715.2,학동증심사
2025,광주교통공사,남광주,1호선,1433979,1447438,2025년_광주교통공사_역별 승강차실적.xls,0,2881417,7894.3,남광주
2025,광주교통공사,문화전당,1호선,1157794,1179432,2025년_광주교통공사_역별 승강차실적.xls,0,2337226,6403.4,문화전당
2025,광주교통공사,금남로4가,1호선,1447109,1412332,2025년_광주교통공사_역별 승강차실적.xls,0,2859441,7834.1,금남로4가
2025,광주교통공사,금남로5가,1호선,743736,709693,2025년_광주교통공사_역별 승강차실적.xls,0,1453429,3982.0,금남로5가
2025,광주교통공사,양동시장,1호선,821786,819493,2025년_광주교통공사_역별 승강차실적.xls,0,1641279,4496.7,양동시장
2025,광주교통공사,돌고개,1호선,648297,634533,2025년_광주교통공사_역별 승강차실적.xls,0,1282830,3514.6,돌고개
2025,광주교통공사,농성,1호선,1026204,963655,2025년_광주교통공사_역별 승강차실적.xls,0,1989859,5451.7,농성
2025,광주교통공사,화정,1호선,761817,618187,2025년_광주교통공사_역별 승강차실적.xls,0,1380004,3780.8,화정
2025,광주교통공사,쌍촌,1호선,945331,728755,2025년_광주교통공사_역별 승강차실적.xls,0,1674086,4586.5,쌍촌
2025,광주교통공사,운천,1호선,1166089,1098280,2025년_광주교통공사_역별 승강차실적.xls,0,2264369,6203.8,운천
2025,광주교통공사,상무,1호선,1441072,1498382,2025년_광주교통공사_역별 승강차실적.xls,0,2939454,8053.3,상무
2025,광주교통공사,김대중컨벤션센터,1호선,475566,478596,2025년_광주교통공사_역별 승강차실적.xls,0,954162,2614.1,김대중컨벤션센터
2025,광주교통공사,공항,1호선,411892,340665,2025년_광주교통공사_역별 승강차실적.xls,0,752557,2061.8,공항
2025,광주교통공사,송정공원,1호선,990340,941693,2025년_광주교통공사_역별 승강차실적.xls,0,1932033,5293.2,송정공원
2025,광주교통공사,광주송정,1호선,1818698,1736179,2025년_광주교통공사_역별 승강차실적.xls,0,3554877,9739.4,광주송정
2025,광주교통공사,도산,1호선,589510,498417,2025년_광주교통공사_역별 승강차실적.xls,0,1087927,2980.6,도산
2025,광주교통공사,평동,1호선,698740,699544,2025년_광주교통공사_역별 승강차실적.xls,0,1398284,3830.9,평동
2025,김포골드라인,양촌,김포골드,165827,127296,2025년_김포골드라인_역별 승강차실적.xls,0,293123,803.1,양촌
2025,김포골드라인,구래,김포골드,3415576,3189083,2025년_김포골드라인_역별 승강차실적.xls,0,6604659,18095.0,구래
2025,김포골드라인,마산,김포골드,1007034,923687,2025년_김포골드라인_역별 승강차실적.xls,0,1930721,5289.6,마산
2025,김포골드라인,장기,김포골드,2473715,2579967,2025년_김포골드라인_역별 승강차실적.xls,0,5053682,13845.7,장기
2025,김포골드라인,운양,김포골드,1945098,1778598,2025년_김포골드라인_역별 승강차실적.xls,0,3723696,10201.9,운양
2025,김포골드라인,걸포북변,김포골드,1762106,1608650,2025년_김포골드라인_역별 승강차실적.xls,0,3370756,9234.9,걸포북변
2025,김포골드라인,사우(김포시청),김포골드,2555431,2512880,2025년_김포골드라인_역별 승강차실적.xls,0,5068311,13885.8,사우
2025,김포골드라인,풍무,김포골드,1856035,1913750,2025년_김포골드라인_역별 승강차실적.xls,0,3769785,10328.2,풍무
2025,김포골드라인,고촌,김포골드,1853143,1995179,2025년_김포골드라인_역별 승강차실적.xls,0,3848322,10543.3,고촌
2025,김포골드라인,김포공항,김포골드,796816,327491,2025년_김포골드라인_역별 승강차실적.xls,0,1124307,3080.3,김포공항
2025,남서울경전철,샛강,신림선,991802,1164436,2025년_남서울경전철_역별 승강차실적.xls,0,2156238,5907.5,샛강
2025,남서울경전철,대방,신림선,1149277,897979,2025년_남서울경전철_역별 승강차실적.xls,0,2047256,5608.9,대방
2025,남서울경전철,서울지방병무청,신림선,1133389,1236414,2025년_남서울경전철_역별 승강차실적.xls,0,2369803,6492.6,서울지방병무청
2025,남서울경전철,보라매,신림선,1575162,1424255,2025년_남서울경전철_역별 승강차실적.xls,0,2999417,8217.6,보라매
2025,남서울경전철,보라매공원,신림선,901839,999907,2025년_남서울경전철_역별 승강차실적.xls,0,1901746,5210.3,보라매공원
2025,남서울경전철,보라매병원,신림선,2768318,2854770,2025년_남서울경전철_역별 승강차실적.xls,0,5623088,15405.7,보라매병원
2025,남서울경전철,당곡,신림선,1758760,1681665,2025년_남서울경전철_역별 승강차실적.xls,0,3440425,9425.8,당곡
2025,남서울경전철,신림,신림선,825084,980489,2025년_남서울경전철_역별 승강차실적.xls,0,1805573,4946.8,신림
2025,남서울경전철,서원,신림선,1288747,1133854,2025년_남서울경전철_역별 승강차실적.xls,0,2422601,6637.3,서원
2025,남서울경전철,서울대벤처타운,신림선,3551202,3243661,2025년_남서울경전철_역별 승강차실적.xls,0,6794863,18616.1,서울대벤처타운
2025,남서울경전철,관악산(서울대),신림선,1187441,1161162,2025년_남서울경전철_역별 승강차실적.xls,0,2348603,6434.5,관악산
2025,남양주도시공사,진접,4호선,1878967,1731358,2025년_남양주도시공사_역별 승강차실적.xls,0,3610325,9891.3,진접
2025,남양주도시공사,오남,4호선,1894272,1833120,2025년_남양주도시공사_역별 승강차실적.xls,0,3727392,10212.0,오남
2025,남양주도시공사,별내별가람,4호선,2259152,2177069,2025년_남양주도시공사_역별 승강차실적.xls,0,4436221,12154.0,별내별가람
2025,남양주도시공사,별내,8호선,2778384,2608206,2025년_남양주도시공사_역별 승강차실적.xls,0,5386590,14757.8,별내
2025,남양주도시공사,다산,8호선,3442723,3378796,2025년_남양주도시공사_역별 승강차실적.xls,0,6821519,18689.1,다산
2025,네오트랜스(주),강남역,신분당선,6013616,8038133,2025년_네오트랜스(주)_역별 승강차실적.xls,0,14051749,38497.9,강남
2025,네오트랜스(주),양재역,신분당선,3133018,3349093,2025년_네오트랜스(주)_역별 승강차실적.xls,0,6482111,17759.2,양재
2025,네오트랜스(주),양재시민의숲역,신분당선,3992054,4371217,2025년_네오트랜스(주)_역별 승강차실적.xls,0,8363271,22913.1,양재시민의숲
2025,네오트랜스(주),청계산입구역,신분당선,1744015,1730885,2025년_네오트랜스(주)_역별 승강차실적.xls,0,3474900,9520.3,청계산입구
2025,네오트랜스(주),판교역,신분당선,10988430,11050738,2025년_네오트랜스(주)_역별 승강차실적.xls,0,22039168,60381.3,판교
2025,네오트랜스(주),정자역,신분당선,2842679,2573049,2025년_네오트랜스(주)_역별 승강차실적.xls,0,5415728,14837.6,정자
2025,대구교통공사,설화명곡역,1호선,1729367,1506189,2025년_대구교통공사_역별 승강차실적.xls,0,3235556,8864.5,설화명곡
2025,대구교통공사,화원역,1호선,1429830,1421665,2025년_대구교통공사_역별 승강차실적.xls,0,2851495,7812.3,화원
2025,대구교통공사,대곡역,1호선,1650316,1485762,2025년_대구교통공사_역별 승강차실적.xls,0,3136078,8592.0,대곡
2025,대구교통공사,진천역,1호선,2798266,2763551,2025년_대구교통공사_역별 승강차실적.xls,0,5561817,15237.9,진천
2025,대구교통공사,월배역,1호선,1557981,1566491,2025년_대구교통공사_역별 승강차실적.xls,0,3124472,8560.2,월배
2025,대구교통공사,상인역,1호선,3882590,3719668,2025년_대구교통공사_역별 승강차실적.xls,0,7602258,20828.1,상인
2025,대구교통공사,월촌역,1호선,1398331,1434223,2025년_대구교통공사_역별 승강차실적.xls,0,2832554,7760.4,월촌
2025,대구교통공사,송현역,1호선,1246917,1228761,2025년_대구교통공사_역별 승강차실적.xls,0,2475678,6782.7,송현
2025,대구교통공사,서부정류정역,1호선,2878179,2723796,2025년_대구교통공사_역별 승강차실적.xls,0,5601975,15347.9,서부정류정
2025,대구교통공사,대명역,1호선,1394839,1430922,2025년_대구교통공사_역별 승강차실적.xls,0,2825761,7741.8,대명
2025,대구교통공사,안지랑역,1호선,1365606,1337128,2025년_대구교통공사_역별 승강차실적.xls,0,2702734,7404.8,안지랑
2025,대구교통공사,현충로역,1호선,1080552,1071913,2025년_대구교통공사_역별 승강차실적.xls,0,2152465,5897.2,현충로
2025,대구교통공사,영대병원역,1호선,1859353,1934669,2025년_대구교통공사_역별 승강차실적.xls,0,3794022,10394.6,영대병원
2025,대구교통공사,교대역,1호선,1421342,1362000,2025년_대구교통공사_역별 승강차실적.xls,0,2783342,7625.6,교대
2025,대구교통공사,명덕역1,1호선,1089941,1158600,2025년_대구교통공사_역별 승강차실적.xls,0,2248541,6160.4,명덕역1
2025,대구교통공사,반월당역1,1호선,3533650,4686772,2025년_대구교통공사_역별 승강차실적.xls,0,8220422,22521.7,반월당역1
2025,대구교통공사,중앙로역,1호선,5303143,5636907,2025년_대구교통공사_역별 승강차실적.xls,0,10940050,29972.7,중앙로
2025,대구교통공사,대구역,1호선,2949322,2818153,2025년_대구교통공사_역별 승강차실적.xls,0,5767475,15801.3,대구
2025,대구교통공사,칠성역,1호선,1426071,1405588,2025년_대구교통공사_역별 승강차실적.xls,0,2831659,7758.0,칠성
2025,대구교통공사,신천역,1호선,1754999,1713883,2025년_대구교통공사_역별 승강차실적.xls,0,3468882,9503.8,신천
2025,대구교통공사,동대구역,1호선,6525968,6660291,2025년_대구교통공사_역별 승강차실적.xls,0,13186259,36126.7,동대구
2025,대구교통공사,동구청역,1호선,1176822,1115137,2025년_대구교통공사_역별 승강차실적.xls,0,2291959,6279.3,동구청
2025,대구교통공사,아양교역,1호선,1741098,1579892,2025년_대구교통공사_역별 승강차실적.xls,0,3320990,9098.6,아양교
2025,대구교통공사,동촌역,1호선,811515,792514,2025년_대구교통공사_역별 승강차실적.xls,0,1604029,4394.6,동촌
2025,대구교통공사,해안역,1호선,907916,861151,2025년_대구교통공사_역별 승강차실적.xls,0,1769067,4846.8,해안
2025,대구교통공사,방촌역,1호선,1167957,1199150,2025년_대구교통공사_역별 승강차실적.xls,0,2367107,6485.2,방촌
2025,대구교통공사,용계역,1호선,756597,653195,2025년_대구교통공사_역별 승강차실적.xls,0,1409792,3862.4,용계
2025,대구교통공사,율하역,1호선,1519045,1525541,2025년_대구교통공사_역별 승강차실적.xls,0,3044586,8341.3,율하
2025,대구교통공사,신기역,1호선,1396476,1326281,2025년_대구교통공사_역별 승강차실적.xls,0,2722757,7459.6,신기
2025,대구교통공사,반야월역,1호선,1010329,1012698,2025년_대구교통공사_역별 승강차실적.xls,0,2023027,5542.5,반야월
2025,대구교통공사,각산역,1호선,1515358,1461569,2025년_대구교통공사_역별 승강차실적.xls,0,2976927,8156.0,각산
2025,대구교통공사,안심역,1호선,1405271,1273482,2025년_대구교통공사_역별 승강차실적.xls,0,2678753,7339.0,안심
2025,대구교통공사,대구한의대병원역,1호선,257694,278937,2025년_대구교통공사_역별 승강차실적.xls,0,536631,1470.2,대구한의대병원
2025,대구교통공사,부호역,1호선,465653,549655,2025년_대구교통공사_역별 승강차실적.xls,0,1015308,2781.7,부호
2025,대구교통공사,하양역,1호선,1486954,1400906,2025년_대구교통공사_역별 승강차실적.xls,0,2887860,7911.9,하양
2025,대구교통공사,문양역,2호선,924847,907027,2025년_대구교통공사_역별 승강차실적.xls,0,1831874,5018.8,문양
2025,대구교통공사,다사역,2호선,1221279,1130330,2025년_대구교통공사_역별 승강차실적.xls,0,2351609,6442.8,다사
2025,대구교통공사,대실역,2호선,2351303,2321420,2025년_대구교통공사_역별 승강차실적.xls,0,4672723,12802.0,대실
2025,대구교통공사,강창역,2호선,2231157,2088734,2025년_대구교통공사_역별 승강차실적.xls,0,4319891,11835.3,강창
2025,대구교통공사,계명대역,2호선,2216860,2158082,2025년_대구교통공사_역별 승강차실적.xls,0,4374942,11986.1,계명대
2025,대구교통공사,성서산업단지,2호선,1689091,1668795,2025년_대구교통공사_역별 승강차실적.xls,0,3357886,9199.7,성서산업단지
2025,대구교통공사,이곡역,2호선,1280847,1142539,2025년_대구교통공사_역별 승강차실적.xls,0,2423386,6639.4,이곡
2025,대구교통공사,용산역,2호선,2428832,2408093,2025년_대구교통공사_역별 승강차실적.xls,0,4836925,13251.8,용산
2025,대구교통공사,죽전역,2호선,2296105,2325899,2025년_대구교통공사_역별 승강차실적.xls,0,4622004,12663.0,죽전
2025,대구교통공사,감삼역,2호선,2416442,2268040,2025년_대구교통공사_역별 승강차실적.xls,0,4684482,12834.2,감삼
2025,대구교통공사,두류역,2호선,2384932,2359729,2025년_대구교통공사_역별 승강차실적.xls,0,4744661,12999.1,두류
2025,대구교통공사,내당역,2호선,1470524,1464367,2025년_대구교통공사_역별 승강차실적.xls,0,2934891,8040.8,내당
2025,대구교통공사,반고개역,2호선,1337401,1373999,2025년_대구교통공사_역별 승강차실적.xls,0,2711400,7428.5,반고개
2025,대구교통공사,청라언덕역2,2호선,1872918,1745269,2025년_대구교통공사_역별 승강차실적.xls,0,3618187,9912.8,청라언덕역2
2025,대구교통공사,반월당역2,2호선,8074315,7339128,2025년_대구교통공사_역별 승강차실적.xls,0,15413443,42228.6,반월당역2
2025,대구교통공사,경대병원역,2호선,2321907,2569074,2025년_대구교통공사_역별 승강차실적.xls,0,4890981,13399.9,경대병원
2025,대구교통공사,대구은행역,2호선,2050191,2109303,2025년_대구교통공사_역별 승강차실적.xls,0,4159494,11395.9,대구은행
2025,대구교통공사,범어역,2호선,2818248,2822103,2025년_대구교통공사_역별 승강차실적.xls,0,5640351,15453.0,범어
2025,대구교통공사,수성구청역,2호선,1856777,1919907,2025년_대구교통공사_역별 승강차실적.xls,0,3776684,10347.1,수성구청
2025,대구교통공사,만촌역,2호선,1535206,1480061,2025년_대구교통공사_역별 승강차실적.xls,0,3015267,8261.0,만촌
2025,대구교통공사,담티역,2호선,1117295,1035979,2025년_대구교통공사_역별 승강차실적.xls,0,2153274,5899.4,담티
2025,대구교통공사,연호역,2호선,220713,178952,2025년_대구교통공사_역별 승강차실적.xls,0,399665,1095.0,연호
2025,대구교통공사,대공원역,2호선,834451,880087,2025년_대구교통공사_역별 승강차실적.xls,0,1714538,4697.4,대공원
2025,대구교통공사,고산역,2호선,950418,909726,2025년_대구교통공사_역별 승강차실적.xls,0,1860144,5096.3,고산
2025,대구교통공사,신매역,2호선,2024634,2116625,2025년_대구교통공사_역별 승강차실적.xls,0,4141259,11345.9,신매
2025,대구교통공사,사월역,2호선,1507352,1427584,2025년_대구교통공사_역별 승강차실적.xls,0,2934936,8040.9,사월
2025,대구교통공사,정평역,2호선,1582005,1480080,2025년_대구교통공사_역별 승강차실적.xls,0,3062085,8389.3,정평
2025,대구교통공사,임당역,2호선,1194259,1113859,2025년_대구교통공사_역별 승강차실적.xls,0,2308118,6323.6,임당
2025,대구교통공사,영남대역,2호선,2835032,2642709,2025년_대구교통공사_역별 승강차실적.xls,0,5477741,15007.5,영남대
2025,대구교통공사,칠곡경대병원역,3호선,446744,400843,2025년_대구교통공사_역별 승강차실적.xls,0,847587,2322.2,칠곡경대병원
2025,대구교통공사,학정역,3호선,156284,130659,2025년_대구교통공사_역별 승강차실적.xls,0,286943,786.1,학정
2025,대구교통공사,팔거역,3호선,1534769,1578688,2025년_대구교통공사_역별 승강차실적.xls,0,3113457,8530.0,팔거
2025,대구교통공사,동천역,3호선,744137,687021,2025년_대구교통공사_역별 승강차실적.xls,0,1431158,3921.0,동천
2025,대구교통공사,칠곡운암역,3호선,1322394,1293594,2025년_대구교통공사_역별 승강차실적.xls,0,2615988,7167.1,칠곡운암
2025,대구교통공사,구암역,3호선,808162,718811,2025년_대구교통공사_역별 승강차실적.xls,0,1526973,4183.5,구암
2025,대구교통공사,태전역,3호선,685408,733447,2025년_대구교통공사_역별 승강차실적.xls,0,1418855,3887.3,태전
2025,대구교통공사,매천역,3호선,743397,662065,2025년_대구교통공사_역별 승강차실적.xls,0,1405462,3850.6,매천
2025,대구교통공사,매천시장역,3호선,539220,512686,2025년_대구교통공사_역별 승강차실적.xls,0,1051906,2881.9,매천시장
2025,대구교통공사,팔달역,3호선,371962,390051,2025년_대구교통공사_역별 승강차실적.xls,0,762013,2087.7,팔달
2025,대구교통공사,공단역,3호선,441951,391500,2025년_대구교통공사_역별 승강차실적.xls,0,833451,2283.4,공단
2025,대구교통공사,만평역,3호선,513353,441109,2025년_대구교통공사_역별 승강차실적.xls,0,954462,2615.0,만평
2025,대구교통공사,팔달시장역,3호선,855224,808694,2025년_대구교통공사_역별 승강차실적.xls,0,1663918,4558.7,팔달시장
2025,대구교통공사,원대역,3호선,639744,609196,2025년_대구교통공사_역별 승강차실적.xls,0,1248940,3421.8,원대
2025,대구교통공사,북구청역,3호선,1310626,1338687,2025년_대구교통공사_역별 승강차실적.xls,0,2649313,7258.4,북구청
2025,대구교통공사,달성공원역,3호선,1023432,982517,2025년_대구교통공사_역별 승강차실적.xls,0,2005949,5495.8,달성공원
2025,대구교통공사,서문시장(동산병원)역,3호선,2332127,2341166,2025년_대구교통공사_역별 승강차실적.xls,0,4673293,12803.5,서문시장
2025,대구교통공사,청라언덕역3,3호선,807735,802118,2025년_대구교통공사_역별 승강차실적.xls,0,1609853,4410.6,청라언덕역3
2025,대구교통공사,남산역,3호선,1082742,1086115,2025년_대구교통공사_역별 승강차실적.xls,0,2168857,5942.1,남산
2025,대구교통공사,명덕역3,3호선,955098,851554,2025년_대구교통공사_역별 승강차실적.xls,0,1806652,4949.7,명덕역3
2025,대구교통공사,건들바위역,3호선,627856,608267,2025년_대구교통공사_역별 승강차실적.xls,0,1236123,3386.6,건들바위
2025,대구교통공사,대봉교역,3호선,973147,962112,2025년_대구교통공사_역별 승강차실적.xls,0,1935259,5302.1,대봉교
2025,대구교통공사,수성시장역,3호선,1054933,1002768,2025년_대구교통공사_역별 승강차실적.xls,0,2057701,5637.5,수성시장
2025,대구교통공사,수성구민운동장역,3호선,617063,609388,2025년_대구교통공사_역별 승강차실적.xls,0,1226451,3360.1,수성구민운동장
2025,대구교통공사,어린이회관역,3호선,432180,407024,2025년_대구교통공사_역별 승강차실적.xls,0,839204,2299.2,어린이회관
2025,대구교통공사,황금역,3호선,1004477,995454,2025년_대구교통공사_역별 승강차실적.xls,0,1999931,5479.3,황금
2025,대구교통공사,수성못(TBC)역,3호선,807361,854700,2025년_대구교통공사_역별 승강차실적.xls,0,1662061,4553.6,수성못
2025,대구교통공사,지산역,3호선,806255,750650,2025년_대구교통공사_역별 승강차실적.xls,0,1556905,4265.5,지산
2025,대구교통공사,범물역,3호선,1333523,1283677,2025년_대구교통공사_역별 승강차실적.xls,0,2617200,7170.4,범물
2025,대구교통공사,용지역,3호선,797508,773854,2025년_대구교통공사_역별 승강차실적.xls,0,1571362,4305.1,용지
2025,대전교통공사,판암역,1호선,1420037,1285575,2025년_대전교통공사_역별 승강차실적.xls,0,2705612,7412.6,판암
2025,대전교통공사,신흥역,1호선,739829,688352,2025년_대전교통공사_역별 승강차실적.xls,0,1428181,3912.8,신흥
2025,대전교통공사,대동역,1호선,1442837,1266761,2025년_대전교통공사_역별 승강차실적.xls,0,2709598,7423.6,대동
2025,대전교통공사,대전역,1호선,4224228,4014303,2025년_대전교통공사_역별 승강차실적.xls,0,8238531,22571.3,대전
2025,대전교통공사,중앙로역,1호선,2465912,2667381,2025년_대전교통공사_역별 승강차실적.xls,0,5133293,14063.8,중앙로
2025,대전교통공사,중구청역,1호선,799270,835200,2025년_대전교통공사_역별 승강차실적.xls,0,1634470,4478.0,중구청
2025,대전교통공사,서대전네거리역,1호선,1982040,2070987,2025년_대전교통공사_역별 승강차실적.xls,0,4053027,11104.2,서대전네거리
2025,대전교통공사,오룡역,1호선,1422781,1262196,2025년_대전교통공사_역별 승강차실적.xls,0,2684977,7356.1,오룡
2025,대전교통공사,용문역,1호선,2439159,2468390,2025년_대전교통공사_역별 승강차실적.xls,0,4907549,13445.3,용문
2025,대전교통공사,탄방역,1호선,1551116,1684335,2025년_대전교통공사_역별 승강차실적.xls,0,3235451,8864.2,탄방
2025,대전교통공사,시청역,1호선,2624374,2732907,2025년_대전교통공사_역별 승강차실적.xls,0,5357281,14677.5,시청
2025,대전교통공사,정부청사역,1호선,2276274,2462113,2025년_대전교통공사_역별 승강차실적.xls,0,4738387,12981.9,정부청사
2025,대전교통공사,갈마역,1호선,1029214,1029766,2025년_대전교통공사_역별 승강차실적.xls,0,2058980,5641.0,갈마
2025,대전교통공사,월평역,1호선,1221435,1240156,2025년_대전교통공사_역별 승강차실적.xls,0,2461591,6744.1,월평
2025,대전교통공사,갑천역,1호선,346613,343047,2025년_대전교통공사_역별 승강차실적.xls,0,689660,1889.5,갑천
2025,대전교통공사,유성온천역,1호선,3278496,3432374,2025년_대전교통공사_역별 승강차실적.xls,0,6710870,18385.9,유성온천
2025,대전교통공사,구암역,1호선,1024459,1015634,2025년_대전교통공사_역별 승강차실적.xls,0,2040093,5589.3,구암
2025,대전교통공사,현충원역,1호선,790152,645191,2025년_대전교통공사_역별 승강차실적.xls,0,1435343,3932.4,현충원
2025,대전교통공사,월드컵경기장역,1호선,935059,850263,2025년_대전교통공사_역별 승강차실적.xls,0,1785322,4891.3,월드컵경기장
2025,대전교통공사,노은역,1호선,1428660,1500760,2025년_대전교통공사_역별 승강차실적.xls,0,2929420,8025.8,노은
2025,대전교통공사,지족역,1호선,756929,739671,2025년_대전교통공사_역별 승강차실적.xls,0,1496600,4100.3,지족
2025,대전교통공사,반석역,1호선,2494632,2313594,2025년_대전교통공사_역별 승강차실적.xls,0,4808226,13173.2,반석
2025,부산교통공사,괴정역,1호선,3206383,3202472,2025년_부산교통공사_역별 승강차실적.xls,0,6408855,17558.5,괴정
2025,부산교통공사,교대앞역,1호선,5012844,4865192,2025년_부산교통공사_역별 승강차실적.xls,0,9878036,27063.1,교대앞
2025,부산교통공사,구서동역,1호선,3486450,3299668,2025년_부산교통공사_역별 승강차실적.xls,0,6786118,18592.1,구서동
2025,부산교통공사,남산동역,1호선,1960887,1906352,2025년_부산교통공사_역별 승강차실적.xls,0,3867239,10595.2,남산동
2025,부산교통공사,남포동역,1호선,6702832,7024465,2025년_부산교통공사_역별 승강차실적.xls,0,13727297,37609.0,남포동
2025,부산교통공사,노포동역,1호선,4019926,3851611,2025년_부산교통공사_역별 승강차실적.xls,0,7871537,21565.9,노포동
2025,부산교통공사,당리역,1호선,2333332,2467602,2025년_부산교통공사_역별 승강차실적.xls,0,4800934,13153.2,당리
2025,부산교통공사,대티역,1호선,1445699,1429080,2025년_부산교통공사_역별 승강차실적.xls,0,2874779,7876.1,대티
2025,부산교통공사,동대신동역,1호선,2425211,2129188,2025년_부산교통공사_역별 승강차실적.xls,0,4554399,12477.8,동대신동
2025,부산교통공사,동래역,1호선,5867100,6615233,2025년_부산교통공사_역별 승강차실적.xls,0,12482333,34198.2,동래
2025,부산교통공사,두실역,1호선,2522019,2200588,2025년_부산교통공사_역별 승강차실적.xls,0,4722607,12938.6,두실
2025,부산교통공사,명륜동역,1호선,3711242,3836837,2025년_부산교통공사_역별 승강차실적.xls,0,7548079,20679.7,명륜동
2025,부산교통공사,범내골역,1호선,3712366,3692487,2025년_부산교통공사_역별 승강차실적.xls,0,7404853,20287.3,범내골
2025,부산교통공사,범어사역,1호선,3030785,2430054,2025년_부산교통공사_역별 승강차실적.xls,0,5460839,14961.2,범어사
2025,부산교통공사,범일동역,1호선,5294146,5411559,2025년_부산교통공사_역별 승강차실적.xls,0,10705705,29330.7,범일동
2025,부산교통공사,부산대역,1호선,5257512,5297390,2025년_부산교통공사_역별 승강차실적.xls,0,10554902,28917.5,부산대
2025,부산교통공사,부산역,1호선,8759358,8979657,2025년_부산교통공사_역별 승강차실적.xls,0,17739015,48600.0,부산
2025,부산교통공사,부산진역,1호선,2623704,2489090,2025년_부산교통공사_역별 승강차실적.xls,0,5112794,14007.7,부산진
2025,부산교통공사,부전동역,1호선,6057500,6411107,2025년_부산교통공사_역별 승강차실적.xls,0,12468607,34160.6,부전동
2025,부산교통공사,사하역,1호선,1657218,1492352,2025년_부산교통공사_역별 승강차실적.xls,0,3149570,8629.0,사하
2025,부산교통공사,서대신동역,1호선,1247396,1315259,2025년_부산교통공사_역별 승강차실적.xls,0,2562655,7021.0,서대신동
2025,부산교통공사,서면역,1호선,12851774,14630673,2025년_부산교통공사_역별 승강차실적.xls,0,27482447,75294.4,서면
2025,부산교통공사,시청역,1호선,5403356,5252050,2025년_부산교통공사_역별 승강차실적.xls,0,10655406,29192.9,시청
2025,부산교통공사,신평역,1호선,2268142,2341183,2025년_부산교통공사_역별 승강차실적.xls,0,4609325,12628.3,신평
2025,부산교통공사,양정역,1호선,4577317,4608766,2025년_부산교통공사_역별 승강차실적.xls,0,9186083,25167.4,양정
2025,부산교통공사,연산동역,1호선,6254818,6507679,2025년_부산교통공사_역별 승강차실적.xls,0,12762497,34965.7,연산동
2025,부산교통공사,온천장역,1호선,5730165,5759814,2025년_부산교통공사_역별 승강차실적.xls,0,11489979,31479.4,온천장
2025,부산교통공사,자갈치역,1호선,6503302,6609266,2025년_부산교통공사_역별 승강차실적.xls,0,13112568,35924.8,자갈치
2025,부산교통공사,장전동역,1호선,3843665,3880397,2025년_부산교통공사_역별 승강차실적.xls,0,7724062,21161.8,장전동
2025,부산교통공사,좌천동역,1호선,1575330,1420135,2025년_부산교통공사_역별 승강차실적.xls,0,2995465,8206.8,좌천동
2025,부산교통공사,중앙동역,1호선,3298388,3309955,2025년_부산교통공사_역별 승강차실적.xls,0,6608343,18105.0,중앙동
2025,부산교통공사,초량동역,1호선,2259301,2292054,2025년_부산교통공사_역별 승강차실적.xls,0,4551355,12469.5,초량동
2025,부산교통공사,토성동역,1호선,3204540,3122403,2025년_부산교통공사_역별 승강차실적.xls,0,6326943,17334.1,토성동
2025,부산교통공사,하단역,1호선,7014774,6445757,2025년_부산교통공사_역별 승강차실적.xls,0,13460531,36878.2,하단
2025,부산교통공사,다대포해수욕장역,1호선,1973644,1669370,2025년_부산교통공사_역별 승강차실적.xls,0,3643014,9980.9,다대포해수욕장
2025,부산교통공사,다대포항역,1호선,1247398,1391294,2025년_부산교통공사_역별 승강차실적.xls,0,2638692,7229.3,다대포항
2025,부산교통공사,낫개역,1호선,1751955,1827384,2025년_부산교통공사_역별 승강차실적.xls,0,3579339,9806.4,낫개
2025,부산교통공사,신장림역,1호선,1214729,1168537,2025년_부산교통공사_역별 승강차실적.xls,0,2383266,6529.5,신장림
2025,부산교통공사,장림역,1호선,1446466,1343561,2025년_부산교통공사_역별 승강차실적.xls,0,2790027,7643.9,장림
2025,부산교통공사,동매역,1호선,1473013,1342412,2025년_부산교통공사_역별 승강차실적.xls,0,2815425,7713.5,동매
2025,부산교통공사,가야역,2호선,1308805,1233025,2025년_부산교통공사_역별 승강차실적.xls,0,2541830,6963.9,가야
2025,부산교통공사,감전역,2호선,1455124,1334731,2025년_부산교통공사_역별 승강차실적.xls,0,2789855,7643.4,감전
2025,부산교통공사,개금역,2호선,2971853,2863382,2025년_부산교통공사_역별 승강차실적.xls,0,5835235,15986.9,개금
2025,부산교통공사,경성부경대역,2호선,5820390,5949349,2025년_부산교통공사_역별 승강차실적.xls,0,11769739,32245.9,경성부경대
2025,부산교통공사,광안역,2호선,4047152,4386807,2025년_부산교통공사_역별 승강차실적.xls,0,8433959,23106.7,광안
2025,부산교통공사,구남역,2호선,1540283,1533888,2025년_부산교통공사_역별 승강차실적.xls,0,3074171,8422.4,구남
2025,부산교통공사,구명역,2호선,1255417,983043,2025년_부산교통공사_역별 승강차실적.xls,0,2238460,6132.8,구명
2025,부산교통공사,금곡역,2호선,892210,723415,2025년_부산교통공사_역별 승강차실적.xls,0,1615625,4426.4,금곡
2025,부산교통공사,금련산역,2호선,2868807,3192993,2025년_부산교통공사_역별 승강차실적.xls,0,6061800,16607.7,금련산
2025,부산교통공사,남양산역,2호선,1154548,1122649,2025년_부산교통공사_역별 승강차실적.xls,0,2277197,6238.9,남양산
2025,부산교통공사,남천역,2호선,2857488,2929109,2025년_부산교통공사_역별 승강차실적.xls,0,5786597,15853.7,남천
2025,부산교통공사,냉정역,2호선,2079187,1920896,2025년_부산교통공사_역별 승강차실적.xls,0,4000083,10959.1,냉정
2025,부산교통공사,대연역,2호선,3625013,3531913,2025년_부산교통공사_역별 승강차실적.xls,0,7156926,19608.0,대연
2025,부산교통공사,덕천역,2호선,1852373,2573916,2025년_부산교통공사_역별 승강차실적.xls,0,4426289,12126.8,덕천
2025,부산교통공사,덕포역,2호선,1708633,1608564,2025년_부산교통공사_역별 승강차실적.xls,0,3317197,9088.2,덕포
2025,부산교통공사,동백역,2호선,2467422,2527399,2025년_부산교통공사_역별 승강차실적.xls,0,4994821,13684.4,동백
2025,부산교통공사,동원역,2호선,575213,489133,2025년_부산교통공사_역별 승강차실적.xls,0,1064346,2916.0,동원
2025,부산교통공사,동의대역,2호선,2382671,2167177,2025년_부산교통공사_역별 승강차실적.xls,0,4549848,12465.3,동의대
2025,부산교통공사,모덕역,2호선,728559,671723,2025년_부산교통공사_역별 승강차실적.xls,0,1400282,3836.4,모덕
2025,부산교통공사,모라역,2호선,1723393,1537316,2025년_부산교통공사_역별 승강차실적.xls,0,3260709,8933.4,모라
2025,부산교통공사,못골역,2호선,1857459,1907052,2025년_부산교통공사_역별 승강차실적.xls,0,3764511,10313.7,못골
2025,부산교통공사,국제금융센터·부산은행역,2호선,1784797,1869638,2025년_부산교통공사_역별 승강차실적.xls,0,3654435,10012.2,국제금융센터·부산은행
2025,부산교통공사,문현역,2호선,1863541,1746383,2025년_부산교통공사_역별 승강차실적.xls,0,3609924,9890.2,문현
2025,부산교통공사,민락역,2호선,1330199,1272229,2025년_부산교통공사_역별 승강차실적.xls,0,2602428,7129.9,민락
2025,부산교통공사,부산대양산캠퍼스,2호선,635683,565399,2025년_부산교통공사_역별 승강차실적.xls,0,1201082,3290.6,부산대양산캠퍼스
2025,부산교통공사,부암역,2호선,2282445,2080908,2025년_부산교통공사_역별 승강차실적.xls,0,4363353,11954.4,부암
2025,부산교통공사,사상역,2호선,8168504,8159375,2025년_부산교통공사_역별 승강차실적.xls,0,16327879,44733.9,사상
2025,부산교통공사,서면역,2호선,8930920,8987813,2025년_부산교통공사_역별 승강차실적.xls,0,17918733,49092.4,서면
2025,부산교통공사,센텀시티역,2호선,7628324,7525295,2025년_부산교통공사_역별 승강차실적.xls,0,15153619,41516.8,센텀시티
2025,부산교통공사,수영역,2호선,5679196,5511210,2025년_부산교통공사_역별 승강차실적.xls,0,11190406,30658.6,수영
2025,부산교통공사,수정역,2호선,2150429,2097811,2025년_부산교통공사_역별 승강차실적.xls,0,4248240,11639.0,수정
2025,부산교통공사,양산역,2호선,2096724,2069298,2025년_부산교통공사_역별 승강차실적.xls,0,4166022,11413.8,양산
2025,부산교통공사,율리역,2호선,1594760,1512420,2025년_부산교통공사_역별 승강차실적.xls,0,3107180,8512.8,율리
2025,부산교통공사,장산역,2호선,5468109,5297535,2025년_부산교통공사_역별 승강차실적.xls,0,10765644,29494.9,장산
2025,부산교통공사,전포역,2호선,3466917,4270177,2025년_부산교통공사_역별 승강차실적.xls,0,7737094,21197.5,전포
2025,부산교통공사,주례역,2호선,2610094,2270157,2025년_부산교통공사_역별 승강차실적.xls,0,4880251,13370.6,주례
2025,부산교통공사,중동역,2호선,2894294,2645833,2025년_부산교통공사_역별 승강차실적.xls,0,5540127,15178.4,중동
2025,부산교통공사,지게골역,2호선,994705,983588,2025년_부산교통공사_역별 승강차실적.xls,0,1978293,5420.0,지게골
2025,부산교통공사,해운대역,2호선,5268721,5527697,2025년_부산교통공사_역별 승강차실적.xls,0,10796418,29579.2,해운대
2025,부산교통공사,호포역,2호선,397933,509760,2025년_부산교통공사_역별 승강차실적.xls,0,907693,2486.8,호포
2025,부산교통공사,화명역,2호선,3729828,3855831,2025년_부산교통공사_역별 승강차실적.xls,0,7585659,20782.6,화명
2025,부산교통공사,증산역,2호선,1553552,1657121,2025년_부산교통공사_역별 승강차실적.xls,0,3210673,8796.4,증산
2025,부산교통공사,벡스코,2호선,3930101,3670126,2025년_부산교통공사_역별 승강차실적.xls,0,7600227,20822.5,벡스코
2025,부산교통공사,강서구청역,3호선,1039734,988680,2025년_부산교통공사_역별 승강차실적.xls,0,2028414,5557.3,강서구청
2025,부산교통공사,거제역,3호선,2150340,2112620,2025년_부산교통공사_역별 승강차실적.xls,0,4262960,11679.3,거제
2025,부산교통공사,구포역,3호선,1193901,1331757,2025년_부산교통공사_역별 승강차실적.xls,0,2525658,6919.6,구포
2025,부산교통공사,남산정역,3호선,1864367,1425158,2025년_부산교통공사_역별 승강차실적.xls,0,3289525,9012.4,남산정
2025,부산교통공사,대저역,3호선,3004321,2634874,2025년_부산교통공사_역별 승강차실적.xls,0,5639195,15449.8,대저
2025,부산교통공사,덕천역,3호선,4344026,4077224,2025년_부산교통공사_역별 승강차실적.xls,0,8421250,23071.9,덕천
2025,부산교통공사,만덕역,3호선,2104760,2269748,2025년_부산교통공사_역별 승강차실적.xls,0,4374508,11985.0,만덕
2025,부산교통공사,망미역,3호선,1715457,1630761,2025년_부산교통공사_역별 승강차실적.xls,0,3346218,9167.7,망미
2025,부산교통공사,물만골역,3호선,1354661,1378924,2025년_부산교통공사_역별 승강차실적.xls,0,2733585,7489.3,물만골
2025,부산교통공사,미남역,3호선,3661862,3450539,2025년_부산교통공사_역별 승강차실적.xls,0,7112401,19486.0,미남
2025,부산교통공사,배산역,3호선,1547259,1660255,2025년_부산교통공사_역별 승강차실적.xls,0,3207514,8787.7,배산
2025,부산교통공사,사직역,3호선,2866710,2891451,2025년_부산교통공사_역별 승강차실적.xls,0,5758161,15775.8,사직
2025,부산교통공사,숙등역,3호선,1517401,1440343,2025년_부산교통공사_역별 승강차실적.xls,0,2957744,8103.4,숙등
2025,부산교통공사,연산동역,3호선,3512657,3195939,2025년_부산교통공사_역별 승강차실적.xls,0,6708596,18379.7,연산동
2025,부산교통공사,종합운동장역,3호선,2613198,2667979,2025년_부산교통공사_역별 승강차실적.xls,0,5281177,14469.0,종합운동장
2025,부산교통공사,체육공원역,3호선,363665,353390,2025년_부산교통공사_역별 승강차실적.xls,0,717055,1964.5,체육공원
2025,부산교통공사,동래역,4호선,825272,861252,2025년_부산교통공사_역별 승강차실적.xls,0,1686524,4620.6,동래
2025,부산교통공사,수안역,4호선,1423084,1469251,2025년_부산교통공사_역별 승강차실적.xls,0,2892335,7924.2,수안
2025,부산교통공사,낙민역,4호선,597271,604531,2025년_부산교통공사_역별 승강차실적.xls,0,1201802,3292.6,낙민
2025,부산교통공사,충렬사역,4호선,1182748,1250565,2025년_부산교통공사_역별 승강차실적.xls,0,2433313,6666.6,충렬사
2025,부산교통공사,명장역,4호선,1099077,1048753,2025년_부산교통공사_역별 승강차실적.xls,0,2147830,5884.5,명장
2025,부산교통공사,서동역,4호선,825864,871773,2025년_부산교통공사_역별 승강차실적.xls,0,1697637,4651.1,서동
2025,부산교통공사,금사역,4호선,638705,565063,2025년_부산교통공사_역별 승강차실적.xls,0,1203768,3298.0,금사
2025,부산교통공사,반여농산물시장역,4호선,667676,698002,2025년_부산교통공사_역별 승강차실적.xls,0,1365678,3741.6,반여농산물시장
2025,부산교통공사,석대역,4호선,57169,43078,2025년_부산교통공사_역별 승강차실적.xls,0,100247,274.6,석대
2025,부산교통공사,영산대역,4호선,947545,928294,2025년_부산교통공사_역별 승강차실적.xls,0,1875839,5139.3,영산대
2025,부산교통공사,윗반송역,4호선,893219,833076,2025년_부산교통공사_역별 승강차실적.xls,0,1726295,4729.6,윗반송
2025,부산교통공사,고촌역,4호선,209991,171070,2025년_부산교통공사_역별 승강차실적.xls,0,381061,1044.0,고촌
2025,부산교통공사,안평역,4호선,693780,665394,2025년_부산교통공사_역별 승강차실적.xls,0,1359174,3723.8,안평
2025,부산김해경전철,사상,부산김해경전철,3246884,3514122,2025년_부산김해경전철_역별 승강차실적.xls,0,6761006,18523.3,사상
2025,부산김해경전철,괘법 르네시떼,부산김해경전철,536248,532577,2025년_부산김해경전철_역별 승강차실적.xls,0,1068825,2928.3,괘법르네시떼
2025,부산김해경전철,서부산 유통지구,부산김해경전철,496733,514804,2025년_부산김해경전철_역별 승강차실적.xls,0,1011537,2771.3,서부산유통지구
2025,부산김해경전철,공항,부산김해경전철,2233709,1902050,2025년_부산김해경전철_역별 승강차실적.xls,0,4135759,11330.8,공항
2025,부산김해경전철,덕두,부산김해경전철,433481,409543,2025년_부산김해경전철_역별 승강차실적.xls,0,843024,2309.7,덕두
2025,부산김해경전철,등구,부산김해경전철,82948,80222,2025년_부산김해경전철_역별 승강차실적.xls,0,163170,447.0,등구
2025,부산김해경전철,대저,부산김해경전철,2276442,2379416,2025년_부산김해경전철_역별 승강차실적.xls,0,4655858,12755.8,대저
2025,부산김해경전철,평강,부산김해경전철,124157,131562,2025년_부산김해경전철_역별 승강차실적.xls,0,255719,700.6,평강
2025,부산김해경전철,대사,부산김해경전철,174458,163302,2025년_부산김해경전철_역별 승강차실적.xls,0,337760,925.4,대사
2025,부산김해경전철,불암,부산김해경전철,190701,203665,2025년_부산김해경전철_역별 승강차실적.xls,0,394366,1080.5,불암
2025,부산김해경전철,지내,부산김해경전철,375511,378209,2025년_부산김해경전철_역별 승강차실적.xls,0,753720,2065.0,지내
2025,부산김해경전철,김해대학,부산김해경전철,368906,314758,2025년_부산김해경전철_역별 승강차실적.xls,0,683664,1873.1,김해대학
2025,부산김해경전철,인제대,부산김해경전철,716839,673967,2025년_부산김해경전철_역별 승강차실적.xls,0,1390806,3810.4,인제대
2025,부산김해경전철,김해시청,부산김해경전철,399932,362825,2025년_부산김해경전철_역별 승강차실적.xls,0,762757,2089.7,김해시청
2025,부산김해경전철,부원,부산김해경전철,946826,1023570,2025년_부산김해경전철_역별 승강차실적.xls,0,1970396,5398.3,부원
2025,부산김해경전철,봉황,부산김해경전철,727554,783845,2025년_부산김해경전철_역별 승강차실적.xls,0,1511399,4140.8,봉황
2025,부산김해경전철,수로왕릉,부산김해경전철,877384,846748,2025년_부산김해경전철_역별 승강차실적.xls,0,1724132,4723.6,수로왕릉
2025,부산김해경전철,박물관,부산김해경전철,582058,574110,2025년_부산김해경전철_역별 승강차실적.xls,0,1156168,3167.6,박물관
2025,부산김해경전철,연지공원,부산김해경전철,481638,445463,2025년_부산김해경전철_역별 승강차실적.xls,0,927101,2540.0,연지공원
2025,부산김해경전철,장신대,부산김해경전철,737327,752354,2025년_부산김해경전철_역별 승강차실적.xls,0,1489681,4081.3,장신대
2025,부산김해경전철,가야대,부산김해경전철,874811,775497,2025년_부산김해경전철_역별 승강차실적.xls,0,1650308,4521.4,가야대
2025,새서울철도,신사역,신분당선,2831554,2692052,2025년_새서울철도_역별 승강차실적.xls,0,5523606,15133.2,신사
2025,새서울철도,논현역,신분당선,1680843,1696059,2025년_새서울철도_역별 승강차실적.xls,0,3376902,9251.8,논현
2025,새서울철도,신논현역,신분당선,3728796,3815927,2025년_새서울철도_역별 승강차실적.xls,0,7544723,20670.5,신논현
2025,서울교통공사,서울역,1호선,26174186,24674165,2025년_서울교통공사_역별 승강차실적.xls,0,50848351,139310.6,서울
2025,서울교통공사,시청,1호선,9390914,9509303,2025년_서울교통공사_역별 승강차실적.xls,0,18900217,51781.4,시청
2025,서울교통공사,종각,1호선,13633883,13252873,2025년_서울교통공사_역별 승강차실적.xls,0,26886756,73662.3,종각
2025,서울교통공사,종로3가,1호선,9366193,8452860,2025년_서울교통공사_역별 승강차실적.xls,0,17819053,48819.3,종로3가
2025,서울교통공사,종로5가,1호선,8430854,8261339,2025년_서울교통공사_역별 승강차실적.xls,0,16692193,45732.0,종로5가
2025,서울교통공사,동대문,1호선,4515668,4412078,2025년_서울교통공사_역별 승강차실적.xls,0,8927746,24459.6,동대문
2025,서울교통공사,신설동,1호선,5042949,4865289,2025년_서울교통공사_역별 승강차실적.xls,0,9908238,27145.9,신설동
2025,서울교통공사,제기동,1호선,5933464,6090642,2025년_서울교통공사_역별 승강차실적.xls,0,12024106,32942.8,제기동
2025,서울교통공사,청량리(지하),1호선,8297614,8288890,2025년_서울교통공사_역별 승강차실적.xls,0,16586504,45442.5,청량리
2025,서울교통공사,동묘앞,1호선,3812096,3911794,2025년_서울교통공사_역별 승강차실적.xls,0,7723890,21161.3,동묘앞
2025,서울교통공사,시청,2호선,9129547,8509864,2025년_서울교통공사_역별 승강차실적.xls,0,17639411,48327.2,시청
2025,서울교통공사,을지로입구,2호선,17487066,17913463,2025년_서울교통공사_역별 승강차실적.xls,0,35400529,96987.8,을지로입구
2025,서울교통공사,을지로3가,2호선,8766976,8795391,2025년_서울교통공사_역별 승강차실적.xls,0,17562367,48116.1,을지로3가
2025,서울교통공사,을지로4가,2호선,5083985,5040484,2025년_서울교통공사_역별 승강차실적.xls,0,10124469,27738.3,을지로4가
2025,서울교통공사,동대문역사문화공원,2호선,5687534,6571485,2025년_서울교통공사_역별 승강차실적.xls,0,12259019,33586.4,동대문역사문화공원
2025,서울교통공사,신당,2호선,5321243,5555540,2025년_서울교통공사_역별 승강차실적.xls,0,10876783,29799.4,신당
2025,서울교통공사,상왕십리,2호선,5047636,4962431,2025년_서울교통공사_역별 승강차실적.xls,0,10010067,27424.8,상왕십리
2025,서울교통공사,왕십리,2호선,5695735,5258035,2025년_서울교통공사_역별 승강차실적.xls,0,10953770,30010.3,왕십리
2025,서울교통공사,한양대,2호선,4003807,4363617,2025년_서울교통공사_역별 승강차실적.xls,0,8367424,22924.4,한양대
2025,서울교통공사,뚝섬,2호선,8797652,9187527,2025년_서울교통공사_역별 승강차실적.xls,0,17985179,49274.5,뚝섬
2025,서울교통공사,성수,2호선,17939463,19403367,2025년_서울교통공사_역별 승강차실적.xls,0,37342830,102309.1,성수
2025,서울교통공사,건대입구,2호선,13467233,13994819,2025년_서울교통공사_역별 승강차실적.xls,0,27462052,75238.5,건대입구
2025,서울교통공사,구의,2호선,9266751,9077292,2025년_서울교통공사_역별 승강차실적.xls,0,18344043,50257.7,구의
2025,서울교통공사,강변,2호선,9992693,9253211,2025년_서울교통공사_역별 승강차실적.xls,0,19245904,52728.5,강변
2025,서울교통공사,잠실나루,2호선,5071560,4923216,2025년_서울교통공사_역별 승강차실적.xls,0,9994776,27382.9,잠실나루
2025,서울교통공사,잠실,2호선,28864727,28487245,2025년_서울교통공사_역별 승강차실적.xls,0,57351972,157128.7,잠실
2025,서울교통공사,잠실새내,2호선,8458848,8333646,2025년_서울교통공사_역별 승강차실적.xls,0,16792494,46006.8,잠실새내
2025,서울교통공사,종합운동장,2호선,4942560,5511895,2025년_서울교통공사_역별 승강차실적.xls,0,10454455,28642.3,종합운동장
2025,서울교통공사,삼성,2호선,18891705,18998572,2025년_서울교통공사_역별 승강차실적.xls,0,37890277,103809.0,삼성
2025,서울교통공사,선릉,2호선,19007549,16733206,2025년_서울교통공사_역별 승강차실적.xls,0,35740755,97919.9,선릉
2025,서울교통공사,역삼,2호선,16360093,18463579,2025년_서울교통공사_역별 승강차실적.xls,0,34823672,95407.3,역삼
2025,서울교통공사,강남,2호선,27941792,27512828,2025년_서울교통공사_역별 승강차실적.xls,0,55454620,151930.5,강남
2025,서울교통공사,교대,2호선,10294377,12392958,2025년_서울교통공사_역별 승강차실적.xls,0,22687335,62157.1,교대
2025,서울교통공사,서초,2호선,7598143,7398610,2025년_서울교통공사_역별 승강차실적.xls,0,14996753,41087.0,서초
2025,서울교통공사,방배,2호선,5865704,6015403,2025년_서울교통공사_역별 승강차실적.xls,0,11881107,32551.0,방배
2025,서울교통공사,사당,2호선,15270155,16431777,2025년_서울교통공사_역별 승강차실적.xls,0,31701932,86854.6,사당
2025,서울교통공사,낙성대,2호선,9810482,9495524,2025년_서울교통공사_역별 승강차실적.xls,0,19306006,52893.2,낙성대
2025,서울교통공사,서울대입구,2호선,16435061,15836859,2025년_서울교통공사_역별 승강차실적.xls,0,32271920,88416.2,서울대입구
2025,서울교통공사,봉천,2호선,8631086,8099664,2025년_서울교통공사_역별 승강차실적.xls,0,16730750,45837.7,봉천
2025,서울교통공사,신림,2호선,19592145,19146690,2025년_서울교통공사_역별 승강차실적.xls,0,38738835,106133.8,신림
2025,서울교통공사,신대방,2호선,8927698,8535726,2025년_서울교통공사_역별 승강차실적.xls,0,17463424,47845.0,신대방
2025,서울교통공사,구로디지털단지,2호선,19562255,19374233,2025년_서울교통공사_역별 승강차실적.xls,0,38936488,106675.3,구로디지털단지
2025,서울교통공사,대림,2호선,8625587,8811410,2025년_서울교통공사_역별 승강차실적.xls,0,17436997,47772.6,대림
2025,서울교통공사,신도림,2호선,17795271,17173846,2025년_서울교통공사_역별 승강차실적.xls,0,34969117,95805.8,신도림
2025,서울교통공사,문래,2호선,7962282,8239448,2025년_서울교통공사_역별 승강차실적.xls,0,16201730,44388.3,문래
2025,서울교통공사,영등포구청,2호선,7790561,8068248,2025년_서울교통공사_역별 승강차실적.xls,0,15858809,43448.8,영등포구청
2025,서울교통공사,당산,2호선,6505650,7353465,2025년_서울교통공사_역별 승강차실적.xls,0,13859115,37970.2,당산
2025,서울교통공사,합정,2호선,11518619,12655716,2025년_서울교통공사_역별 승강차실적.xls,0,24174335,66231.1,합정
2025,서울교통공사,홍대입구,2호선,26834592,29006673,2025년_서울교통공사_역별 승강차실적.xls,0,55841265,152989.8,홍대입구
2025,서울교통공사,신촌,2호선,13685138,13853836,2025년_서울교통공사_역별 승강차실적.xls,0,27538974,75449.2,신촌
2025,서울교통공사,이대,2호선,5994529,6510085,2025년_서울교통공사_역별 승강차실적.xls,0,12504614,34259.2,이대
2025,서울교통공사,아현,2호선,3869642,3641686,2025년_서울교통공사_역별 승강차실적.xls,0,7511328,20579.0,아현
2025,서울교통공사,충정로,2호선,3473962,3695453,2025년_서울교통공사_역별 승강차실적.xls,0,7169415,19642.2,충정로
2025,서울교통공사,용답,2호선,1116908,1101807,2025년_서울교통공사_역별 승강차실적.xls,0,2218715,6078.7,용답
2025,서울교통공사,신답,2호선,580802,648151,2025년_서울교통공사_역별 승강차실적.xls,0,1228953,3367.0,신답
2025,서울교통공사,신설동,2호선,1418542,1391436,2025년_서울교통공사_역별 승강차실적.xls,0,2809978,7698.6,신설동
2025,서울교통공사,도림천,2호선,475153,501496,2025년_서울교통공사_역별 승강차실적.xls,0,976649,2675.8,도림천
2025,서울교통공사,양천구청,2호선,2396935,2500948,2025년_서울교통공사_역별 승강차실적.xls,0,4897883,13418.9,양천구청
2025,서울교통공사,신정네거리,2호선,3591712,3677573,2025년_서울교통공사_역별 승강차실적.xls,0,7269285,19915.8,신정네거리
2025,서울교통공사,용두,2호선,919809,924519,2025년_서울교통공사_역별 승강차실적.xls,0,1844328,5053.0,용두
2025,서울교통공사,지축,3호선,2680722,2692924,2025년_서울교통공사_역별 승강차실적.xls,0,5373646,14722.3,지축
2025,서울교통공사,구파발,3호선,7774677,7570780,2025년_서울교통공사_역별 승강차실적.xls,0,15345457,42042.3,구파발
2025,서울교통공사,연신내,3호선,13040267,12397127,2025년_서울교통공사_역별 승강차실적.xls,0,25437394,69691.5,연신내
2025,서울교통공사,불광,3호선,5937299,6351743,2025년_서울교통공사_역별 승강차실적.xls,0,12289042,33668.6,불광
2025,서울교통공사,녹번,3호선,5302236,4847724,2025년_서울교통공사_역별 승강차실적.xls,0,10149960,27808.1,녹번
2025,서울교통공사,홍제,3호선,6410257,6094513,2025년_서울교통공사_역별 승강차실적.xls,0,12504770,34259.6,홍제
2025,서울교통공사,무악재,3호선,1494106,1490922,2025년_서울교통공사_역별 승강차실적.xls,0,2985028,8178.2,무악재
2025,서울교통공사,독립문,3호선,2872582,2976865,2025년_서울교통공사_역별 승강차실적.xls,0,5849447,16025.9,독립문
2025,서울교통공사,경복궁,3호선,9673642,9934017,2025년_서울교통공사_역별 승강차실적.xls,0,19607659,53719.6,경복궁
2025,서울교통공사,안국,3호선,9844173,10239899,2025년_서울교통공사_역별 승강차실적.xls,0,20084072,55024.9,안국
2025,서울교통공사,종로3가,3호선,4025497,4581941,2025년_서울교통공사_역별 승강차실적.xls,0,8607438,23582.0,종로3가
2025,서울교통공사,을지로3가,3호선,4316223,4214379,2025년_서울교통공사_역별 승강차실적.xls,0,8530602,23371.5,을지로3가
2025,서울교통공사,충무로,3호선,0,3,2025년_서울교통공사_역별 승강차실적.xls,0,3,0.0,충무로
2025,서울교통공사,동대입구,3호선,3980549,4443060,2025년_서울교통공사_역별 승강차실적.xls,0,8423609,23078.4,동대입구
2025,서울교통공사,약수,3호선,4485143,4391577,2025년_서울교통공사_역별 승강차실적.xls,0,8876720,24319.8,약수
2025,서울교통공사,금호,3호선,2850858,2684315,2025년_서울교통공사_역별 승강차실적.xls,0,5535173,15164.9,금호
2025,서울교통공사,옥수,3호선,3235279,3319397,2025년_서울교통공사_역별 승강차실적.xls,0,6554676,17958.0,옥수
2025,서울교통공사,압구정,3호선,10733044,11463590,2025년_서울교통공사_역별 승강차실적.xls,0,22196634,60812.7,압구정
2025,서울교통공사,신사,3호선,9426984,9895632,2025년_서울교통공사_역별 승강차실적.xls,0,19322616,52938.7,신사
2025,서울교통공사,잠원,3호선,2118293,2025845,2025년_서울교통공사_역별 승강차실적.xls,0,4144138,11353.8,잠원
2025,서울교통공사,고속터미널,3호선,18534920,17792160,2025년_서울교통공사_역별 승강차실적.xls,0,36327080,99526.2,고속터미널
2025,서울교통공사,교대,3호선,5718868,3248916,2025년_서울교통공사_역별 승강차실적.xls,0,8967784,24569.3,교대
2025,서울교통공사,남부터미널,3호선,10815813,10914688,2025년_서울교통공사_역별 승강차실적.xls,0,21730501,59535.6,남부터미널
2025,서울교통공사,양재,3호선,12621304,13409586,2025년_서울교통공사_역별 승강차실적.xls,0,26030890,71317.5,양재
2025,서울교통공사,매봉,3호선,4314327,4167467,2025년_서울교통공사_역별 승강차실적.xls,0,8481794,23237.8,매봉
2025,서울교통공사,도곡,3호선,2117392,2092846,2025년_서울교통공사_역별 승강차실적.xls,0,4210238,11534.9,도곡
2025,서울교통공사,대치,3호선,4463556,4330152,2025년_서울교통공사_역별 승강차실적.xls,0,8793708,24092.4,대치
2025,서울교통공사,학여울,3호선,893498,908829,2025년_서울교통공사_역별 승강차실적.xls,0,1802327,4937.9,학여울
2025,서울교통공사,대청,3호선,3754656,3522923,2025년_서울교통공사_역별 승강차실적.xls,0,7277579,19938.6,대청
2025,서울교통공사,일원,3호선,3790555,3693256,2025년_서울교통공사_역별 승강차실적.xls,0,7483811,20503.6,일원
2025,서울교통공사,수서,3호선,6756764,6693767,2025년_서울교통공사_역별 승강차실적.xls,0,13450531,36850.8,수서
2025,서울교통공사,가락시장,3호선,3170327,3101477,2025년_서울교통공사_역별 승강차실적.xls,0,6271804,17183.0,가락시장
2025,서울교통공사,경찰병원,3호선,2551763,2548011,2025년_서울교통공사_역별 승강차실적.xls,0,5099774,13972.0,경찰병원
2025,서울교통공사,오금,3호선,2252458,2014913,2025년_서울교통공사_역별 승강차실적.xls,0,4267371,11691.4,오금
2025,서울교통공사,당고개,4호선,3493716,3071211,2025년_서울교통공사_역별 승강차실적.xls,0,6564927,17986.1,당고개
2025,서울교통공사,상계,4호선,6927328,6481677,2025년_서울교통공사_역별 승강차실적.xls,0,13409005,36737.0,상계
2025,서울교통공사,노원,4호선,7427819,8285889,2025년_서울교통공사_역별 승강차실적.xls,0,15713708,43051.3,노원
2025,서울교통공사,창동,4호선,9605053,10097766,2025년_서울교통공사_역별 승강차실적.xls,0,19702819,53980.3,창동
2025,서울교통공사,쌍문,4호선,10270708,9538975,2025년_서울교통공사_역별 승강차실적.xls,0,19809683,54273.1,쌍문
2025,서울교통공사,수유,4호선,12097713,12124679,2025년_서울교통공사_역별 승강차실적.xls,0,24222392,66362.7,수유
2025,서울교통공사,미아,4호선,5634349,5423011,2025년_서울교통공사_역별 승강차실적.xls,0,11057360,30294.1,미아
2025,서울교통공사,미아사거리,4호선,9247532,9110036,2025년_서울교통공사_역별 승강차실적.xls,0,18357568,50294.7,미아사거리
2025,서울교통공사,길음,4호선,7580363,7504148,2025년_서울교통공사_역별 승강차실적.xls,0,15084511,41327.4,길음
2025,서울교통공사,성신여대입구,4호선,8052021,7783907,2025년_서울교통공사_역별 승강차실적.xls,0,15835928,43386.1,성신여대입구
2025,서울교통공사,한성대입구,4호선,5202605,5052136,2025년_서울교통공사_역별 승강차실적.xls,0,10254741,28095.2,한성대입구
2025,서울교통공사,혜화,4호선,13347062,13397524,2025년_서울교통공사_역별 승강차실적.xls,0,26744586,73272.8,혜화
2025,서울교통공사,동대문,4호선,6674299,6856768,2025년_서울교통공사_역별 승강차실적.xls,0,13531067,37071.4,동대문
2025,서울교통공사,동대문역사문화공원,4호선,7206508,6274360,2025년_서울교통공사_역별 승강차실적.xls,0,13480868,36933.9,동대문역사문화공원
2025,서울교통공사,충무로,4호선,10790951,11126824,2025년_서울교통공사_역별 승강차실적.xls,0,21917775,60048.7,충무로
2025,서울교통공사,명동,4호선,13258194,14174647,2025년_서울교통공사_역별 승강차실적.xls,0,27432841,75158.5,명동
2025,서울교통공사,회현,4호선,9840290,10272437,2025년_서울교통공사_역별 승강차실적.xls,0,20112727,55103.4,회현
2025,서울교통공사,서울역,4호선,4374758,8306892,2025년_서울교통공사_역별 승강차실적.xls,0,12681650,34744.2,서울
2025,서울교통공사,숙대입구,4호선,5453460,5330572,2025년_서울교통공사_역별 승강차실적.xls,0,10784032,29545.3,숙대입구
2025,서울교통공사,삼각지,4호선,2420628,2867720,2025년_서울교통공사_역별 승강차실적.xls,0,5288348,14488.6,삼각지
2025,서울교통공사,신용산,4호선,7494909,8143270,2025년_서울교통공사_역별 승강차실적.xls,0,15638179,42844.3,신용산
2025,서울교통공사,이촌,4호선,3845557,4144719,2025년_서울교통공사_역별 승강차실적.xls,0,7990276,21891.2,이촌
2025,서울교통공사,동작,4호선,808016,885026,2025년_서울교통공사_역별 승강차실적.xls,0,1693042,4638.5,동작
2025,서울교통공사,총신대입구,4호선,6918141,7478799,2025년_서울교통공사_역별 승강차실적.xls,0,14396940,39443.7,총신대입구
2025,서울교통공사,사당,4호선,9192497,8471064,2025년_서울교통공사_역별 승강차실적.xls,0,17663561,48393.3,사당
2025,서울교통공사,남태령,4호선,526386,434709,2025년_서울교통공사_역별 승강차실적.xls,0,961095,2633.1,남태령
2025,서울교통공사,방화,5호선,2491363,2399619,2025년_서울교통공사_역별 승강차실적.xls,0,4890982,13400.0,방화
2025,서울교통공사,개화산,5호선,2150593,2054422,2025년_서울교통공사_역별 승강차실적.xls,0,4205015,11520.6,개화산
2025,서울교통공사,김포공항,5호선,4634019,2921146,2025년_서울교통공사_역별 승강차실적.xls,0,7555165,20699.1,김포공항
2025,서울교통공사,송정,5호선,2266340,2150206,2025년_서울교통공사_역별 승강차실적.xls,0,4416546,12100.1,송정
2025,서울교통공사,마곡,5호선,4749687,4809534,2025년_서울교통공사_역별 승강차실적.xls,0,9559221,26189.6,마곡
2025,서울교통공사,발산,5호선,8075538,8297909,2025년_서울교통공사_역별 승강차실적.xls,0,16373447,44858.8,발산
2025,서울교통공사,우장산,5호선,5220322,5208815,2025년_서울교통공사_역별 승강차실적.xls,0,10429137,28573.0,우장산
2025,서울교통공사,화곡,5호선,9954311,9271881,2025년_서울교통공사_역별 승강차실적.xls,0,19226192,52674.5,화곡
2025,서울교통공사,까치산(5),5호선,9702775,9323900,2025년_서울교통공사_역별 승강차실적.xls,0,19026675,52127.9,까치산
2025,서울교통공사,신정,5호선,4677315,3908027,2025년_서울교통공사_역별 승강차실적.xls,0,8585342,23521.5,신정
2025,서울교통공사,목동,5호선,5783634,6201790,2025년_서울교통공사_역별 승강차실적.xls,0,11985424,32836.8,목동
2025,서울교통공사,오목교,5호선,7424060,7826995,2025년_서울교통공사_역별 승강차실적.xls,0,15251055,41783.7,오목교
2025,서울교통공사,양평,5호선,2788000,2707009,2025년_서울교통공사_역별 승강차실적.xls,0,5495009,15054.8,양평
2025,서울교통공사,영등포구청(5),5호선,1764916,1730577,2025년_서울교통공사_역별 승강차실적.xls,0,3495493,9576.7,영등포구청
2025,서울교통공사,영등포시장,5호선,4264703,4285285,2025년_서울교통공사_역별 승강차실적.xls,0,8549988,23424.6,영등포시장
2025,서울교통공사,신길(5),5호선,1758010,1823771,2025년_서울교통공사_역별 승강차실적.xls,0,3581781,9813.1,신길
2025,서울교통공사,여의도,5호선,9675873,10251945,2025년_서울교통공사_역별 승강차실적.xls,0,19927818,54596.8,여의도
2025,서울교통공사,여의나루,5호선,4715498,5440074,2025년_서울교통공사_역별 승강차실적.xls,0,10155572,27823.5,여의나루
2025,서울교통공사,마포,5호선,5026035,5113426,2025년_서울교통공사_역별 승강차실적.xls,0,10139461,27779.3,마포
2025,서울교통공사,공덕(5),5호선,4960863,5155515,2025년_서울교통공사_역별 승강차실적.xls,0,10116378,27716.1,공덕
2025,서울교통공사,애오개,5호선,2297120,2234012,2025년_서울교통공사_역별 승강차실적.xls,0,4531132,12414.1,애오개
2025,서울교통공사,충정로(5),5호선,1653858,1687390,2025년_서울교통공사_역별 승강차실적.xls,0,3341248,9154.1,충정로
2025,서울교통공사,서대문,5호선,6611887,6630432,2025년_서울교통공사_역별 승강차실적.xls,0,13242319,36280.3,서대문
2025,서울교통공사,광화문,5호선,11863455,12575313,2025년_서울교통공사_역별 승강차실적.xls,0,24438768,66955.5,광화문
2025,서울교통공사,종로3가(5),5호선,5701327,5778681,2025년_서울교통공사_역별 승강차실적.xls,0,11480008,31452.1,종로3가
2025,서울교통공사,을지로4가(5),5호선,2272591,2268244,2025년_서울교통공사_역별 승강차실적.xls,0,4540835,12440.6,을지로4가
2025,서울교통공사,동대문역사문화공원역(5),5호선,1094651,1235974,2025년_서울교통공사_역별 승강차실적.xls,0,2330625,6385.3,동대문역사문화공원
2025,서울교통공사,청구(5),5호선,1241373,1191092,2025년_서울교통공사_역별 승강차실적.xls,0,2432465,6664.3,청구
2025,서울교통공사,신금호,5호선,2197970,2337190,2025년_서울교통공사_역별 승강차실적.xls,0,4535160,12425.1,신금호
2025,서울교통공사,행당,5호선,2802830,2505224,2025년_서울교통공사_역별 승강차실적.xls,0,5308054,14542.6,행당
2025,서울교통공사,왕십리(5),5호선,1634453,1863850,2025년_서울교통공사_역별 승강차실적.xls,0,3498303,9584.4,왕십리
2025,서울교통공사,마장,5호선,2091946,1969617,2025년_서울교통공사_역별 승강차실적.xls,0,4061563,11127.6,마장
2025,서울교통공사,답십리,5호선,5768283,5234810,2025년_서울교통공사_역별 승강차실적.xls,0,11003093,30145.5,답십리
2025,서울교통공사,장한평,5호선,6909448,6812938,2025년_서울교통공사_역별 승강차실적.xls,0,13722386,37595.6,장한평
2025,서울교통공사,군자(5),5호선,4250963,4683413,2025년_서울교통공사_역별 승강차실적.xls,0,8934376,24477.7,군자
2025,서울교통공사,아차산,5호선,5359678,5235037,2025년_서울교통공사_역별 승강차실적.xls,0,10594715,29026.6,아차산
2025,서울교통공사,광나루,5호선,4080384,3910935,2025년_서울교통공사_역별 승강차실적.xls,0,7991319,21894.0,광나루
2025,서울교통공사,천호(5),5호선,7246500,7051761,2025년_서울교통공사_역별 승강차실적.xls,0,14298261,39173.3,천호
2025,서울교통공사,강동,5호선,6614733,6409524,2025년_서울교통공사_역별 승강차실적.xls,0,13024257,35682.9,강동
2025,서울교통공사,길동,5호선,3162890,3218221,2025년_서울교통공사_역별 승강차실적.xls,0,6381111,17482.5,길동
2025,서울교통공사,굽은다리,5호선,3546479,3382410,2025년_서울교통공사_역별 승강차실적.xls,0,6928889,18983.3,굽은다리
2025,서울교통공사,명일,5호선,2940935,2914466,2025년_서울교통공사_역별 승강차실적.xls,0,5855401,16042.2,명일
2025,서울교통공사,고덕,5호선,3646854,3560483,2025년_서울교통공사_역별 승강차실적.xls,0,7207337,19746.1,고덕
2025,서울교통공사,상일동,5호선,5106426,4859736,2025년_서울교통공사_역별 승강차실적.xls,0,9966162,27304.6,상일동
2025,서울교통공사,둔촌동,5호선,4459121,4402424,2025년_서울교통공사_역별 승강차실적.xls,0,8861545,24278.2,둔촌동
2025,서울교통공사,올림픽공원,5호선,1996378,1779659,2025년_서울교통공사_역별 승강차실적.xls,0,3776037,10345.3,올림픽공원
2025,서울교통공사,방이,5호선,2658360,2708343,2025년_서울교통공사_역별 승강차실적.xls,0,5366703,14703.3,방이
2025,서울교통공사,오금,5호선,1280808,1293984,2025년_서울교통공사_역별 승강차실적.xls,0,2574792,7054.2,오금
2025,서울교통공사,개롱,5호선,2324667,2395409,2025년_서울교통공사_역별 승강차실적.xls,0,4720076,12931.7,개롱
2025,서울교통공사,거여,5호선,3523082,3423152,2025년_서울교통공사_역별 승강차실적.xls,0,6946234,19030.8,거여
2025,서울교통공사,마천,5호선,2528589,2295552,2025년_서울교통공사_역별 승강차실적.xls,0,4824141,13216.8,마천
2025,서울교통공사,강일,5호선,2152496,1988625,2025년_서울교통공사_역별 승강차실적.xls,0,4141121,11345.5,강일
2025,서울교통공사,미사,5호선,6407101,6467471,2025년_서울교통공사_역별 승강차실적.xls,0,12874572,35272.8,미사
2025,서울교통공사,하남풍산,5호선,1643178,1630223,2025년_서울교통공사_역별 승강차실적.xls,0,3273401,8968.2,하남풍산
2025,서울교통공사,하남시청(덕풍·신장),5호선,3079487,2912007,2025년_서울교통공사_역별 승강차실적.xls,0,5991494,16415.1,하남시청
2025,서울교통공사,하남검단산,5호선,2424903,2305054,2025년_서울교통공사_역별 승강차실적.xls,0,4729957,12958.8,하남검단산
2025,서울교통공사,응암,6호선,6300152,6237870,2025년_서울교통공사_역별 승강차실적.xls,0,12538022,34350.7,응암
2025,서울교통공사,역촌,6호선,1364548,1599109,2025년_서울교통공사_역별 승강차실적.xls,0,2963657,8119.6,역촌
2025,서울교통공사,불광(6),6호선,1743048,1602664,2025년_서울교통공사_역별 승강차실적.xls,0,3345712,9166.3,불광
2025,서울교통공사,독바위,6호선,966560,1022464,2025년_서울교통공사_역별 승강차실적.xls,0,1989024,5449.4,독바위
2025,서울교통공사,연신내(6),6호선,0,0,2025년_서울교통공사_역별 승강차실적.xls,1,0,0.0,연신내
2025,서울교통공사,구산,6호선,2901329,2240510,2025년_서울교통공사_역별 승강차실적.xls,0,5141839,14087.2,구산
2025,서울교통공사,새절,6호선,4430282,4166307,2025년_서울교통공사_역별 승강차실적.xls,0,8596589,23552.3,새절
2025,서울교통공사,증산,6호선,3321542,3294706,2025년_서울교통공사_역별 승강차실적.xls,0,6616248,18126.7,증산
2025,서울교통공사,디지털미디어시티,6호선,5052312,5425857,2025년_서울교통공사_역별 승강차실적.xls,0,10478169,28707.3,디지털미디어시티
2025,서울교통공사,월드컵경기장,6호선,2164926,2318782,2025년_서울교통공사_역별 승강차실적.xls,0,4483708,12284.1,월드컵경기장
2025,서울교통공사,마포구청,6호선,5195460,4687120,2025년_서울교통공사_역별 승강차실적.xls,0,9882580,27075.6,마포구청
2025,서울교통공사,망원,6호선,5859767,6251617,2025년_서울교통공사_역별 승강차실적.xls,0,12111384,33181.9,망원
2025,서울교통공사,합정(6),6호선,4952552,4885289,2025년_서울교통공사_역별 승강차실적.xls,0,9837841,26953.0,합정
2025,서울교통공사,상수,6호선,3788805,4242054,2025년_서울교통공사_역별 승강차실적.xls,0,8030859,22002.4,상수
2025,서울교통공사,광흥창,6호선,3365696,3215470,2025년_서울교통공사_역별 승강차실적.xls,0,6581166,18030.6,광흥창
2025,서울교통공사,대흥,6호선,3364026,3520571,2025년_서울교통공사_역별 승강차실적.xls,0,6884597,18861.9,대흥
2025,서울교통공사,공덕(6),6호선,6557208,6372630,2025년_서울교통공사_역별 승강차실적.xls,0,12929838,35424.2,공덕
2025,서울교통공사,효창공원앞,6호선,2688562,2459352,2025년_서울교통공사_역별 승강차실적.xls,0,5147914,14103.9,효창공원앞
2025,서울교통공사,삼각지(6),6호선,2875642,2547934,2025년_서울교통공사_역별 승강차실적.xls,0,5423576,14859.1,삼각지
2025,서울교통공사,녹사평,6호선,1945523,2010731,2025년_서울교통공사_역별 승강차실적.xls,0,3956254,10839.1,녹사평
2025,서울교통공사,이태원,6호선,4397223,4903314,2025년_서울교통공사_역별 승강차실적.xls,0,9300537,25480.9,이태원
2025,서울교통공사,한강진,6호선,3836773,4504220,2025년_서울교통공사_역별 승강차실적.xls,0,8340993,22852.0,한강진
2025,서울교통공사,버티고개,6호선,808383,806208,2025년_서울교통공사_역별 승강차실적.xls,0,1614591,4423.5,버티고개
2025,서울교통공사,약수(6),6호선,1354752,1310264,2025년_서울교통공사_역별 승강차실적.xls,0,2665016,7301.4,약수
2025,서울교통공사,청구(6),6호선,1332167,1298748,2025년_서울교통공사_역별 승강차실적.xls,0,2630915,7208.0,청구
2025,서울교통공사,신당(6),6호선,2989761,3041176,2025년_서울교통공사_역별 승강차실적.xls,0,6030937,16523.1,신당
2025,서울교통공사,동묘앞,6호선,3305885,3318582,2025년_서울교통공사_역별 승강차실적.xls,0,6624467,18149.2,동묘앞
2025,서울교통공사,창신,6호선,1266611,1062066,2025년_서울교통공사_역별 승강차실적.xls,0,2328677,6379.9,창신
2025,서울교통공사,보문,6호선,2903366,2713456,2025년_서울교통공사_역별 승강차실적.xls,0,5616822,15388.6,보문
2025,서울교통공사,안암,6호선,4630574,4616210,2025년_서울교통공사_역별 승강차실적.xls,0,9246784,25333.7,안암
2025,서울교통공사,고려대,6호선,3162127,3016935,2025년_서울교통공사_역별 승강차실적.xls,0,6179062,16928.9,고려대
2025,서울교통공사,월곡,6호선,4194771,4064512,2025년_서울교통공사_역별 승강차실적.xls,0,8259283,22628.2,월곡
2025,서울교통공사,상월곡,6호선,2337578,2140468,2025년_서울교통공사_역별 승강차실적.xls,0,4478046,12268.6,상월곡
2025,서울교통공사,돌곶이,6호선,3933986,3647137,2025년_서울교통공사_역별 승강차실적.xls,0,7581123,20770.2,돌곶이
2025,서울교통공사,석계(6),6호선,4399629,4467943,2025년_서울교통공사_역별 승강차실적.xls,0,8867572,24294.7,석계
2025,서울교통공사,태릉입구(6),6호선,2142373,2342819,2025년_서울교통공사_역별 승강차실적.xls,0,4485192,12288.2,태릉입구
2025,서울교통공사,화랑대,6호선,4053808,3336103,2025년_서울교통공사_역별 승강차실적.xls,0,7389911,20246.3,화랑대
2025,서울교통공사,봉화산,6호선,3037266,2856813,2025년_서울교통공사_역별 승강차실적.xls,0,5894079,16148.2,봉화산
2025,서울교통공사,신내,6호선,0,0,2025년_서울교통공사_역별 승강차실적.xls,1,0,0.0,신내
2025,서울교통공사,장암,7호선,989158,468644,2025년_서울교통공사_역별 승강차실적.xls,0,1457802,3994.0,장암
2025,서울교통공사,도봉산(7),7호선,3161335,3730276,2025년_서울교통공사_역별 승강차실적.xls,0,6891611,18881.1,도봉산
2025,서울교통공사,수락산,7호선,4481418,4427377,2025년_서울교통공사_역별 승강차실적.xls,0,8908795,24407.7,수락산
2025,서울교통공사,마들,7호선,4709224,4451447,2025년_서울교통공사_역별 승강차실적.xls,0,9160671,25097.7,마들
2025,서울교통공사,노원(7),7호선,7175167,7544869,2025년_서울교통공사_역별 승강차실적.xls,0,14720036,40328.9,노원
2025,서울교통공사,중계,7호선,5143807,4755034,2025년_서울교통공사_역별 승강차실적.xls,0,9898841,27120.1,중계
2025,서울교통공사,하계,7호선,6364789,5970161,2025년_서울교통공사_역별 승강차실적.xls,0,12334950,33794.4,하계
2025,서울교통공사,공릉,7호선,4415496,4333788,2025년_서울교통공사_역별 승강차실적.xls,0,8749284,23970.6,공릉
2025,서울교통공사,태릉입구(7),7호선,3132123,2966528,2025년_서울교통공사_역별 승강차실적.xls,0,6098651,16708.6,태릉입구
2025,서울교통공사,먹골,7호선,3610721,3578596,2025년_서울교통공사_역별 승강차실적.xls,0,7189317,19696.8,먹골
2025,서울교통공사,중화,7호선,3785802,3721435,2025년_서울교통공사_역별 승강차실적.xls,0,7507237,20567.8,중화
2025,서울교통공사,상봉,7호선,6217851,6036746,2025년_서울교통공사_역별 승강차실적.xls,0,12254597,33574.2,상봉
2025,서울교통공사,면목,7호선,5231991,5029572,2025년_서울교통공사_역별 승강차실적.xls,0,10261563,28113.9,면목
2025,서울교통공사,사가정,7호선,5626607,5678414,2025년_서울교통공사_역별 승강차실적.xls,0,11305021,30972.7,사가정
2025,서울교통공사,용마산,7호선,2025160,2004717,2025년_서울교통공사_역별 승강차실적.xls,0,4029877,11040.8,용마산
2025,서울교통공사,중곡,7호선,3820002,3602887,2025년_서울교통공사_역별 승강차실적.xls,0,7422889,20336.7,중곡
2025,서울교통공사,군자(7),7호선,5364120,4249677,2025년_서울교통공사_역별 승강차실적.xls,0,9613797,26339.2,군자
2025,서울교통공사,어린이대공원,7호선,5826055,5906715,2025년_서울교통공사_역별 승강차실적.xls,0,11732770,32144.6,어린이대공원
2025,서울교통공사,건대입구(7),7호선,5035431,5221738,2025년_서울교통공사_역별 승강차실적.xls,0,10257169,28101.8,건대입구
2025,서울교통공사,뚝섬유원지,7호선,3585664,3514612,2025년_서울교통공사_역별 승강차실적.xls,0,7100276,19452.8,뚝섬유원지
2025,서울교통공사,청담,7호선,6188570,6698499,2025년_서울교통공사_역별 승강차실적.xls,0,12887069,35307.0,청담
2025,서울교통공사,강남구청,7호선,5448364,6059920,2025년_서울교통공사_역별 승강차실적.xls,0,11508284,31529.5,강남구청
2025,서울교통공사,학동,7호선,7532544,7807200,2025년_서울교통공사_역별 승강차실적.xls,0,15339744,42026.7,학동
2025,서울교통공사,논현,7호선,6341574,6623754,2025년_서울교통공사_역별 승강차실적.xls,0,12965328,35521.4,논현
2025,서울교통공사,반포,7호선,2362158,2254817,2025년_서울교통공사_역별 승강차실적.xls,0,4616975,12649.2,반포
2025,서울교통공사,고속터미널(7),7호선,6557539,5280360,2025년_서울교통공사_역별 승강차실적.xls,0,11837899,32432.6,고속터미널
2025,서울교통공사,내방,7호선,5000045,5024657,2025년_서울교통공사_역별 승강차실적.xls,0,10024702,27464.9,내방
2025,서울교통공사,이수,7호선,5971957,5803120,2025년_서울교통공사_역별 승강차실적.xls,0,11775077,32260.5,이수
2025,서울교통공사,남성,7호선,3947123,3784518,2025년_서울교통공사_역별 승강차실적.xls,0,7731641,21182.6,남성
2025,서울교통공사,숭실대입구,7호선,4850601,4861683,2025년_서울교통공사_역별 승강차실적.xls,0,9712284,26609.0,숭실대입구
2025,서울교통공사,상도,7호선,4291687,4190336,2025년_서울교통공사_역별 승강차실적.xls,0,8482023,23238.4,상도
2025,서울교통공사,장승배기,7호선,3303787,3217606,2025년_서울교통공사_역별 승강차실적.xls,0,6521393,17866.8,장승배기
2025,서울교통공사,신대방삼거리,7호선,5257466,5049162,2025년_서울교통공사_역별 승강차실적.xls,0,10306628,28237.3,신대방삼거리
2025,서울교통공사,보라매,7호선,2376099,2481732,2025년_서울교통공사_역별 승강차실적.xls,0,4857831,13309.1,보라매
2025,서울교통공사,신풍,7호선,4197544,3964577,2025년_서울교통공사_역별 승강차실적.xls,0,8162121,22362.0,신풍
2025,서울교통공사,대림(7),7호선,3335778,3349137,2025년_서울교통공사_역별 승강차실적.xls,0,6684915,18314.8,대림
2025,서울교통공사,남구로,7호선,5068100,5314033,2025년_서울교통공사_역별 승강차실적.xls,0,10382133,28444.2,남구로
2025,서울교통공사,가산디지털단지(7),7호선,13884171,13841605,2025년_서울교통공사_역별 승강차실적.xls,0,27725776,75961.0,가산디지털단지
2025,서울교통공사,철산,7호선,7556800,7696450,2025년_서울교통공사_역별 승강차실적.xls,0,15253250,41789.7,철산
2025,서울교통공사,광명사거리,7호선,7577352,7512424,2025년_서울교통공사_역별 승강차실적.xls,0,15089776,41341.9,광명사거리
2025,서울교통공사,천왕,7호선,4055234,3911476,2025년_서울교통공사_역별 승강차실적.xls,0,7966710,21826.6,천왕
2025,서울교통공사,온수(7),7호선,3453817,3193117,2025년_서울교통공사_역별 승강차실적.xls,0,6646934,18210.8,온수
2025,서울교통공사,까치울,7호선,0,0,2025년_서울교통공사_역별 승강차실적.xls,1,0,0.0,까치울
2025,서울교통공사,상동,7호선,1,1,2025년_서울교통공사_역별 승강차실적.xls,1,2,0.0,상동
2025,서울교통공사,암사역사공원,8호선,2286946,2009515,2025년_서울교통공사_역별 승강차실적.xls,0,4296461,11771.1,암사역사공원
2025,서울교통공사,암사,8호선,5717881,5301545,2025년_서울교통공사_역별 승강차실적.xls,0,11019426,30190.2,암사
2025,서울교통공사,천호(8),8호선,6216614,7019729,2025년_서울교통공사_역별 승강차실적.xls,0,13236343,36264.0,천호
2025,서울교통공사,강동구청,8호선,3683460,3765110,2025년_서울교통공사_역별 승강차실적.xls,0,7448570,20407.0,강동구청
2025,서울교통공사,몽촌토성,8호선,2643477,2701752,2025년_서울교통공사_역별 승강차실적.xls,0,5345229,14644.5,몽촌토성
2025,서울교통공사,잠실(8),8호선,7059632,8106932,2025년_서울교통공사_역별 승강차실적.xls,0,15166564,41552.2,잠실
2025,서울교통공사,석촌,8호선,3128405,3612605,2025년_서울교통공사_역별 승강차실적.xls,0,6741010,18468.5,석촌
2025,서울교통공사,송파,8호선,3417301,3365370,2025년_서울교통공사_역별 승강차실적.xls,0,6782671,18582.7,송파
2025,서울교통공사,가락시장,8호선,2990640,3288762,2025년_서울교통공사_역별 승강차실적.xls,0,6279402,17203.8,가락시장
2025,서울교통공사,문정,8호선,7435462,7753838,2025년_서울교통공사_역별 승강차실적.xls,0,15189300,41614.5,문정
2025,서울교통공사,장지,8호선,6035634,5572633,2025년_서울교통공사_역별 승강차실적.xls,0,11608267,31803.5,장지
2025,서울교통공사,복정(8),8호선,3398703,2911805,2025년_서울교통공사_역별 승강차실적.xls,0,6310508,17289.1,복정
2025,서울교통공사,산성,8호선,2178407,2225390,2025년_서울교통공사_역별 승강차실적.xls,0,4403797,12065.2,산성
2025,서울교통공사,남한산성입구,8호선,4620676,4188761,2025년_서울교통공사_역별 승강차실적.xls,0,8809437,24135.4,남한산성입구
2025,서울교통공사,단대오거리,8호선,4227851,4034240,2025년_서울교통공사_역별 승강차실적.xls,0,8262091,22635.9,단대오거리
2025,서울교통공사,신흥,8호선,1886979,1923340,2025년_서울교통공사_역별 승강차실적.xls,0,3810319,10439.2,신흥
2025,서울교통공사,수진,8호선,1991079,1843695,2025년_서울교통공사_역별 승강차실적.xls,0,3834774,10506.2,수진
2025,서울교통공사,모란(8),8호선,1897582,1518921,2025년_서울교통공사_역별 승강차실적.xls,0,3416503,9360.3,모란
2025,서울교통공사,남위례,8호선,2627818,2615420,2025년_서울교통공사_역별 승강차실적.xls,0,5243238,14365.0,남위례
2025,서울교통공사,언주,9호선,3913396,3947999,2025년_서울교통공사_역별 승강차실적.xls,0,7861395,21538.1,언주
2025,서울교통공사,선정릉,9호선,3414788,3691839,2025년_서울교통공사_역별 승강차실적.xls,0,7106627,19470.2,선정릉
2025,서울교통공사,삼성중앙,9호선,2674173,2768984,2025년_서울교통공사_역별 승강차실적.xls,0,5443157,14912.8,삼성중앙
2025,서울교통공사,봉은사,9호선,7900388,8335458,2025년_서울교통공사_역별 승강차실적.xls,0,16235846,44481.8,봉은사
2025,서울교통공사,종합운동장,9호선,1931955,1893195,2025년_서울교통공사_역별 승강차실적.xls,0,3825150,10479.9,종합운동장
2025,서울교통공사,삼전,9호선,2924575,2766926,2025년_서울교통공사_역별 승강차실적.xls,0,5691501,15593.2,삼전
2025,서울교통공사,석촌고분,9호선,2586550,2523746,2025년_서울교통공사_역별 승강차실적.xls,0,5110296,14000.8,석촌고분
2025,서울교통공사,석촌,9호선,3442491,3103631,2025년_서울교통공사_역별 승강차실적.xls,0,6546122,17934.6,석촌
2025,서울교통공사,송파나루,9호선,2116181,2255831,2025년_서울교통공사_역별 승강차실적.xls,0,4372012,11978.1,송파나루
2025,서울교통공사,한성백제,9호선,1170939,1033196,2025년_서울교통공사_역별 승강차실적.xls,0,2204135,6038.7,한성백제
2025,서울교통공사,올림픽공원,9호선,3327910,3423596,2025년_서울교통공사_역별 승강차실적.xls,0,6751506,18497.3,올림픽공원
2025,서울교통공사,둔촌오륜,9호선,1490996,1457048,2025년_서울교통공사_역별 승강차실적.xls,0,2948044,8076.8,둔촌오륜
2025,서울교통공사,중앙보훈병원,9호선,4354848,3812347,2025년_서울교통공사_역별 승강차실적.xls,0,8167195,22375.9,중앙보훈병원
2025,서울메트로9,개화,9호선,891224,620498,2025년_서울메트로9_역별 승강차실적.xls,0,1511722,4141.7,개화
2025,서울메트로9,김포공항,9호선,2250243,3926181,2025년_서울메트로9_역별 승강차실적.xls,0,6176424,16921.7,김포공항
2025,서울메트로9,공항시장,9호선,1029664,1104058,2025년_서울메트로9_역별 승강차실적.xls,0,2133722,5845.8,공항시장
2025,서울메트로9,신방화,9호선,2429548,2392340,2025년_서울메트로9_역별 승강차실적.xls,0,4821888,13210.7,신방화
2025,서울메트로9,마곡나루,9호선,5162174,5044041,2025년_서울메트로9_역별 승강차실적.xls,0,10206215,27962.2,마곡나루
2025,서울메트로9,양천향교,9호선,3624536,3704086,2025년_서울메트로9_역별 승강차실적.xls,0,7328622,20078.4,양천향교
2025,서울메트로9,가양,9호선,7737649,7590162,2025년_서울메트로9_역별 승강차실적.xls,0,15327811,41994.0,가양
2025,서울메트로9,증미,9호선,2691124,2600903,2025년_서울메트로9_역별 승강차실적.xls,0,5292027,14498.7,증미
2025,서울메트로9,등촌,9호선,4370812,4225620,2025년_서울메트로9_역별 승강차실적.xls,0,8596432,23551.9,등촌
2025,서울메트로9,염창,9호선,6223770,5945959,2025년_서울메트로9_역별 승강차실적.xls,0,12169729,33341.7,염창
2025,서울메트로9,신목동,9호선,1575678,1406201,2025년_서울메트로9_역별 승강차실적.xls,0,2981879,8169.5,신목동
2025,서울메트로9,선유도,9호선,3041645,2821058,2025년_서울메트로9_역별 승강차실적.xls,0,5862703,16062.2,선유도
2025,서울메트로9,당산,9호선,6652240,6459659,2025년_서울메트로9_역별 승강차실적.xls,0,13111899,35923.0,당산
2025,서울메트로9,국회의사당,9호선,5888322,5990249,2025년_서울메트로9_역별 승강차실적.xls,0,11878571,32544.0,국회의사당
2025,서울메트로9,여의도,9호선,10406734,9937134,2025년_서울메트로9_역별 승강차실적.xls,0,20343868,55736.6,여의도
2025,서울메트로9,샛강,9호선,2226863,2197882,2025년_서울메트로9_역별 승강차실적.xls,0,4424745,12122.6,샛강
2025,서울메트로9,노량진,9호선,9476673,9408522,2025년_서울메트로9_역별 승강차실적.xls,0,18885195,51740.3,노량진
2025,서울메트로9,노들,9호선,1841083,1568994,2025년_서울메트로9_역별 승강차실적.xls,0,3410077,9342.7,노들
2025,서울메트로9,흑석,9호선,3328474,3409453,2025년_서울메트로9_역별 승강차실적.xls,0,6737927,18460.1,흑석
2025,서울메트로9,동작,9호선,730773,639249,2025년_서울메트로9_역별 승강차실적.xls,0,1370022,3753.5,동작
2025,서울메트로9,구반포,9호선,646172,591617,2025년_서울메트로9_역별 승강차실적.xls,0,1237789,3391.2,구반포
2025,서울메트로9,신반포,9호선,1655199,1599979,2025년_서울메트로9_역별 승강차실적.xls,0,3255178,8918.3,신반포
2025,서울메트로9,고속터미널,9호선,5745543,7826905,2025년_서울메트로9_역별 승강차실적.xls,0,13572448,37184.8,고속터미널
2025,서울메트로9,사평,9호선,1461408,1414125,2025년_서울메트로9_역별 승강차실적.xls,0,2875533,7878.2,사평
2025,서울메트로9,신논현,9호선,11117154,11269656,2025년_서울메트로9_역별 승강차실적.xls,0,22386810,61333.7,신논현
2025,용인경량전철,기흥역,용인경전철,920464,772577,2025년_용인경량전철_역별 승강차실적.xls,0,1693041,4638.5,기흥
2025,용인경량전철,강남대역,용인경전철,697734,670951,2025년_용인경량전철_역별 승강차실적.xls,0,1368685,3749.8,강남대
2025,용인경량전철,지석역,용인경전철,449215,406147,2025년_용인경량전철_역별 승강차실적.xls,0,855362,2343.5,지석
2025,용인경량전철,어정역,용인경전철,552391,582326,2025년_용인경량전철_역별 승강차실적.xls,0,1134717,3108.8,어정
2025,용인경량전철,동백역,용인경전철,1166682,1166946,2025년_용인경량전철_역별 승강차실적.xls,0,2333628,6393.5,동백
2025,용인경량전철,초당역,용인경전철,424186,403716,2025년_용인경량전철_역별 승강차실적.xls,0,827902,2268.2,초당
2025,용인경량전철,삼가역,용인경전철,437684,451544,2025년_용인경량전철_역별 승강차실적.xls,0,889228,2436.2,삼가
2025,용인경량전철,시청/용인대역,용인경전철,686748,739821,2025년_용인경량전철_역별 승강차실적.xls,0,1426569,3908.4,시청/용인대
2025,용인경량전철,명지대역,용인경전철,772293,822448,2025년_용인경량전철_역별 승강차실적.xls,0,1594741,4369.2,명지대
2025,용인경량전철,김량장역,용인경전철,697568,719111,2025년_용인경량전철_역별 승강차실적.xls,0,1416679,3881.3,김량장
2025,용인경량전철,용인중앙시장역,용인경전철,1113981,1157876,2025년_용인경량전철_역별 승강차실적.xls,0,2271857,6224.3,용인중앙시장
2025,용인경량전철,고진역,용인경전철,467327,429046,2025년_용인경량전철_역별 승강차실적.xls,0,896373,2455.8,고진
2025,용인경량전철,보평역,용인경전철,485338,454378,2025년_용인경량전철_역별 승강차실적.xls,0,939716,2574.6,보평
2025,용인경량전철,둔전역,용인경전철,746632,727018,2025년_용인경량전철_역별 승강차실적.xls,0,1473650,4037.4,둔전
2025,용인경량전철,전대/에버랜드역,용인경전철,630466,598300,2025년_용인경량전철_역별 승강차실적.xls,0,1228766,3366.5,전대/에버랜드
2025,우이신설도시철도,북한산우이,우이신설,1163907,1102938,2025년_우이신설도시철도_역별 승강차실적.xls,0,2266845,6210.5,북한산우이
2025,우이신설도시철도,솔밭공원,우이신설,942583,894676,2025년_우이신설도시철도_역별 승강차실적.xls,0,1837259,5033.6,솔밭공원
2025,우이신설도시철도,4.19민주묘지,우이신설,1297821,1232470,2025년_우이신설도시철도_역별 승강차실적.xls,0,2530291,6932.3,4.19민주묘지
2025,우이신설도시철도,가오리,우이신설,1528752,1518023,2025년_우이신설도시철도_역별 승강차실적.xls,0,3046775,8347.3,가오리
2025,우이신설도시철도,화계,우이신설,1317439,1243604,2025년_우이신설도시철도_역별 승강차실적.xls,0,2561043,7016.6,화계
2025,우이신설도시철도,삼양,우이신설,859922,899938,2025년_우이신설도시철도_역별 승강차실적.xls,0,1759860,4821.5,삼양
2025,우이신설도시철도,삼양사거리,우이신설,933403,920181,2025년_우이신설도시철도_역별 승강차실적.xls,0,1853584,5078.3,삼양사거리
2025,우이신설도시철도,솔샘,우이신설,2065926,1946261,2025년_우이신설도시철도_역별 승강차실적.xls,0,4012187,10992.3,솔샘
2025,우이신설도시철도,북한산보국문,우이신설,2249095,2104948,2025년_우이신설도시철도_역별 승강차실적.xls,0,4354043,11928.9,북한산보국문
2025,우이신설도시철도,정릉,우이신설,1724447,1537321,2025년_우이신설도시철도_역별 승강차실적.xls,0,3261768,8936.4,정릉
2025,우이신설도시철도,성신여대입구(돈암),우이신설,1342183,1453034,2025년_우이신설도시철도_역별 승강차실적.xls,0,2795217,7658.1,성신여대입구
2025,우이신설도시철도,보문,우이신설,643223,637742,2025년_우이신설도시철도_역별 승강차실적.xls,0,1280965,3509.5,보문
2025,우이신설도시철도,신설동,우이신설,877915,821312,2025년_우이신설도시철도_역별 승강차실적.xls,0,1699227,4655.4,신설동
2025,의정부경전철,발곡,의정부경전철,1138274,1156509,2025년_의정부경전철_역별 승강차실적.xls,0,2294783,6287.1,발곡
2025,의정부경전철,회룡,의정부경전철,3719368,3681836,2025년_의정부경전철_역별 승강차실적.xls,0,7401204,20277.3,회룡
2025,의정부경전철,범골,의정부경전철,1025252,953141,2025년_의정부경전철_역별 승강차실적.xls,0,1978393,5420.3,범골
2025,의정부경전철,경전철의정부,의정부경전철,949959,1105787,2025년_의정부경전철_역별 승강차실적.xls,0,2055746,5632.2,경전철의정부
2025,의정부경전철,의정부시청,의정부경전철,608711,651519,2025년_의정부경전철_역별 승강차실적.xls,0,1260230,3452.7,의정부시청
2025,의정부경전철,흥선,의정부경전철,884974,863259,2025년_의정부경전철_역별 승강차실적.xls,0,1748233,4789.7,흥선
2025,의정부경전철,의정부중앙,의정부경전철,1310399,1366763,2025년_의정부경전철_역별 승강차실적.xls,0,2677162,7334.7,의정부중앙
2025,의정부경전철,동오,의정부경전철,922763,899773,2025년_의정부경전철_역별 승강차실적.xls,0,1822536,4993.2,동오
2025,의정부경전철,새말,의정부경전철,641394,579207,2025년_의정부경전철_역별 승강차실적.xls,0,1220601,3344.1,새말
2025,의정부경전철,경기도청 북부청사,의정부경전철,1068993,1109271,2025년_의정부경전철_역별 승강차실적.xls,0,2178264,5967.8,경기도청북부청사
2025,의정부경전철,효자,의정부경전철,354144,369240,2025년_의정부경전철_역별 승강차실적.xls,0,723384,1981.9,효자
2025,의정부경전철,곤제,의정부경전철,491674,465817,2025년_의정부경전철_역별 승강차실적.xls,0,957491,2623.3,곤제
2025,의정부경전철,어룡,의정부경전철,901652,885464,2025년_의정부경전철_역별 승강차실적.xls,0,1787116,4896.2,어룡
2025,의정부경전철,송산,의정부경전철,812921,803486,2025년_의정부경전철_역별 승강차실적.xls,0,1616407,4428.5,송산
2025,의정부경전철,탑석,의정부경전철,617675,517820,2025년_의정부경전철_역별 승강차실적.xls,0,1135495,3110.9,탑석
2025,인천교통공사,검단호수공원,1호선,113321,113116,2025년_인천교통공사_역별 승강차실적.xls,0,226437,620.4,검단호수공원
2025,인천교통공사,신검단중앙,1호선,712804,686714,2025년_인천교통공사_역별 승강차실적.xls,0,1399518,3834.3,신검단중앙
2025,인천교통공사,아라,1호선,1520516,1476309,2025년_인천교통공사_역별 승강차실적.xls,0,2996825,8210.5,아라
2025,인천교통공사,계양,1호선,1075046,1167639,2025년_인천교통공사_역별 승강차실적.xls,0,2242685,6144.3,계양
2025,인천교통공사,귤현,1호선,367266,450062,2025년_인천교통공사_역별 승강차실적.xls,0,817328,2239.3,귤현
2025,인천교통공사,박촌,1호선,1267468,1156665,2025년_인천교통공사_역별 승강차실적.xls,0,2424133,6641.5,박촌
2025,인천교통공사,임학,1호선,2566161,2508763,2025년_인천교통공사_역별 승강차실적.xls,0,5074924,13903.9,임학
2025,인천교통공사,계산,1호선,3232262,3171424,2025년_인천교통공사_역별 승강차실적.xls,0,6403686,17544.3,계산
2025,인천교통공사,경인교대입구,1호선,1769404,1777893,2025년_인천교통공사_역별 승강차실적.xls,0,3547297,9718.6,경인교대입구
2025,인천교통공사,작전,1호선,4651130,4508460,2025년_인천교통공사_역별 승강차실적.xls,0,9159590,25094.8,작전
2025,인천교통공사,갈산,1호선,2742966,2630063,2025년_인천교통공사_역별 승강차실적.xls,0,5373029,14720.6,갈산
2025,인천교통공사,부평구청,1호선,2108782,2174656,2025년_인천교통공사_역별 승강차실적.xls,0,4283438,11735.4,부평구청
2025,인천교통공사,부평시장,1호선,4201646,4254791,2025년_인천교통공사_역별 승강차실적.xls,0,8456437,23168.3,부평시장
2025,인천교통공사,부평,1호선,2382909,2394137,2025년_인천교통공사_역별 승강차실적.xls,0,4777046,13087.8,부평
2025,인천교통공사,동수,1호선,1525234,1481519,2025년_인천교통공사_역별 승강차실적.xls,0,3006753,8237.7,동수
2025,인천교통공사,부평삼거리부평삼거리,1호선,854727,846631,2025년_인천교통공사_역별 승강차실적.xls,0,1701358,4661.3,부평삼거리부평삼거리
2025,인천교통공사,간석오거리,1호선,3530912,3268394,2025년_인천교통공사_역별 승강차실적.xls,0,6799306,18628.2,간석오거리
2025,인천교통공사,인천시청,1호선,1729930,1692745,2025년_인천교통공사_역별 승강차실적.xls,0,3422675,9377.2,인천시청
2025,인천교통공사,예술회관,1호선,3693930,3866230,2025년_인천교통공사_역별 승강차실적.xls,0,7560160,20712.8,예술회관
2025,인천교통공사,인천터미널,1호선,4399264,4544354,2025년_인천교통공사_역별 승강차실적.xls,0,8943618,24503.1,인천터미널
2025,인천교통공사,문학경기장,1호선,1051843,1113347,2025년_인천교통공사_역별 승강차실적.xls,0,2165190,5932.0,문학경기장
2025,인천교통공사,선학,1호선,1915830,1917229,2025년_인천교통공사_역별 승강차실적.xls,0,3833059,10501.5,선학
2025,인천교통공사,신연수,1호선,1688936,1612582,2025년_인천교통공사_역별 승강차실적.xls,0,3301518,9045.3,신연수
2025,인천교통공사,원인재,1호선,942252,834449,2025년_인천교통공사_역별 승강차실적.xls,0,1776701,4867.7,원인재
2025,인천교통공사,동춘,1호선,3137693,3242547,2025년_인천교통공사_역별 승강차실적.xls,0,6380240,17480.1,동춘
2025,인천교통공사,동막,1호선,1613622,1397654,2025년_인천교통공사_역별 승강차실적.xls,0,3011276,8250.1,동막
2025,인천교통공사,캠퍼스타운,1호선,1869447,1834415,2025년_인천교통공사_역별 승강차실적.xls,0,3703862,10147.6,캠퍼스타운
2025,인천교통공사,테크노파크,1호선,3690062,3710898,2025년_인천교통공사_역별 승강차실적.xls,0,7400960,20276.6,테크노파크
2025,인천교통공사,지식정보단지,1호선,1459610,1534615,2025년_인천교통공사_역별 승강차실적.xls,0,2994225,8203.4,지식정보단지
2025,인천교통공사,인천대입구,1호선,2616808,2644741,2025년_인천교통공사_역별 승강차실적.xls,0,5261549,14415.2,인천대입구
2025,인천교통공사,센트럴파크,1호선,1269044,1280912,2025년_인천교통공사_역별 승강차실적.xls,0,2549956,6986.2,센트럴파크
2025,인천교통공사,국제업무지구,1호선,868550,827289,2025년_인천교통공사_역별 승강차실적.xls,0,1695839,4646.1,국제업무지구
2025,인천교통공사,송도달빛축제공원,1호선,1667449,1668897,2025년_인천교통공사_역별 승강차실적.xls,0,3336346,9140.7,송도달빛축제공원
2025,인천교통공사,검단오류,2호선,824176,825022,2025년_인천교통공사_역별 승강차실적.xls,0,1649198,4518.4,검단오류
2025,인천교통공사,왕길,2호선,813596,805222,2025년_인천교통공사_역별 승강차실적.xls,0,1618818,4435.1,왕길
2025,인천교통공사,검단사거리,2호선,2879280,2635043,2025년_인천교통공사_역별 승강차실적.xls,0,5514323,15107.7,검단사거리
2025,인천교통공사,마전,2호선,1319843,1399828,2025년_인천교통공사_역별 승강차실적.xls,0,2719671,7451.2,마전
2025,인천교통공사,완정,2호선,2463796,2322772,2025년_인천교통공사_역별 승강차실적.xls,0,4786568,13113.9,완정
2025,인천교통공사,독정,2호선,1534499,1529179,2025년_인천교통공사_역별 승강차실적.xls,0,3063678,8393.6,독정
2025,인천교통공사,검암,2호선,1563058,1338219,2025년_인천교통공사_역별 승강차실적.xls,0,2901277,7948.7,검암
2025,인천교통공사,검바위,2호선,1015489,1084500,2025년_인천교통공사_역별 승강차실적.xls,0,2099989,5753.4,검바위
2025,인천교통공사,아시아드경기장,2호선,1580336,1433674,2025년_인천교통공사_역별 승강차실적.xls,0,3014010,8257.6,아시아드경기장
2025,인천교통공사,서구청,2호선,2749723,2800386,2025년_인천교통공사_역별 승강차실적.xls,0,5550109,15205.8,서구청
2025,인천교통공사,가정,2호선,3825697,3672896,2025년_인천교통공사_역별 승강차실적.xls,0,7498593,20544.1,가정
2025,인천교통공사,가정중앙시장,2호선,2079342,2164338,2025년_인천교통공사_역별 승강차실적.xls,0,4243680,11626.5,가정중앙시장
2025,인천교통공사,석남,2호선,922502,985077,2025년_인천교통공사_역별 승강차실적.xls,0,1907579,5226.2,석남
2025,인천교통공사,서부여성회관,2호선,1373898,1319107,2025년_인천교통공사_역별 승강차실적.xls,0,2693005,7378.1,서부여성회관
2025,인천교통공사,인천가좌,2호선,1361421,1332247,2025년_인천교통공사_역별 승강차실적.xls,0,2693668,7379.9,인천가좌
2025,인천교통공사,가재울,2호선,1308621,1249785,2025년_인천교통공사_역별 승강차실적.xls,0,2558406,7009.3,가재울
2025,인천교통공사,주안국가산단,2호선,776581,804295,2025년_인천교통공사_역별 승강차실적.xls,0,1580876,4331.2,주안국가산단
2025,인천교통공사,주안,2호선,2222021,3020182,2025년_인천교통공사_역별 승강차실적.xls,0,5242203,14362.2,주안
2025,인천교통공사,시민공원,2호선,3581228,3406596,2025년_인천교통공사_역별 승강차실적.xls,0,6987824,19144.7,시민공원
2025,인천교통공사,석바위시장,2호선,1677513,1763415,2025년_인천교통공사_역별 승강차실적.xls,0,3440928,9427.2,석바위시장
2025,인천교통공사,인천시청,2호선,1094442,1173924,2025년_인천교통공사_역별 승강차실적.xls,0,2268366,6214.7,인천시청
2025,인천교통공사,석천사거리,2호선,1669328,1537104,2025년_인천교통공사_역별 승강차실적.xls,0,3206432,8784.7,석천사거리
2025,인천교통공사,모래내시장,2호선,2737727,2871435,2025년_인천교통공사_역별 승강차실적.xls,0,5609162,15367.6,모래내시장
2025,인천교통공사,만수,2호선,1719344,1594768,2025년_인천교통공사_역별 승강차실적.xls,0,3314112,9079.8,만수
2025,인천교통공사,남동구청,2호선,1487094,1376507,2025년_인천교통공사_역별 승강차실적.xls,0,2863601,7845.5,남동구청
2025,인천교통공사,인천대공원,2호선,1018625,1004410,2025년_인천교통공사_역별 승강차실적.xls,0,2023035,5542.6,인천대공원
2025,인천교통공사,운연,2호선,431829,396390,2025년_인천교통공사_역별 승강차실적.xls,0,828219,2269.1,운연
2025,인천교통공사,까치울,7호선,2339460,2260578,2025년_인천교통공사_역별 승강차실적.xls,0,4600038,12602.8,까치울
2025,인천교통공사,부천종합운동장,7호선,1068013,1099960,2025년_인천교통공사_역별 승강차실적.xls,0,2167973,5939.7,부천종합운동장
2025,인천교통공사,춘의,7호선,3430308,3353951,2025년_인천교통공사_역별 승강차실적.xls,0,6784259,18587.0,춘의
2025,인천교통공사,신중동,7호선,5443015,5527841,2025년_인천교통공사_역별 승강차실적.xls,0,10970856,30057.1,신중동
2025,인천교통공사,부천시청,7호선,5101196,5112328,2025년_인천교통공사_역별 승강차실적.xls,0,10213524,27982.3,부천시청
2025,인천교통공사,상동,7호선,5263454,5429207,2025년_인천교통공사_역별 승강차실적.xls,0,10692661,29295.0,상동
2025,인천교통공사,삼산체육관,7호선,2250898,2056141,2025년_인천교통공사_역별 승강차실적.xls,0,4307039,11800.1,삼산체육관
2025,인천교통공사,굴포천,7호선,3343969,3450614,2025년_인천교통공사_역별 승강차실적.xls,0,6794583,18615.3,굴포천
2025,인천교통공사,부평구청,7호선,2462243,2304192,2025년_인천교통공사_역별 승강차실적.xls,0,4766435,13058.7,부평구청
2025,인천교통공사,산곡,7호선,3631669,3385461,2025년_인천교통공사_역별 승강차실적.xls,0,7017130,19225.0,산곡
2025,인천교통공사,석남,7호선,2811384,2477100,2025년_인천교통공사_역별 승강차실적.xls,0,5288484,14489.0,석남
2025,한국철도공사,서울,경부선,680376,266688,2025_10_코레일광역_역별발착통과실적.csv,0,947064,2594.7,서울
2025,한국철도공사,남영,경부선,3132156,3352644,2025_10_코레일광역_역별발착통과실적.csv,0,6484800,17766.6,남영
2025,한국철도공사,용산,경부선,9858492,10897524,2025_10_코레일광역_역별발착통과실적.csv,0,20756016,56865.8,용산
2025,한국철도공사,노량진,경부선,3045552,3096636,2025_10_코레일광역_역별발착통과실적.csv,0,6142188,16827.9,노량진
2025,한국철도공사,대방,경부선,3156660,3628488,2025_10_코레일광역_역별발착통과실적.csv,0,6785148,18589.4,대방
2025,한국철도공사,영등포,경부선,14455776,14752692,2025_10_코레일광역_역별발착통과실적.csv,0,29208468,80023.2,영등포
2025,한국철도공사,신도림,경부선,1184040,1387380,2025_10_코레일광역_역별발착통과실적.csv,0,2571420,7045.0,신도림
2025,한국철도공사,이촌,경부선,12273852,12295236,2025_10_코레일광역_역별발착통과실적.csv,0,24569088,67312.6,이촌
2025,한국철도공사,신길,경부선,2221692,2090472,2025_10_코레일광역_역별발착통과실적.csv,0,4312164,11814.1,신길
2025,한국철도공사,효창공원앞,경부선,2220384,3987324,2025_10_코레일광역_역별발착통과실적.csv,0,6207708,17007.4,효창공원앞
2025,한국철도공사,봉명,경부선,452196,449556,2025_10_코레일광역_역별발착통과실적.csv,0,901752,2470.6,봉명
2025,한국철도공사,쌍용(나사렛대),경부선,967176,925488,2025_10_코레일광역_역별발착통과실적.csv,0,1892664,5185.4,쌍용
2025,한국철도공사,아산,경부선,1535688,1368936,2025_10_코레일광역_역별발착통과실적.csv,0,2904624,7957.9,아산
2025,한국철도공사,탕정,경부선,737820,662736,2025_10_코레일광역_역별발착통과실적.csv,0,1400556,3837.1,탕정
2025,한국철도공사,배방,경부선,463524,461868,2025_10_코레일광역_역별발착통과실적.csv,0,925392,2535.3,배방
2025,한국철도공사,온양온천,경부선,1800288,1850028,2025_10_코레일광역_역별발착통과실적.csv,0,3650316,10000.9,온양온천
2025,한국철도공사,신창(순천향대),경부선,842448,789348,2025_10_코레일광역_역별발착통과실적.csv,0,1631796,4470.7,신창
2025,한국철도공사,범계,경부선,11574948,12048636,2025_10_코레일광역_역별발착통과실적.csv,0,23623584,64722.1,범계
2025,한국철도공사,구로,경부선,3953856,4022544,2025_10_코레일광역_역별발착통과실적.csv,0,7976400,21853.2,구로
2025,한국철도공사,가산디지털단지,경부선,4713936,5528340,2025_10_코레일광역_역별발착통과실적.csv,0,10242276,28061.0,가산디지털단지
2025,한국철도공사,금천구청,경부선,3495672,3586032,2025_10_코레일광역_역별발착통과실적.csv,0,7081704,19401.9,금천구청
2025,한국철도공사,석수,경부선,2761908,2541120,2025_10_코레일광역_역별발착통과실적.csv,0,5303028,14528.8,석수
2025,한국철도공사,관악,경부선,2380224,2316372,2025_10_코레일광역_역별발착통과실적.csv,0,4696596,12867.4,관악
2025,한국철도공사,안양,경부선,8366976,8288580,2025_10_코레일광역_역별발착통과실적.csv,0,16655556,45631.7,안양
2025,한국철도공사,명학,경부선,2801988,2755548,2025_10_코레일광역_역별발착통과실적.csv,0,5557536,15226.1,명학
2025,한국철도공사,금정,경부선,4474704,4594668,2025_10_코레일광역_역별발착통과실적.csv,0,9069372,24847.6,금정
2025,한국철도공사,군포,경부선,2157768,2100420,2025_10_코레일광역_역별발착통과실적.csv,0,4258188,11666.3,군포
2025,한국철도공사,의왕,경부선,3019848,2989680,2025_10_코레일광역_역별발착통과실적.csv,0,6009528,16464.5,의왕
2025,한국철도공사,성균관대,경부선,5277744,5153688,2025_10_코레일광역_역별발착통과실적.csv,0,10431432,28579.3,성균관대
2025,한국철도공사,화서,경부선,4219128,4145484,2025_10_코레일광역_역별발착통과실적.csv,0,8364612,22916.7,화서
2025,한국철도공사,수원,경부선,11330016,11701836,2025_10_코레일광역_역별발착통과실적.csv,0,23031852,63101.0,수원
2025,한국철도공사,독산,경부선,5246268,5254380,2025_10_코레일광역_역별발착통과실적.csv,0,10500648,28768.9,독산
2025,한국철도공사,세류,경부선,1256220,1178832,2025_10_코레일광역_역별발착통과실적.csv,0,2435052,6671.4,세류
2025,한국철도공사,병점,경부선,5450964,5476128,2025_10_코레일광역_역별발착통과실적.csv,0,10927092,29937.2,병점
2025,한국철도공사,세마,경부선,1155456,1087296,2025_10_코레일광역_역별발착통과실적.csv,0,2242752,6144.5,세마
2025,한국철도공사,오산대,경부선,1390464,1309548,2025_10_코레일광역_역별발착통과실적.csv,0,2700012,7397.3,오산대
2025,한국철도공사,오산,경부선,3940548,3922500,2025_10_코레일광역_역별발착통과실적.csv,0,7863048,21542.6,오산
2025,한국철도공사,진위,경부선,568956,521388,2025_10_코레일광역_역별발착통과실적.csv,0,1090344,2987.2,진위
2025,한국철도공사,송탄,경부선,1615212,1565436,2025_10_코레일광역_역별발착통과실적.csv,0,3180648,8714.1,송탄
2025,한국철도공사,서정리,경부선,2908332,2806536,2025_10_코레일광역_역별발착통과실적.csv,0,5714868,15657.2,서정리
2025,한국철도공사,평택지제,경부선,1525416,1448064,2025_10_코레일광역_역별발착통과실적.csv,0,2973480,8146.5,평택지제
2025,한국철도공사,평택,경부선,5024244,4990824,2025_10_코레일광역_역별발착통과실적.csv,0,10015068,27438.5,평택
2025,한국철도공사,성환,경부선,2003124,1914504,2025_10_코레일광역_역별발착통과실적.csv,0,3917628,10733.2,성환
2025,한국철도공사,직산,경부선,366732,361188,2025_10_코레일광역_역별발착통과실적.csv,0,727920,1994.3,직산
2025,한국철도공사,두정,경부선,2852676,3013392,2025_10_코레일광역_역별발착통과실적.csv,0,5866068,16071.4,두정
2025,한국철도공사,천안,경부선,2721600,2605368,2025_10_코레일광역_역별발착통과실적.csv,0,5326968,14594.4,천안
2025,한국철도공사,당정,경부선,2117232,2010864,2025_10_코레일광역_역별발착통과실적.csv,0,4128096,11309.9,당정
2025,한국철도공사,서동탄,경부선,485316,409080,2025_10_코레일광역_역별발착통과실적.csv,0,894396,2450.4,서동탄
2025,한국철도공사,광명,경부선,1227408,999900,2025_10_코레일광역_역별발착통과실적.csv,0,2227308,6102.2,광명
2025,한국철도공사,산본,경부선,5108280,5098392,2025_10_코레일광역_역별발착통과실적.csv,0,10206672,27963.5,산본
2025,한국철도공사,구일,경부선,57869028,55715316,2025_10_코레일광역_역별발착통과실적.csv,0,113584344,311190.0,구일
2025,한국철도공사,수원(분당),경부선,6215268,6201732,2025_10_코레일광역_역별발착통과실적.csv,0,12417000,34019.2,수원
2025,한국철도공사,고색,경부선,0,0,2025_10_코레일광역_역별발착통과실적.csv,1,0,0.0,고색
2025,한국철도공사,노량진(9호선),경부선,15407556,12497736,2025_10_코레일광역_역별발착통과실적.csv,0,27905292,76452.9,노량진
2025,한국철도공사,서울(공항),경부선,161232,122316,2025_10_코레일광역_역별발착통과실적.csv,0,283548,776.8,서울
2025,한국철도공사,대방(신림),경부선,4669728,4306884,2025_10_코레일광역_역별발착통과실적.csv,0,8976612,24593.5,대방
2025,한국철도공사,청량리(서울시립대입구),중앙선,12319260,12330180,2025_10_코레일광역_역별발착통과실적.csv,0,24649440,67532.7,청량리
2025,한국철도공사,홍대입구,중앙선,8421804,8767704,2025_10_코레일광역_역별발착통과실적.csv,0,17189508,47094.5,홍대입구
2025,한국철도공사,남영,중앙선,367176,288204,2025_10_코레일광역_역별발착통과실적.csv,0,655380,1795.6,남영
2025,한국철도공사,용산,중앙선,6802260,6084552,2025_10_코레일광역_역별발착통과실적.csv,0,12886812,35306.3,용산
2025,한국철도공사,노량진,중앙선,15915384,14206032,2025_10_코레일광역_역별발착통과실적.csv,0,30121416,82524.4,노량진
2025,한국철도공사,이촌,중앙선,913872,858432,2025_10_코레일광역_역별발착통과실적.csv,0,1772304,4855.6,이촌
2025,한국철도공사,서빙고,중앙선,827556,789564,2025_10_코레일광역_역별발착통과실적.csv,0,1617120,4430.5,서빙고
2025,한국철도공사,한남,중앙선,1163700,1172724,2025_10_코레일광역_역별발착통과실적.csv,0,2336424,6401.2,한남
2025,한국철도공사,옥수,중앙선,4908,2688,2025_10_코레일광역_역별발착통과실적.csv,0,7596,20.8,옥수
2025,한국철도공사,응봉,중앙선,626844,530940,2025_10_코레일광역_역별발착통과실적.csv,0,1157784,3172.0,응봉
2025,한국철도공사,왕십리,중앙선,1947120,1777548,2025_10_코레일광역_역별발착통과실적.csv,0,3724668,10204.6,왕십리
2025,한국철도공사,청량리,중앙선,6175728,6375576,2025_10_코레일광역_역별발착통과실적.csv,0,12551304,34387.1,청량리
2025,한국철도공사,회기,중앙선,4681644,4391328,2025_10_코레일광역_역별발착통과실적.csv,0,9072972,24857.5,회기
2025,한국철도공사,외대앞,중앙선,17517708,16417308,2025_10_코레일광역_역별발착통과실적.csv,0,33935016,92972.6,외대앞
2025,한국철도공사,중랑,중앙선,1896732,1816152,2025_10_코레일광역_역별발착통과실적.csv,0,3712884,10172.3,중랑
2025,한국철도공사,상봉,중앙선,1608612,1536132,2025_10_코레일광역_역별발착통과실적.csv,0,3144744,8615.7,상봉
2025,한국철도공사,망우,중앙선,2244300,2143668,2025_10_코레일광역_역별발착통과실적.csv,0,4387968,12021.8,망우
2025,한국철도공사,양원,중앙선,1058052,1041336,2025_10_코레일광역_역별발착통과실적.csv,0,2099388,5751.7,양원
2025,한국철도공사,구리,중앙선,2472516,2692908,2025_10_코레일광역_역별발착통과실적.csv,0,5165424,14151.8,구리
2025,한국철도공사,도농,중앙선,3207072,2976840,2025_10_코레일광역_역별발착통과실적.csv,0,6183912,16942.2,도농
2025,한국철도공사,양정,중앙선,186468,162120,2025_10_코레일광역_역별발착통과실적.csv,0,348588,955.0,양정
2025,한국철도공사,덕소,중앙선,1873236,1872060,2025_10_코레일광역_역별발착통과실적.csv,0,3745296,10261.1,덕소
2025,한국철도공사,도심,중앙선,933528,755004,2025_10_코레일광역_역별발착통과실적.csv,0,1688532,4626.1,도심
2025,한국철도공사,팔당,중앙선,339804,356976,2025_10_코레일광역_역별발착통과실적.csv,0,696780,1909.0,팔당
2025,한국철도공사,운길산,중앙선,341076,345432,2025_10_코레일광역_역별발착통과실적.csv,0,686508,1880.8,운길산
2025,한국철도공사,양수,중앙선,717720,704448,2025_10_코레일광역_역별발착통과실적.csv,0,1422168,3896.4,양수
2025,한국철도공사,신원,중앙선,78384,70020,2025_10_코레일광역_역별발착통과실적.csv,0,148404,406.6,신원
2025,한국철도공사,국수,중앙선,257580,255120,2025_10_코레일광역_역별발착통과실적.csv,0,512700,1404.7,국수
2025,한국철도공사,아신,중앙선,209400,213060,2025_10_코레일광역_역별발착통과실적.csv,0,422460,1157.4,아신
2025,한국철도공사,오빈,중앙선,106512,109572,2025_10_코레일광역_역별발착통과실적.csv,0,216084,592.0,오빈
2025,한국철도공사,양평,중앙선,1228572,1262304,2025_10_코레일광역_역별발착통과실적.csv,0,2490876,6824.3,양평
2025,한국철도공사,원덕,중앙선,138708,140412,2025_10_코레일광역_역별발착통과실적.csv,0,279120,764.7,원덕
2025,한국철도공사,용문,중앙선,848124,858876,2025_10_코레일광역_역별발착통과실적.csv,0,1707000,4676.7,용문
2025,한국철도공사,지평,중앙선,21168,26208,2025_10_코레일광역_역별발착통과실적.csv,0,47376,129.8,지평
2025,한국철도공사,신촌,중앙선,1078560,1412256,2025_10_코레일광역_역별발착통과실적.csv,0,2490816,6824.2,신촌
2025,한국철도공사,효창공원앞,중앙선,955032,951696,2025_10_코레일광역_역별발착통과실적.csv,0,1906728,5223.9,효창공원앞
2025,한국철도공사,공덕(경의선),중앙선,1020624,1002732,2025_10_코레일광역_역별발착통과실적.csv,0,2023356,5543.4,공덕
2025,한국철도공사,서강대,중앙선,799824,793968,2025_10_코레일광역_역별발착통과실적.csv,0,1593792,4366.6,서강대
2025,한국철도공사,홍대입구(경의선),중앙선,691116,848544,2025_10_코레일광역_역별발착통과실적.csv,0,1539660,4218.2,홍대입구
2025,한국철도공사,가좌,중앙선,1871124,1833012,2025_10_코레일광역_역별발착통과실적.csv,0,3704136,10148.3,가좌
2025,한국철도공사,디엠시,중앙선,693324,698436,2025_10_코레일광역_역별발착통과실적.csv,0,1391760,3813.0,디엠시
2025,한국철도공사,수색,중앙선,1050408,1074456,2025_10_코레일광역_역별발착통과실적.csv,0,2124864,5821.5,수색
2025,한국철도공사,화전,중앙선,904416,842784,2025_10_코레일광역_역별발착통과실적.csv,0,1747200,4786.8,화전
2025,한국철도공사,강매,중앙선,1072152,917664,2025_10_코레일광역_역별발착통과실적.csv,0,1989816,5451.6,강매
2025,한국철도공사,행신,중앙선,2556276,2582340,2025_10_코레일광역_역별발착통과실적.csv,0,5138616,14078.4,행신
2025,한국철도공사,능곡,중앙선,1119492,1035792,2025_10_코레일광역_역별발착통과실적.csv,0,2155284,5904.9,능곡
2025,한국철도공사,곡산,중앙선,208572,218880,2025_10_코레일광역_역별발착통과실적.csv,0,427452,1171.1,곡산
2025,한국철도공사,백마,중앙선,2478732,2420352,2025_10_코레일광역_역별발착통과실적.csv,0,4899084,13422.1,백마
2025,한국철도공사,풍산,중앙선,2188356,2093952,2025_10_코레일광역_역별발착통과실적.csv,0,4282308,11732.4,풍산
2025,한국철도공사,일산,중앙선,3609480,3544548,2025_10_코레일광역_역별발착통과실적.csv,0,7154028,19600.1,일산
2025,한국철도공사,탄현,중앙선,2537964,2428776,2025_10_코레일광역_역별발착통과실적.csv,0,4966740,13607.5,탄현
2025,한국철도공사,야당,중앙선,2691048,2749020,2025_10_코레일광역_역별발착통과실적.csv,0,5440068,14904.3,야당
2025,한국철도공사,운정,중앙선,2327112,2155392,2025_10_코레일광역_역별발착통과실적.csv,0,4482504,12280.8,운정
2025,한국철도공사,금릉,중앙선,1670244,1636452,2025_10_코레일광역_역별발착통과실적.csv,0,3306696,9059.4,금릉
2025,한국철도공사,금촌,중앙선,2266920,2229696,2025_10_코레일광역_역별발착통과실적.csv,0,4496616,12319.5,금촌
2025,한국철도공사,월롱,중앙선,677952,612720,2025_10_코레일광역_역별발착통과실적.csv,0,1290672,3536.1,월롱
2025,한국철도공사,파주,중앙선,478848,393516,2025_10_코레일광역_역별발착통과실적.csv,0,872364,2390.0,파주
2025,한국철도공사,문산,중앙선,2058432,2016492,2025_10_코레일광역_역별발착통과실적.csv,0,4074924,11164.2,문산
2025,한국철도공사,임진강,중앙선,17700,16056,2025_10_코레일광역_역별발착통과실적.csv,0,33756,92.5,임진강
2025,한국철도공사,운천,중앙선,1548,1344,2025_10_코레일광역_역별발착통과실적.csv,0,2892,7.9,운천
2025,한국철도공사,신내,중앙선,5908428,5511564,2025_10_코레일광역_역별발착통과실적.csv,0,11419992,31287.6,신내
2025,한국철도공사,서울숲,중앙선,12766248,13011468,2025_10_코레일광역_역별발착통과실적.csv,0,25777716,70623.9,서울숲
2025,한국철도공사,화정,중앙선,3461400,3487200,2025_10_코레일광역_역별발착통과실적.csv,0,6948600,19037.3,화정
2025,한국철도공사,대곡,중앙선,1909020,1716252,2025_10_코레일광역_역별발착통과실적.csv,0,3625272,9932.3,대곡
2025,한국철도공사,백석,중앙선,6625476,6374592,2025_10_코레일광역_역별발착통과실적.csv,0,13000068,35616.6,백석
2025,한국철도공사,김포공항(서해),중앙선,5568384,5525520,2025_10_코레일광역_역별발착통과실적.csv,0,11093904,30394.3,김포공항
2025,한국철도공사,효창공원앞(6호선),중앙선,1937196,2062200,2025_10_코레일광역_역별발착통과실적.csv,0,3999396,10957.2,효창공원앞
2025,한국철도공사,공덕(공항),중앙선,1434672,1154700,2025_10_코레일광역_역별발착통과실적.csv,0,2589372,7094.2,공덕
2025,한국철도공사,홍대입구(공항),중앙선,78120,72360,2025_10_코레일광역_역별발착통과실적.csv,0,150480,412.3,홍대입구
2025,한국철도공사,디지털미디어시티(공항),중앙선,1101180,1106148,2025_10_코레일광역_역별발착통과실적.csv,0,2207328,6047.5,디지털미디어시티
2025,한국철도공사,신도림,경인선,51498456,53299596,2025_10_코레일광역_역별발착통과실적.csv,0,104798052,287118.0,신도림
2025,한국철도공사,구로,경인선,1717512,1783392,2025_10_코레일광역_역별발착통과실적.csv,0,3500904,9591.5,구로
2025,한국철도공사,가산디지털단지,경인선,4216860,4569432,2025_10_코레일광역_역별발착통과실적.csv,0,8786292,24072.0,가산디지털단지
2025,한국철도공사,개봉,경인선,7541088,7486080,2025_10_코레일광역_역별발착통과실적.csv,0,15027168,41170.3,개봉
2025,한국철도공사,오류동,경인선,3904596,3637164,2025_10_코레일광역_역별발착통과실적.csv,0,7541760,20662.4,오류동
2025,한국철도공사,역곡,경인선,8787456,8776668,2025_10_코레일광역_역별발착통과실적.csv,0,17564124,48120.9,역곡
2025,한국철도공사,부천,경인선,11032068,11106036,2025_10_코레일광역_역별발착통과실적.csv,0,22138104,60652.3,부천
2025,한국철도공사,송내,경인선,8478648,8376984,2025_10_코레일광역_역별발착통과실적.csv,0,16855632,46179.8,송내
2025,한국철도공사,부평,경인선,8468532,8622732,2025_10_코레일광역_역별발착통과실적.csv,0,17091264,46825.4,부평
2025,한국철도공사,백운,경인선,2375052,2311272,2025_10_코레일광역_역별발착통과실적.csv,0,4686324,12839.2,백운
2025,한국철도공사,동암,경인선,5177436,5239272,2025_10_코레일광역_역별발착통과실적.csv,0,10416708,28538.9,동암
2025,한국철도공사,주안,경인선,5883072,5466072,2025_10_코레일광역_역별발착통과실적.csv,0,11349144,31093.5,주안
2025,한국철도공사,제물포,경인선,3682608,3561192,2025_10_코레일광역_역별발착통과실적.csv,0,7243800,19846.0,제물포
2025,한국철도공사,동인천,경인선,4704144,4440084,2025_10_코레일광역_역별발착통과실적.csv,0,9144228,25052.7,동인천
2025,한국철도공사,인천,경인선,1201836,1150044,2025_10_코레일광역_역별발착통과실적.csv,0,2351880,6443.5,인천
2025,한국철도공사,구일,경인선,2316804,2309532,2025_10_코레일광역_역별발착통과실적.csv,0,4626336,12674.9,구일
2025,한국철도공사,소사,경인선,2380548,2401536,2025_10_코레일광역_역별발착통과실적.csv,0,4782084,13101.6,소사
2025,한국철도공사,부개,경인선,2890848,2714856,2025_10_코레일광역_역별발착통과실적.csv,0,5605704,15358.1,부개
2025,한국철도공사,간석,경인선,1942800,1854720,2025_10_코레일광역_역별발착통과실적.csv,0,3797520,10404.2,간석
2025,한국철도공사,도원,경인선,1166508,1203684,2025_10_코레일광역_역별발착통과실적.csv,0,2370192,6493.7,도원
2025,한국철도공사,온수,경인선,2100192,1962756,2025_10_코레일광역_역별발착통과실적.csv,0,4062948,11131.4,온수
2025,한국철도공사,중동,경인선,3077808,2890824,2025_10_코레일광역_역별발착통과실적.csv,0,5968632,16352.4,중동
2025,한국철도공사,도화,경인선,1435392,1311600,2025_10_코레일광역_역별발착통과실적.csv,0,2746992,7526.0,도화
2025,한국철도공사,인천(수인),경인선,983952,923772,2025_10_코레일광역_역별발착통과실적.csv,0,1907724,5226.6,인천
2025,한국철도공사,부평(인천),경인선,10685688,12529788,2025_10_코레일광역_역별발착통과실적.csv,0,23215476,63604.0,부평
2025,한국철도공사,주안(인천2호선),경인선,3566532,3818100,2025_10_코레일광역_역별발착통과실적.csv,0,7384632,20231.9,주안
2025,한국철도공사,소사(소시),경인선,8871576,7581060,2025_10_코레일광역_역별발착통과실적.csv,0,16452636,45075.7,소사
2025,한국철도공사,제기동,경원선,28576356,29736708,2025_10_코레일광역_역별발착통과실적.csv,0,58313064,159761.8,제기동
2025,한국철도공사,청량리(서울시립대입구),경원선,3561252,3161040,2025_10_코레일광역_역별발착통과실적.csv,0,6722292,18417.2,청량리
2025,한국철도공사,청량리,경원선,18170328,19472844,2025_10_코레일광역_역별발착통과실적.csv,0,37643172,103132.0,청량리
2025,한국철도공사,회기,경원선,4780188,4605300,2025_10_코레일광역_역별발착통과실적.csv,0,9385488,25713.7,회기
2025,한국철도공사,외대앞,경원선,3758724,3682512,2025_10_코레일광역_역별발착통과실적.csv,0,7441236,20386.9,외대앞
2025,한국철도공사,신이문,경원선,2786736,2625240,2025_10_코레일광역_역별발착통과실적.csv,0,5411976,14827.3,신이문
2025,한국철도공사,석계,경원선,2500296,2777700,2025_10_코레일광역_역별발착통과실적.csv,0,5277996,14460.3,석계
2025,한국철도공사,광운대,경원선,2941788,2826180,2025_10_코레일광역_역별발착통과실적.csv,0,5767968,15802.7,광운대
2025,한국철도공사,월계,경원선,2438688,2259744,2025_10_코레일광역_역별발착통과실적.csv,0,4698432,12872.4,월계
2025,한국철도공사,녹천,경원선,1462992,1238988,2025_10_코레일광역_역별발착통과실적.csv,0,2701980,7402.7,녹천
2025,한국철도공사,창동,경원선,1356,1356,2025_10_코레일광역_역별발착통과실적.csv,1,2712,7.4,창동
2025,한국철도공사,중랑,경원선,10577160,10364124,2025_10_코레일광역_역별발착통과실적.csv,0,20941284,57373.4,중랑
2025,한국철도공사,방학,경원선,3438516,3359784,2025_10_코레일광역_역별발착통과실적.csv,0,6798300,18625.5,방학
2025,한국철도공사,도봉,경원선,1985232,1896204,2025_10_코레일광역_역별발착통과실적.csv,0,3881436,10634.1,도봉
2025,한국철도공사,도봉산,경원선,2222532,1742880,2025_10_코레일광역_역별발착통과실적.csv,0,3965412,10864.1,도봉산
2025,한국철도공사,망월사,경원선,3007404,3014148,2025_10_코레일광역_역별발착통과실적.csv,0,6021552,16497.4,망월사
2025,한국철도공사,회룡,경원선,4401420,4337088,2025_10_코레일광역_역별발착통과실적.csv,0,8738508,23941.1,회룡
2025,한국철도공사,의정부,경원선,6858396,7043820,2025_10_코레일광역_역별발착통과실적.csv,0,13902216,38088.3,의정부
2025,한국철도공사,가능,경원선,2211012,2137896,2025_10_코레일광역_역별발착통과실적.csv,0,4348908,11914.8,가능
2025,한국철도공사,녹양,경원선,1534800,1467072,2025_10_코레일광역_역별발착통과실적.csv,0,3001872,8224.3,녹양
2025,한국철도공사,양주,경원선,2695332,2619084,2025_10_코레일광역_역별발착통과실적.csv,0,5314416,14560.0,양주
2025,한국철도공사,덕계,경원선,2151792,2000724,2025_10_코레일광역_역별발착통과실적.csv,0,4152516,11376.8,덕계
2025,한국철도공사,덕정,경원선,2311572,2203320,2025_10_코레일광역_역별발착통과실적.csv,0,4514892,12369.6,덕정
2025,한국철도공사,지행,경원선,2289540,2326164,2025_10_코레일광역_역별발착통과실적.csv,0,4615704,12645.8,지행
2025,한국철도공사,동두천중앙,경원선,1059552,1032360,2025_10_코레일광역_역별발착통과실적.csv,0,2091912,5731.3,동두천중앙
2025,한국철도공사,보산,경원선,560556,523188,2025_10_코레일광역_역별발착통과실적.csv,0,1083744,2969.2,보산
2025,한국철도공사,동두천,경원선,699276,694224,2025_10_코레일광역_역별발착통과실적.csv,0,1393500,3817.8,동두천
2025,한국철도공사,소요산,경원선,810120,829764,2025_10_코레일광역_역별발착통과실적.csv,0,1639884,4492.8,소요산
2025,한국철도공사,청산,경원선,55980,46956,2025_10_코레일광역_역별발착통과실적.csv,0,102936,282.0,청산
2025,한국철도공사,전곡,경원선,523284,487440,2025_10_코레일광역_역별발착통과실적.csv,0,1010724,2769.1,전곡
2025,한국철도공사,연천,경원선,500700,498588,2025_10_코레일광역_역별발착통과실적.csv,0,999288,2737.8,연천
2025,한국철도공사,회룡(의정부경전철),경원선,1926060,1926576,2025_10_코레일광역_역별발착통과실적.csv,0,3852636,10555.2,회룡
2025,한국철도공사,청량리(서울시립대입구),경춘선,12319260,12330180,2025_10_코레일광역_역별발착통과실적.csv,0,24649440,67532.7,청량리
2025,한국철도공사,왕십리,경춘선,30251088,31458312,2025_10_코레일광역_역별발착통과실적.csv,0,61709400,169066.8,왕십리
2025,한국철도공사,청량리,경춘선,2833560,2813400,2025_10_코레일광역_역별발착통과실적.csv,0,5646960,15471.1,청량리
2025,한국철도공사,회기,경춘선,4681644,4391328,2025_10_코레일광역_역별발착통과실적.csv,0,9072972,24857.5,회기
2025,한국철도공사,외대앞,경춘선,17517708,16417308,2025_10_코레일광역_역별발착통과실적.csv,0,33935016,92972.6,외대앞
2025,한국철도공사,중랑,경춘선,1896732,1816152,2025_10_코레일광역_역별발착통과실적.csv,0,3712884,10172.3,중랑
2025,한국철도공사,상봉,경춘선,1608612,1536132,2025_10_코레일광역_역별발착통과실적.csv,0,3144744,8615.7,상봉
2025,한국철도공사,망우,경춘선,2188668,2119812,2025_10_코레일광역_역별발착통과실적.csv,0,4308480,11804.1,망우
2025,한국철도공사,양원,경춘선,10940508,10668600,2025_10_코레일광역_역별발착통과실적.csv,0,21609108,59203.0,양원
2025,한국철도공사,신내,경춘선,748512,686712,2025_10_코레일광역_역별발착통과실적.csv,0,1435224,3932.1,신내
2025,한국철도공사,갈매,경춘선,909696,808896,2025_10_코레일광역_역별발착통과실적.csv,0,1718592,4708.5,갈매
2025,한국철도공사,별내,경춘선,827316,768780,2025_10_코레일광역_역별발착통과실적.csv,0,1596096,4372.9,별내
2025,한국철도공사,퇴계원,경춘선,1123248,1038564,2025_10_코레일광역_역별발착통과실적.csv,0,2161812,5922.8,퇴계원
2025,한국철도공사,사릉,경춘선,718284,700704,2025_10_코레일광역_역별발착통과실적.csv,0,1418988,3887.6,사릉
2025,한국철도공사,금곡,경춘선,569472,551172,2025_10_코레일광역_역별발착통과실적.csv,0,1120644,3070.3,금곡
2025,한국철도공사,평내호평,경춘선,2162532,2128404,2025_10_코레일광역_역별발착통과실적.csv,0,4290936,11756.0,평내호평
2025,한국철도공사,천마산,경춘선,557004,519384,2025_10_코레일광역_역별발착통과실적.csv,0,1076388,2949.0,천마산
2025,한국철도공사,마석,경춘선,1463652,1426800,2025_10_코레일광역_역별발착통과실적.csv,0,2890452,7919.0,마석
2025,한국철도공사,대성리,경춘선,205956,214908,2025_10_코레일광역_역별발착통과실적.csv,0,420864,1153.1,대성리
2025,한국철도공사,청평,경춘선,652908,648720,2025_10_코레일광역_역별발착통과실적.csv,0,1301628,3566.1,청평
2025,한국철도공사,상천,경춘선,113496,108120,2025_10_코레일광역_역별발착통과실적.csv,0,221616,607.2,상천
2025,한국철도공사,가평,경춘선,846336,844860,2025_10_코레일광역_역별발착통과실적.csv,0,1691196,4633.4,가평
2025,한국철도공사,굴봉산,경춘선,54852,53844,2025_10_코레일광역_역별발착통과실적.csv,0,108696,297.8,굴봉산
2025,한국철도공사,백양리,경춘선,56304,56052,2025_10_코레일광역_역별발착통과실적.csv,0,112356,307.8,백양리
2025,한국철도공사,강촌,경춘선,193836,199500,2025_10_코레일광역_역별발착통과실적.csv,0,393336,1077.6,강촌
2025,한국철도공사,김유정,경춘선,188412,207300,2025_10_코레일광역_역별발착통과실적.csv,0,395712,1084.1,김유정
2025,한국철도공사,남춘천,경춘선,1193268,1208052,2025_10_코레일광역_역별발착통과실적.csv,0,2401320,6579.0,남춘천
2025,한국철도공사,춘천,경춘선,738168,629880,2025_10_코레일광역_역별발착통과실적.csv,0,1368048,3748.1,춘천
2025,한국철도공사,남태령,안산선,84996,63840,2025_10_코레일광역_역별발착통과실적.csv,0,148836,407.8,남태령
2025,한국철도공사,선바위,안산선,2530908,2196228,2025_10_코레일광역_역별발착통과실적.csv,0,4727136,12951.1,선바위
2025,한국철도공사,경마공원,안산선,1685388,1686648,2025_10_코레일광역_역별발착통과실적.csv,0,3372036,9238.5,경마공원
2025,한국철도공사,대공원,안산선,2303844,2360256,2025_10_코레일광역_역별발착통과실적.csv,0,4664100,12778.4,대공원
2025,한국철도공사,과천,안산선,1779576,1635540,2025_10_코레일광역_역별발착통과실적.csv,0,3415116,9356.5,과천
2025,한국철도공사,정부과천청사,안산선,4076760,4294164,2025_10_코레일광역_역별발착통과실적.csv,0,8370924,22934.0,정부과천청사
2025,한국철도공사,인덕원,안산선,8310156,8510676,2025_10_코레일광역_역별발착통과실적.csv,0,16820832,46084.5,인덕원
2025,한국철도공사,평촌,안산선,5625228,5428788,2025_10_코레일광역_역별발착통과실적.csv,0,11054016,30285.0,평촌
2025,한국철도공사,범계,안산선,9495264,9602940,2025_10_코레일광역_역별발착통과실적.csv,0,19098204,52323.8,범계
2025,한국철도공사,명학,안산선,7119492,6985344,2025_10_코레일광역_역별발착통과실적.csv,0,14104836,38643.4,명학
2025,한국철도공사,금정,안산선,4829964,4914708,2025_10_코레일광역_역별발착통과실적.csv,0,9744672,26697.7,금정
2025,한국철도공사,군포,안산선,10027536,9697884,2025_10_코레일광역_역별발착통과실적.csv,0,19725420,54042.2,군포
2025,한국철도공사,산본,안산선,5521680,5913708,2025_10_코레일광역_역별발착통과실적.csv,0,11435388,31329.8,산본
2025,한국철도공사,대야미,안산선,1732332,1539732,2025_10_코레일광역_역별발착통과실적.csv,0,3272064,8964.6,대야미
2025,한국철도공사,반월,안산선,1508868,1469952,2025_10_코레일광역_역별발착통과실적.csv,0,2978820,8161.2,반월
2025,한국철도공사,상록수,안산선,5191860,5229492,2025_10_코레일광역_역별발착통과실적.csv,0,10421352,28551.6,상록수
2025,한국철도공사,한대앞,안산선,2793300,2817468,2025_10_코레일광역_역별발착통과실적.csv,0,5610768,15372.0,한대앞
2025,한국철도공사,중앙,안산선,6415428,6719676,2025_10_코레일광역_역별발착통과실적.csv,0,13135104,35986.6,중앙
2025,한국철도공사,고잔,안산선,2973756,2879604,2025_10_코레일광역_역별발착통과실적.csv,0,5853360,16036.6,고잔
2025,한국철도공사,초지,안산선,1473660,1506540,2025_10_코레일광역_역별발착통과실적.csv,0,2980200,8164.9,초지
2025,한국철도공사,안산,안산선,4404036,4201668,2025_10_코레일광역_역별발착통과실적.csv,0,8605704,23577.3,안산
2025,한국철도공사,신길온천,안산선,747192,674280,2025_10_코레일광역_역별발착통과실적.csv,0,1421472,3894.4,신길온천
2025,한국철도공사,정왕,안산선,3550680,3553608,2025_10_코레일광역_역별발착통과실적.csv,0,7104288,19463.8,정왕
2025,한국철도공사,오이도,안산선,2105736,2075580,2025_10_코레일광역_역별발착통과실적.csv,0,4181316,11455.7,오이도
2025,한국철도공사,수리산,안산선,1353072,1134960,2025_10_코레일광역_역별발착통과실적.csv,0,2488032,6816.5,수리산
2025,한국철도공사,사리,안산선,6182544,5963640,2025_10_코레일광역_역별발착통과실적.csv,0,12146184,33277.2,사리
2025,한국철도공사,달월,안산선,4748316,4615152,2025_10_코레일광역_역별발착통과실적.csv,0,9363468,25653.3,달월
2025,한국철도공사,초지(소시),안산선,3812724,3755748,2025_10_코레일광역_역별발착통과실적.csv,0,7568472,20735.5,초지
2025,한국철도공사,응봉,분당선,16642668,16936452,2025_10_코레일광역_역별발착통과실적.csv,0,33579120,91997.6,응봉
2025,한국철도공사,왕십리,분당선,3336432,3515340,2025_10_코레일광역_역별발착통과실적.csv,0,6851772,18772.0,왕십리
2025,한국철도공사,청량리,분당선,3342168,3562176,2025_10_코레일광역_역별발착통과실적.csv,0,6904344,18916.0,청량리
2025,한국철도공사,회기,분당선,31458312,30251088,2025_10_코레일광역_역별발착통과실적.csv,0,61709400,169066.8,회기
2025,한국철도공사,선릉,분당선,3586260,5394780,2025_10_코레일광역_역별발착통과실적.csv,0,8981040,24605.6,선릉
2025,한국철도공사,한티,분당선,5275680,5479044,2025_10_코레일광역_역별발착통과실적.csv,0,10754724,29465.0,한티
2025,한국철도공사,도곡,분당선,2138616,2116920,2025_10_코레일광역_역별발착통과실적.csv,0,4255536,11659.0,도곡
2025,한국철도공사,구룡,분당선,1183608,1143876,2025_10_코레일광역_역별발착통과실적.csv,0,2327484,6376.7,구룡
2025,한국철도공사,개포동,분당선,1454424,1491708,2025_10_코레일광역_역별발착통과실적.csv,0,2946132,8071.6,개포동
2025,한국철도공사,대모산입구,분당선,1882092,1786308,2025_10_코레일광역_역별발착통과실적.csv,0,3668400,10050.4,대모산입구
2025,한국철도공사,수서,분당선,5253360,5458188,2025_10_코레일광역_역별발착통과실적.csv,0,10711548,29346.7,수서
2025,한국철도공사,복정,분당선,864,864,2025_10_코레일광역_역별발착통과실적.csv,1,1728,4.7,복정
2025,한국철도공사,신이매(경강선),분당선,4835184,4575912,2025_10_코레일광역_역별발착통과실적.csv,0,9411096,25783.8,신이매
2025,한국철도공사,수원,분당선,9460848,9893796,2025_10_코레일광역_역별발착통과실적.csv,0,19354644,53026.4,수원
2025,한국철도공사,상록수,분당선,10952160,11363916,2025_10_코레일광역_역별발착통과실적.csv,0,22316076,61139.9,상록수
2025,한국철도공사,한대앞,분당선,1643052,1704768,2025_10_코레일광역_역별발착통과실적.csv,0,3347820,9172.1,한대앞
2025,한국철도공사,중앙,분당선,6415428,6719676,2025_10_코레일광역_역별발착통과실적.csv,0,13135104,35986.6,중앙
2025,한국철도공사,고잔,분당선,2973756,2879604,2025_10_코레일광역_역별발착통과실적.csv,0,5853360,16036.6,고잔
2025,한국철도공사,초지,분당선,1473660,1506540,2025_10_코레일광역_역별발착통과실적.csv,0,2980200,8164.9,초지
2025,한국철도공사,안산,분당선,4404036,4201668,2025_10_코레일광역_역별발착통과실적.csv,0,8605704,23577.3,안산
2025,한국철도공사,신길온천,분당선,747192,674280,2025_10_코레일광역_역별발착통과실적.csv,0,1421472,3894.4,신길온천
2025,한국철도공사,정왕,분당선,3550680,3553608,2025_10_코레일광역_역별발착통과실적.csv,0,7104288,19463.8,정왕
2025,한국철도공사,오이도,분당선,2789952,2807424,2025_10_코레일광역_역별발착통과실적.csv,0,5597376,15335.3,오이도
2025,한국철도공사,인천,분당선,1177476,1090692,2025_10_코레일광역_역별발착통과실적.csv,0,2268168,6214.2,인천
2025,한국철도공사,수원(분당),분당선,2753196,2624340,2025_10_코레일광역_역별발착통과실적.csv,0,5377536,14733.0,수원
2025,한국철도공사,서울숲,분당선,4129524,4337328,2025_10_코레일광역_역별발착통과실적.csv,0,8466852,23196.9,서울숲
2025,한국철도공사,압구정로데오,분당선,6276084,6934476,2025_10_코레일광역_역별발착통과실적.csv,0,13210560,36193.3,압구정로데오
2025,한국철도공사,강남구청,분당선,2857680,3327444,2025_10_코레일광역_역별발착통과실적.csv,0,6185124,16945.5,강남구청
2025,한국철도공사,선정릉,분당선,2128956,2175864,2025_10_코레일광역_역별발착통과실적.csv,0,4304820,11794.0,선정릉
2025,한국철도공사,가천대,분당선,3804204,3811260,2025_10_코레일광역_역별발착통과실적.csv,0,7615464,20864.3,가천대
2025,한국철도공사,태평,분당선,4499676,4318188,2025_10_코레일광역_역별발착통과실적.csv,0,8817864,24158.5,태평
2025,한국철도공사,모란,분당선,6863040,6934776,2025_10_코레일광역_역별발착통과실적.csv,0,13797816,37802.2,모란
2025,한국철도공사,야탑,분당선,8314764,8862372,2025_10_코레일광역_역별발착통과실적.csv,0,17177136,47060.6,야탑
2025,한국철도공사,서현,분당선,7671912,7825572,2025_10_코레일광역_역별발착통과실적.csv,0,15497484,42458.9,서현
2025,한국철도공사,수내,분당선,4212528,4227996,2025_10_코레일광역_역별발착통과실적.csv,0,8440524,23124.7,수내
2025,한국철도공사,정자,분당선,3575244,3728772,2025_10_코레일광역_역별발착통과실적.csv,0,7304016,20011.0,정자
2025,한국철도공사,미금,분당선,4890804,4817784,2025_10_코레일광역_역별발착통과실적.csv,0,9708588,26598.9,미금
2025,한국철도공사,오리,분당선,3594948,3115188,2025_10_코레일광역_역별발착통과실적.csv,0,6710136,18383.9,오리
2025,한국철도공사,이매,분당선,1542924,1422456,2025_10_코레일광역_역별발착통과실적.csv,0,2965380,8124.3,이매
2025,한국철도공사,보정,분당선,806868,723744,2025_10_코레일광역_역별발착통과실적.csv,0,1530612,4193.5,보정
2025,한국철도공사,죽전,분당선,4573056,5078604,2025_10_코레일광역_역별발착통과실적.csv,0,9651660,26442.9,죽전
2025,한국철도공사,구성,분당선,2146224,2175696,2025_10_코레일광역_역별발착통과실적.csv,0,4321920,11840.9,구성
2025,한국철도공사,신갈,분당선,1499520,1487604,2025_10_코레일광역_역별발착통과실적.csv,0,2987124,8183.9,신갈
2025,한국철도공사,기흥,분당선,3293880,3105744,2025_10_코레일광역_역별발착통과실적.csv,0,6399624,17533.2,기흥
2025,한국철도공사,상갈,분당선,1751832,1673628,2025_10_코레일광역_역별발착통과실적.csv,0,3425460,9384.8,상갈
2025,한국철도공사,청명,분당선,1531320,1479408,2025_10_코레일광역_역별발착통과실적.csv,0,3010728,8248.6,청명
2025,한국철도공사,영통,분당선,3019200,3054024,2025_10_코레일광역_역별발착통과실적.csv,0,6073224,16639.0,영통
2025,한국철도공사,망포,분당선,4812432,4632972,2025_10_코레일광역_역별발착통과실적.csv,0,9445404,25877.8,망포
2025,한국철도공사,매탄권선,분당선,1815060,1765740,2025_10_코레일광역_역별발착통과실적.csv,0,3580800,9810.4,매탄권선
2025,한국철도공사,수원시청,분당선,4621368,5020380,2025_10_코레일광역_역별발착통과실적.csv,0,9641748,26415.7,수원시청
2025,한국철도공사,매교,분당선,1771812,1767636,2025_10_코레일광역_역별발착통과실적.csv,0,3539448,9697.1,매교
2025,한국철도공사,고색,분당선,1829208,1801692,2025_10_코레일광역_역별발착통과실적.csv,0,3630900,9947.7,고색
2025,한국철도공사,오목천,분당선,1568820,1331004,2025_10_코레일광역_역별발착통과실적.csv,0,2899824,7944.7,오목천
2025,한국철도공사,어천,분당선,568032,546336,2025_10_코레일광역_역별발착통과실적.csv,0,1114368,3053.1,어천
2025,한국철도공사,야목,분당선,248100,211464,2025_10_코레일광역_역별발착통과실적.csv,0,459564,1259.1,야목
2025,한국철도공사,사리,분당선,1750548,1522140,2025_10_코레일광역_역별발착통과실적.csv,0,3272688,8966.3,사리
2025,한국철도공사,달월,분당선,34632,26280,2025_10_코레일광역_역별발착통과실적.csv,0,60912,166.9,달월
2025,한국철도공사,월곶,분당선,1130652,1049028,2025_10_코레일광역_역별발착통과실적.csv,0,2179680,5971.7,월곶
2025,한국철도공사,소래포구,분당선,2102448,2069664,2025_10_코레일광역_역별발착통과실적.csv,0,4172112,11430.4,소래포구
2025,한국철도공사,인천논현,분당선,1821684,1927884,2025_10_코레일광역_역별발착통과실적.csv,0,3749568,10272.8,인천논현
2025,한국철도공사,호구포,분당선,1252152,1282848,2025_10_코레일광역_역별발착통과실적.csv,0,2535000,6945.2,호구포
2025,한국철도공사,남동인더스파크,분당선,665124,734808,2025_10_코레일광역_역별발착통과실적.csv,0,1399932,3835.4,남동인더스파크
2025,한국철도공사,원인재,분당선,666408,619944,2025_10_코레일광역_역별발착통과실적.csv,0,1286352,3524.3,원인재
2025,한국철도공사,연수,분당선,1619040,1601268,2025_10_코레일광역_역별발착통과실적.csv,0,3220308,8822.8,연수
2025,한국철도공사,송도,분당선,890148,806472,2025_10_코레일광역_역별발착통과실적.csv,0,1696620,4648.3,송도
2025,한국철도공사,인하대,분당선,2503020,2316504,2025_10_코레일광역_역별발착통과실적.csv,0,4819524,13204.2,인하대
2025,한국철도공사,숭의,분당선,1511556,1384548,2025_10_코레일광역_역별발착통과실적.csv,0,2896104,7934.5,숭의
2025,한국철도공사,신포,분당선,631128,635304,2025_10_코레일광역_역별발착통과실적.csv,0,1266432,3469.7,신포
2025,한국철도공사,인천(수인),분당선,241752,431376,2025_10_코레일광역_역별발착통과실적.csv,0,673128,1844.2,인천
2025,한국철도공사,원인재(인천),분당선,5905824,5995632,2025_10_코레일광역_역별발착통과실적.csv,0,11901456,32606.7,원인재
2025,한국철도공사,정자(신분당선),분당선,3101652,6711540,2025_10_코레일광역_역별발착통과실적.csv,0,9813192,26885.5,정자
2025,한국철도공사,미금(신분당),분당선,4784496,531744,2025_10_코레일광역_역별발착통과실적.csv,0,5316240,14565.0,미금
2025,한국철도공사,기흥(백남준 아트 센터),분당선,3071124,3314616,2025_10_코레일광역_역별발착통과실적.csv,0,6385740,17495.2,기흥
2025,한국철도공사,초지(소시),분당선,3812724,3755748,2025_10_코레일광역_역별발착통과실적.csv,0,7568472,20735.5,초지
2025,한국철도공사,능곡,일산선,8212680,8457612,2025_10_코레일광역_역별발착통과실적.csv,0,16670292,45672.0,능곡
2025,한국철도공사,곡산,일산선,1649112,1629264,2025_10_코레일광역_역별발착통과실적.csv,0,3278376,8981.9,곡산
2025,한국철도공사,원흥,일산선,3701808,3543288,2025_10_코레일광역_역별발착통과실적.csv,0,7245096,19849.6,원흥
2025,한국철도공사,지축,일산선,432,432,2025_10_코레일광역_역별발착통과실적.csv,1,864,2.4,지축
2025,한국철도공사,삼송,일산선,6672948,6468720,2025_10_코레일광역_역별발착통과실적.csv,0,13141668,36004.6,삼송
2025,한국철도공사,원당,일산선,3955284,3824124,2025_10_코레일광역_역별발착통과실적.csv,0,7779408,21313.4,원당
2025,한국철도공사,화정,일산선,5823252,6043932,2025_10_코레일광역_역별발착통과실적.csv,0,11867184,32512.8,화정
2025,한국철도공사,대곡,일산선,1059312,945288,2025_10_코레일광역_역별발착통과실적.csv,0,2004600,5492.1,대곡
2025,한국철도공사,백석,일산선,3469308,3560820,2025_10_코레일광역_역별발착통과실적.csv,0,7030128,19260.6,백석
2025,한국철도공사,마두,일산선,2560908,2608716,2025_10_코레일광역_역별발착통과실적.csv,0,5169624,14163.4,마두
2025,한국철도공사,정발산,일산선,2577276,2624760,2025_10_코레일광역_역별발착통과실적.csv,0,5202036,14252.2,정발산
2025,한국철도공사,주엽,일산선,2987508,2951700,2025_10_코레일광역_역별발착통과실적.csv,0,5939208,16271.8,주엽
2025,한국철도공사,대화,일산선,4012464,3529740,2025_10_코레일광역_역별발착통과실적.csv,0,7542204,20663.6,대화
2025,한국철도공사,판교(경강선),경강선,1752900,1710336,2025_10_코레일광역_역별발착통과실적.csv,0,3463236,9488.3,판교
2025,한국철도공사,신이매(경강선),경강선,347460,275916,2025_10_코레일광역_역별발착통과실적.csv,0,623376,1707.9,신이매
2025,한국철도공사,삼동,경강선,771492,717420,2025_10_코레일광역_역별발착통과실적.csv,0,1488912,4079.2,삼동
2025,한국철도공사,경기광주,경강선,2745540,2609868,2025_10_코레일광역_역별발착통과실적.csv,0,5355408,14672.4,경기광주
2025,한국철도공사,초월,경강선,1262256,1170072,2025_10_코레일광역_역별발착통과실적.csv,0,2432328,6663.9,초월
2025,한국철도공사,곤지암,경강선,892332,892596,2025_10_코레일광역_역별발착통과실적.csv,0,1784928,4890.2,곤지암
2025,한국철도공사,신둔도예촌,경강선,538032,503820,2025_10_코레일광역_역별발착통과실적.csv,0,1041852,2854.4,신둔도예촌
2025,한국철도공사,이천,경강선,1134900,1222788,2025_10_코레일광역_역별발착통과실적.csv,0,2357688,6459.4,이천
2025,한국철도공사,부발,경강선,881628,864456,2025_10_코레일광역_역별발착통과실적.csv,0,1746084,4783.8,부발
2025,한국철도공사,세종대왕릉,경강선,136416,140544,2025_10_코레일광역_역별발착통과실적.csv,0,276960,758.8,세종대왕릉
2025,한국철도공사,여주,경강선,1229724,1231332,2025_10_코레일광역_역별발착통과실적.csv,0,2461056,6742.6,여주
2025,한국철도공사,성남,경강선,409392,355380,2025_10_코레일광역_역별발착통과실적.csv,0,764772,2095.3,성남
2025,한국철도공사,야탑,경강선,0,0,2025_10_코레일광역_역별발착통과실적.csv,1,0,0.0,야탑
2025,한국철도공사,서현,경강선,0,0,2025_10_코레일광역_역별발착통과실적.csv,1,0,0.0,서현
2025,한국철도공사,이매,경강선,4828632,5151228,2025_10_코레일광역_역별발착통과실적.csv,0,9979860,27342.1,이매
2025,한국철도공사,판교,경강선,4417416,4502364,2025_10_코레일광역_역별발착통과실적.csv,0,8919780,24437.8,판교
2025,한국철도공사,행신,서해선,15796308,16953780,2025_10_코레일광역_역별발착통과실적.csv,0,32750088,89726.3,행신
2025,한국철도공사,능곡,서해선,778776,783972,2025_10_코레일광역_역별발착통과실적.csv,0,1562748,4281.5,능곡
2025,한국철도공사,곡산,서해선,208572,218880,2025_10_코레일광역_역별발착통과실적.csv,0,427452,1171.1,곡산
2025,한국철도공사,백마,서해선,2478732,2420352,2025_10_코레일광역_역별발착통과실적.csv,0,4899084,13422.1,백마
2025,한국철도공사,풍산,서해선,2188356,2093952,2025_10_코레일광역_역별발착통과실적.csv,0,4282308,11732.4,풍산
2025,한국철도공사,일산,서해선,2798352,2703852,2025_10_코레일광역_역별발착통과실적.csv,0,5502204,15074.5,일산
2025,한국철도공사,탄현,서해선,9434532,8975796,2025_10_코레일광역_역별발착통과실적.csv,0,18410328,50439.3,탄현
2025,한국철도공사,초지,서해선,3899484,3917436,2025_10_코레일광역_역별발착통과실적.csv,0,7816920,21416.2,초지
2025,한국철도공사,소사,서해선,6852540,7685424,2025_10_코레일광역_역별발착통과실적.csv,0,14537964,39830.0,소사
2025,한국철도공사,화정,서해선,3461400,3487200,2025_10_코레일광역_역별발착통과실적.csv,0,6948600,19037.3,화정
2025,한국철도공사,대곡,서해선,1909020,1716252,2025_10_코레일광역_역별발착통과실적.csv,0,3625272,9932.3,대곡
2025,한국철도공사,백석,서해선,6625476,6374592,2025_10_코레일광역_역별발착통과실적.csv,0,13000068,35616.6,백석
2025,한국철도공사,김포공항(서해),서해선,736704,929196,2025_10_코레일광역_역별발착통과실적.csv,0,1665900,4564.1,김포공항
2025,한국철도공사,원종(서해),서해선,1750260,1730100,2025_10_코레일광역_역별발착통과실적.csv,0,3480360,9535.2,원종
2025,한국철도공사,부천종합운동장(서해),서해선,238320,171648,2025_10_코레일광역_역별발착통과실적.csv,0,409968,1123.2,부천종합운동장
2025,한국철도공사,김포공항,서해선,2193876,2014704,2025_10_코레일광역_역별발착통과실적.csv,0,4208580,11530.4,김포공항
2025,한국철도공사,부천종합운동장,서해선,5115048,3966912,2025_10_코레일광역_역별발착통과실적.csv,0,9081960,24882.1,부천종합운동장
2025,한국철도공사,김포공항(9호선),서해선,1458780,1942668,2025_10_코레일광역_역별발착통과실적.csv,0,3401448,9319.0,김포공항
2025,한국철도공사,김포공항(공항),서해선,2524908,2543196,2025_10_코레일광역_역별발착통과실적.csv,0,5068104,13885.2,김포공항
2025,한국철도공사,소사(소시),서해선,1362600,1512960,2025_10_코레일광역_역별발착통과실적.csv,0,2875560,7878.2,소사
2025,한국철도공사,소새울,서해선,1188348,1112208,2025_10_코레일광역_역별발착통과실적.csv,0,2300556,6302.9,소새울
2025,한국철도공사,시흥대야,서해선,1279284,1285824,2025_10_코레일광역_역별발착통과실적.csv,0,2565108,7027.7,시흥대야
2025,한국철도공사,신천,서해선,2704284,2629200,2025_10_코레일광역_역별발착통과실적.csv,0,5333484,14612.3,신천
2025,한국철도공사,신현,서해선,593064,573588,2025_10_코레일광역_역별발착통과실적.csv,0,1166652,3196.3,신현
2025,한국철도공사,시흥시청,서해선,1342980,1320828,2025_10_코레일광역_역별발착통과실적.csv,0,2663808,7298.1,시흥시청
2025,한국철도공사,시흥능곡,서해선,1538568,1501404,2025_10_코레일광역_역별발착통과실적.csv,0,3039972,8328.7,시흥능곡
2025,한국철도공사,달미,서해선,636120,585360,2025_10_코레일광역_역별발착통과실적.csv,0,1221480,3346.5,달미
2025,한국철도공사,선부,서해선,1623600,1723848,2025_10_코레일광역_역별발착통과실적.csv,0,3347448,9171.1,선부
2025,한국철도공사,초지(소시),서해선,519516,445920,2025_10_코레일광역_역별발착통과실적.csv,0,965436,2645.0,초지
2025,한국철도공사,시우,서해선,398028,401460,2025_10_코레일광역_역별발착통과실적.csv,0,799488,2190.4,시우
2025,한국철도공사,원시,서해선,756072,734028,2025_10_코레일광역_역별발착통과실적.csv,0,1490100,4082.5,원시
2025,한국철도공사,김포공항(골드라인),서해선,1040880,976248,2025_10_코레일광역_역별발착통과실적.csv,0,2017128,5526.4,김포공항
2025,한국철도공사,부전,동해선,1561572,1298868,2025_10_코레일광역_역별발착통과실적.csv,0,2860440,7836.8,부전
2025,한국철도공사,거제해맞이,동해선,409572,433176,2025_10_코레일광역_역별발착통과실적.csv,0,842748,2308.9,거제해맞이
2025,한국철도공사,거제,동해선,732960,750972,2025_10_코레일광역_역별발착통과실적.csv,0,1483932,4065.6,거제
2025,한국철도공사,교대(부산),동해선,1779480,1991772,2025_10_코레일광역_역별발착통과실적.csv,0,3771252,10332.2,교대
2025,한국철도공사,동래,동해선,488940,465180,2025_10_코레일광역_역별발착통과실적.csv,0,954120,2614.0,동래
2025,한국철도공사,안락,동해선,650280,599856,2025_10_코레일광역_역별발착통과실적.csv,0,1250136,3425.0,안락
2025,한국철도공사,재송,동해선,581664,462192,2025_10_코레일광역_역별발착통과실적.csv,0,1043856,2859.9,재송
2025,한국철도공사,센텀,동해선,741156,758784,2025_10_코레일광역_역별발착통과실적.csv,0,1499940,4109.4,센텀
2025,한국철도공사,벡스코,동해선,1867968,2083404,2025_10_코레일광역_역별발착통과실적.csv,0,3951372,10825.7,벡스코
2025,한국철도공사,신해운대,동해선,832152,816672,2025_10_코레일광역_역별발착통과실적.csv,0,1648824,4517.3,신해운대
2025,한국철도공사,송정(부산),동해선,543936,574284,2025_10_코레일광역_역별발착통과실적.csv,0,1118220,3063.6,송정
2025,한국철도공사,오시리아,동해선,887508,938244,2025_10_코레일광역_역별발착통과실적.csv,0,1825752,5002.1,오시리아
2025,한국철도공사,기장,동해선,1233768,1216212,2025_10_코레일광역_역별발착통과실적.csv,0,2449980,6712.3,기장
2025,한국철도공사,일광,동해선,925920,900024,2025_10_코레일광역_역별발착통과실적.csv,0,1825944,5002.6,일광
2025,한국철도공사,부산원동,동해선,679104,634464,2025_10_코레일광역_역별발착통과실적.csv,0,1313568,3598.8,부산원동
2025,한국철도공사,좌천,동해선,493392,482040,2025_10_코레일광역_역별발착통과실적.csv,0,975432,2672.4,좌천
2025,한국철도공사,월내,동해선,216108,211704,2025_10_코레일광역_역별발착통과실적.csv,0,427812,1172.1,월내
2025,한국철도공사,서생,동해선,204252,203316,2025_10_코레일광역_역별발착통과실적.csv,0,407568,1116.6,서생
2025,한국철도공사,남창,동해선,414864,421032,2025_10_코레일광역_역별발착통과실적.csv,0,835896,2290.1,남창
2025,한국철도공사,망양,동해선,93432,89292,2025_10_코레일광역_역별발착통과실적.csv,0,182724,500.6,망양
2025,한국철도공사,덕하,동해선,166212,174360,2025_10_코레일광역_역별발착통과실적.csv,0,340572,933.1,덕하
2025,한국철도공사,개운포,동해선,72540,71352,2025_10_코레일광역_역별발착통과실적.csv,0,143892,394.2,개운포
2025,한국철도공사,태화강,동해선,1362984,1362564,2025_10_코레일광역_역별발착통과실적.csv,0,2725548,7467.3,태화강
2025,한국철도공사,구미,대경선,904044,835008,2025_10_코레일광역_역별발착통과실적.csv,0,1739052,4764.5,구미
2025,한국철도공사,사곡,대경선,557148,609480,2025_10_코레일광역_역별발착통과실적.csv,0,1166628,3196.2,사곡
2025,한국철도공사,왜관,대경선,527832,566364,2025_10_코레일광역_역별발착통과실적.csv,0,1094196,2997.8,왜관
2025,한국철도공사,서대구,대경선,348732,392076,2025_10_코레일광역_역별발착통과실적.csv,0,740808,2029.6,서대구
2025,한국철도공사,대구,대경선,992988,1072740,2025_10_코레일광역_역별발착통과실적.csv,0,2065728,5659.5,대구
2025,한국철도공사,동대구,대경선,1054920,919320,2025_10_코레일광역_역별발착통과실적.csv,0,1974240,5408.9,동대구
2025,한국철도공사,경산,대경선,810900,801576,2025_10_코레일광역_역별발착통과실적.csv,0,1612476,4417.7,경산
