node_id,역사명,노선명,region,boarding_daily_avg,alighting_daily_avg,weight_source
I11D1|D004,신사,신분당선,수도권,7727.58,7312.56,seoul_od_2026H1
I11D1|D005,논현,신분당선,수도권,4736.65,4731.09,seoul_od_2026H1
I11D1|D006,신논현,신분당선,수도권,10362.15,10558.36,seoul_od_2026H1
I11D1|D007,강남,신분당선,수도권,16531.97,22010.88,seoul_od_2026H1
I11D1|D008,양재(서초구청),신분당선,수도권,8796.66,9376.68,seoul_od_2026H1
I11D1|D009,양재시민의숲(매헌),신분당선,수도권,11621.58,12674.92,seoul_od_2026H1
I11D1|D010,청계산입구,신분당선,수도권,4864.28,4894.28,seoul_od_2026H1
I11D1|D011,판교,신분당선,수도권,30905.97,31119.53,seoul_od_2026H1
I11D1|D012,정자,신분당선,수도권,8119.53,7211.34,seoul_od_2026H1
I11D1|D013,미금,신분당선,수도권,9951.13,9417.5,seoul_od_2026H1
I11D1|D014,동천,신분당선,수도권,6552.33,5978.08,seoul_od_2026H1
I11D1|D015,수지구청,신분당선,수도권,8333.04,8410.88,seoul_od_2026H1
I11D1|D016,성복,신분당선,수도권,9906.8,9256.35,seoul_od_2026H1
I11D1|D017,상현,신분당선,수도권,5306.05,4998.15,seoul_od_2026H1
I11D1|D018,광교중앙(아주대),신분당선,수도권,7701.02,7427.42,seoul_od_2026H1
I11D1|D019,광교(경기대),신분당선,수도권,1983.75,1742.8,seoul_od_2026H1
L41E1|Y110,기흥(백남준아트센터),에버라인,수도권,236.87,286.29,seoul_od_2026H1
L41E1|Y111,강남대,에버라인,수도권,164.21,178.15,seoul_od_2026H1
L41E1|Y112,지석,에버라인,수도권,136.2,129.4,seoul_od_2026H1
L41E1|Y113,어정,에버라인,수도권,134.98,163.47,seoul_od_2026H1
L41E1|Y114,동백(용인세브란스),에버라인,수도권,313.04,344.32,seoul_od_2026H1
L41E1|Y115,초당,에버라인,수도권,85.65,88.75,seoul_od_2026H1
L41E1|Y116,삼가,에버라인,수도권,76.25,95.17,seoul_od_2026H1
L41E1|Y117,시청·용인대,에버라인,수도권,116.19,146.33,seoul_od_2026H1
L41E1|Y118,명지대,에버라인,수도권,117.1,140.68,seoul_od_2026H1
L41E1|Y119,김량장,에버라인,수도권,95.96,120.26,seoul_od_2026H1
L41E1|Y120,용인중앙시장(용인예술과학대),에버라인,수도권,140.83,171.42,seoul_od_2026H1
L41E1|Y121,고진,에버라인,수도권,68.02,76.19,seoul_od_2026H1
L41E1|Y122,보평,에버라인,수도권,47.04,56.19,seoul_od_2026H1
L41E1|Y123,둔전,에버라인,수도권,61.32,77.06,seoul_od_2026H1
L41E1|Y124,전대·에버랜드,에버라인,수도권,68.19,67.82,seoul_od_2026H1
I28A1|A01,서울,인천국제공항선,수도권,13980.68,12638.39,seoul_od_2026H1
I28A1|A02,공덕,인천국제공항선,수도권,3140.39,4098.67,seoul_od_2026H1
I28A1|A03,홍대입구,인천국제공항선,수도권,16951.55,15907.11,seoul_od_2026H1
I28A1|A04,디지털미디어시티,인천국제공항선,수도권,13424.54,12623.45,seoul_od_2026H1
I28A1|A042,마곡나루,인천국제공항선,수도권,14109.22,13768.5,seoul_od_2026H1
I28A1|A05,김포공항,인천국제공항선,수도권,9296.62,5092.71,seoul_od_2026H1
I28A1|A06,계양,인천국제공항선,수도권,8888.7,8953.98,seoul_od_2026H1
I28A1|A07,검암,인천국제공항선,수도권,5888.29,5871.96,seoul_od_2026H1
I28A1|A071,청라국제도시,인천국제공항선,수도권,7575.01,7305.53,seoul_od_2026H1
I28A1|A072,영종,인천국제공항선,수도권,4573.88,4664.11,seoul_od_2026H1
I28A1|A08,운서,인천국제공항선,수도권,10134.78,10858.66,seoul_od_2026H1
I28A1|A09,공항화물청사,인천국제공항선,수도권,1836.64,2166.59,seoul_od_2026H1
I28A1|A10,인천공항1터미널,인천국제공항선,수도권,13410.43,13162.67,seoul_od_2026H1
I28A1|A11,인천공항2터미널,인천국제공항선,수도권,11247.78,9391.22,seoul_od_2026H1
S2901|100,녹동,광주도시철도 1호선,광주,175.8,136.1,boarding_data_2026H1
S2901|101,소태,광주도시철도 1호선,광주,2149.9,2021.4,boarding_data_2026H1
S2901|102,학동증심사입구,광주도시철도 1호선,광주,1972.2,1911.6,boarding_data_2026H1
S2901|103,남광주,광주도시철도 1호선,광주,4019.2,4179.9,boarding_data_2026H1
S2901|104,문화전당(구도청),광주도시철도 1호선,광주,3208.1,3275.5,boarding_data_2026H1
S2901|105,금남로4가,광주도시철도 1호선,광주,3999.2,3959.4,boarding_data_2026H1
S2901|106,금남로5가,광주도시철도 1호선,광주,2021.7,2004.2,boarding_data_2026H1
S2901|107,양동시장,광주도시철도 1호선,광주,2346.9,2324.6,boarding_data_2026H1
S2901|108,돌고개,광주도시철도 1호선,광주,1818.8,1825.9,boarding_data_2026H1
S2901|109,농성,광주도시철도 1호선,광주,2930.1,2753.2,boarding_data_2026H1
S2901|110,화정,광주도시철도 1호선,광주,2086.1,1781.0,boarding_data_2026H1
S2901|111,쌍촌,광주도시철도 1호선,광주,2608.5,2087.5,boarding_data_2026H1
S2901|112,운천,광주도시철도 1호선,광주,3291.1,3238.5,boarding_data_2026H1
S2901|113,상무,광주도시철도 1호선,광주,4049.9,4231.3,boarding_data_2026H1
S2901|114,김대중컨벤션센터(마륵),광주도시철도 1호선,광주,1313.3,1334.4,boarding_data_2026H1
S2901|115,공항,광주도시철도 1호선,광주,1115.8,959.7,boarding_data_2026H1
S2901|116,송정공원,광주도시철도 1호선,광주,2763.5,2760.1,boarding_data_2026H1
S2901|117,광주송정역,광주도시철도 1호선,광주,5245.3,4952.8,boarding_data_2026H1
S2901|118,도산,광주도시철도 1호선,광주,1688.2,1452.4,boarding_data_2026H1
S2901|119,평동,광주도시철도 1호선,광주,2013.6,2015.0,boarding_data_2026H1
S1108|806,동구릉,8호선,수도권,4256.97,4087.8,seoul_od_2026H1
S1108|807,구리(구리전통시장),8호선,수도권,6043.43,6300.57,seoul_od_2026H1
S1108|808,장자호수공원,8호선,수도권,6782.13,6708.13,seoul_od_2026H1
L41G1|G100,양촌역,김포도시철도,수도권,222.88,146.16,seoul_od_2026H1
L41G1|G101,구래역,김포도시철도,수도권,3865.04,3365.5,seoul_od_2026H1
L41G1|G102,마산역,김포도시철도,수도권,994.7,922.67,seoul_od_2026H1
L41G1|G103,장기역,김포도시철도,수도권,2686.52,2529.13,seoul_od_2026H1
L41G1|G104,운양역,김포도시철도,수도권,2052.91,1851.47,seoul_od_2026H1
L41G1|G105,걸포북변역,김포도시철도,수도권,2205.52,1972.0,seoul_od_2026H1
L41G1|G106,사우역,김포도시철도,수도권,2552.07,2737.14,seoul_od_2026H1
L41G1|G107,풍무역,김포도시철도,수도권,2719.91,2981.72,seoul_od_2026H1
L41G1|G108,고촌역,김포도시철도,수도권,2804.57,3260.41,seoul_od_2026H1
L41G1|G109,김포공항역,김포도시철도,수도권,1581.64,581.56,seoul_od_2026H1
L11SL|S401,샛강,수도권 경량도시철도 신림선,수도권,2789.73,3309.25,seoul_od_2026H1
L11SL|S402,대방,수도권 경량도시철도 신림선,수도권,3441.63,2573.04,seoul_od_2026H1
L11SL|S403,서울지방병무청,수도권 경량도시철도 신림선,수도권,3131.54,3469.88,seoul_od_2026H1
L11SL|S404,보라매,수도권 경량도시철도 신림선,수도권,4523.45,4075.17,seoul_od_2026H1
L11SL|S405,보라매공원,수도권 경량도시철도 신림선,수도권,2345.82,2595.29,seoul_od_2026H1
L11SL|S406,보라매병원,수도권 경량도시철도 신림선,수도권,7568.78,7855.95,seoul_od_2026H1
L11SL|S407,당곡,수도권 경량도시철도 신림선,수도권,4770.01,4611.02,seoul_od_2026H1
L11SL|S408,신림,수도권 경량도시철도 신림선,수도권,2317.77,2764.32,seoul_od_2026H1
L11SL|S409,서원,수도권 경량도시철도 신림선,수도권,3541.74,3174.83,seoul_od_2026H1
L11SL|S410,서울대벤처타운,수도권 경량도시철도 신림선,수도권,9967.22,9239.1,seoul_od_2026H1
L11SL|S411,관악산,수도권 경량도시철도 신림선,수도권,3340.85,3286.33,seoul_od_2026H1
I4104|0405,진접역,진접선,수도권,4375.31,4008.75,seoul_od_2026H1
I4104|0406,오남역,진접선,수도권,4312.08,4194.18,seoul_od_2026H1
I4104|0408,별내별가람역,진접선,수도권,5168.3,4986.36,seoul_od_2026H1
S4108|804,별내역,수도권 광역철도 8호선,수도권,5985.0,5475.07,seoul_od_2026H1
S4108|805,다산역,수도권 광역철도 8호선,수도권,6779.41,6527.87,seoul_od_2026H1
S2701|0115,설화명곡,대구 도시철도 1호선,대구,4950.7,4317.0,boarding_data_2026H1
S2701|0116,화원,대구 도시철도 1호선,대구,3981.9,4005.3,boarding_data_2026H1
S2701|0117,대곡(정부대구청사),대구 도시철도 1호선,대구,4575.3,4148.3,boarding_data_2026H1
S2701|0118,진천,대구 도시철도 1호선,대구,7925.8,7831.3,boarding_data_2026H1
S2701|0119,월배,대구 도시철도 1호선,대구,4396.6,4424.7,boarding_data_2026H1
S2701|0120,상인,대구 도시철도 1호선,대구,10807.1,10293.8,boarding_data_2026H1
S2701|0121,월촌,대구 도시철도 1호선,대구,3873.0,4007.9,boarding_data_2026H1
S2701|0122,송현,대구 도시철도 1호선,대구,3297.3,3409.3,boarding_data_2026H1
S2701|0123,서부정류장(관문시장),대구 도시철도 1호선,대구,7960.0,7559.8,boarding_data_2026H1
S2701|0124,대명,대구 도시철도 1호선,대구,3902.3,4028.1,boarding_data_2026H1
S2701|0125,안지랑,대구 도시철도 1호선,대구,3726.2,3631.8,boarding_data_2026H1
S2701|0126,현충로,대구 도시철도 1호선,대구,2967.0,2964.1,boarding_data_2026H1
S2701|0127,영대병원,대구 도시철도 1호선,대구,5503.1,5709.8,boarding_data_2026H1
S2701|0128,교대,대구 도시철도 1호선,대구,3895.2,3730.4,boarding_data_2026H1
S2701|0129,명덕(2.28민주운동기념회관),대구 도시철도 1호선,대구,3319.4,3553.8,boarding_data_2026H1
S2701|0130,반월당,대구 도시철도 1호선,대구,10399.6,13481.3,boarding_data_2026H1
S2701|0131,중앙로,대구 도시철도 1호선,대구,14621.5,15512.9,boarding_data_2026H1
S2701|0132,대구역,대구 도시철도 1호선,대구,8295.7,7863.2,boarding_data_2026H1
S2701|0133,칠성시장,대구 도시철도 1호선,대구,3888.4,3857.4,boarding_data_2026H1
S2701|0134,신천(경북대입구),대구 도시철도 1호선,대구,4919.8,4768.3,boarding_data_2026H1
S2701|0135,동대구역,대구 도시철도 1호선,대구,18534.7,18928.8,boarding_data_2026H1
S2701|0136,동구청(큰고개),대구 도시철도 1호선,대구,3268.2,3112.8,boarding_data_2026H1
S2701|0137,아양교(대구국제공항입구),대구 도시철도 1호선,대구,4733.9,4432.0,boarding_data_2026H1
S2701|0138,동촌(동촌유원지),대구 도시철도 1호선,대구,2252.1,2293.7,boarding_data_2026H1
S2701|0139,해안,대구 도시철도 1호선,대구,2404.2,2324.4,boarding_data_2026H1
S2701|0140,방촌,대구 도시철도 1호선,대구,3209.8,3312.1,boarding_data_2026H1
S2701|0141,용계,대구 도시철도 1호선,대구,2061.1,1782.9,boarding_data_2026H1
S2701|0142,율하,대구 도시철도 1호선,대구,4232.9,4240.8,boarding_data_2026H1
S2701|0143,신기,대구 도시철도 1호선,대구,3838.9,3643.8,boarding_data_2026H1
S2701|0144,반야월,대구 도시철도 1호선,대구,2889.8,2916.1,boarding_data_2026H1
S2701|0145,각산,대구 도시철도 1호선,대구,4185.8,4049.4,boarding_data_2026H1
S2701|0146,안심(혁신도시·첨복단지),대구 도시철도 1호선,대구,3677.6,3397.7,boarding_data_2026H1
S2701|0147,대구한의대병원,대구 도시철도 1호선,대구,849.8,895.8,boarding_data_2026H1
S2701|0148,부호(경일대·호산대),대구 도시철도 1호선,대구,1605.2,1902.3,boarding_data_2026H1
S2701|0149,하양(대구가톨릭대),대구 도시철도 1호선,대구,4212.9,3899.7,boarding_data_2026H1
S2702|0216,문양,대구 도시철도 2호선,대구,2445.1,2446.5,boarding_data_2026H1
S2702|0217,다사,대구 도시철도 2호선,대구,3426.2,3228.6,boarding_data_2026H1
S2702|0218,대실,대구 도시철도 2호선,대구,6685.2,6623.4,boarding_data_2026H1
S2702|0219,강창,대구 도시철도 2호선,대구,6420.0,6055.5,boarding_data_2026H1
S2702|0220,계명대,대구 도시철도 2호선,대구,6350.1,6119.3,boarding_data_2026H1
S2702|0221,성서산업단지,대구 도시철도 2호선,대구,4629.5,4587.0,boarding_data_2026H1
S2702|0222,이곡,대구 도시철도 2호선,대구,3472.0,3088.1,boarding_data_2026H1
S2702|0223,용산(서부법원․검찰청입구),대구 도시철도 2호선,대구,6588.8,6496.4,boarding_data_2026H1
S2702|0224,죽전,대구 도시철도 2호선,대구,6603.8,6745.5,boarding_data_2026H1
S2702|0225,감삼,대구 도시철도 2호선,대구,6688.6,6312.3,boarding_data_2026H1
S2702|0226,두류,대구 도시철도 2호선,대구,7055.0,7036.0,boarding_data_2026H1
S2702|0227,내당,대구 도시철도 2호선,대구,4036.4,4119.8,boarding_data_2026H1
S2702|0228,반고개,대구 도시철도 2호선,대구,3777.3,3866.3,boarding_data_2026H1
S2702|0229,청라언덕,대구 도시철도 2호선,대구,5332.5,5014.4,boarding_data_2026H1
S2702|0230,반월당,대구 도시철도 2호선,대구,22993.8,21131.9,boarding_data_2026H1
S2702|0231,경대병원,대구 도시철도 2호선,대구,6629.7,7408.7,boarding_data_2026H1
S2702|0232,대구은행(대구교육청),대구 도시철도 2호선,대구,5799.5,5925.9,boarding_data_2026H1
S2702|0233,범어,대구 도시철도 2호선,대구,8093.8,8081.7,boarding_data_2026H1
S2702|0234,수성구청(KBS),대구 도시철도 2호선,대구,5267.4,5495.0,boarding_data_2026H1
S2702|0235,만촌,대구 도시철도 2호선,대구,4421.6,4347.0,boarding_data_2026H1
S2702|0236,담티(수성대·대륜),대구 도시철도 2호선,대구,3057.4,2845.2,boarding_data_2026H1
S2702|0237,연호,대구 도시철도 2호선,대구,637.1,517.0,boarding_data_2026H1
S2702|0238,수성알파시티(삼성라이온즈파크),대구 도시철도 2호선,대구,2447.4,2554.3,boarding_data_2026H1
S2702|0239,고산,대구 도시철도 2호선,대구,2630.9,2550.6,boarding_data_2026H1
S2702|0240,신매,대구 도시철도 2호선,대구,5538.7,5873.7,boarding_data_2026H1
S2702|0241,사월,대구 도시철도 2호선,대구,4239.6,4023.6,boarding_data_2026H1
S2702|0242,정평,대구 도시철도 2호선,대구,4454.0,4174.5,boarding_data_2026H1
S2702|0243,임당,대구 도시철도 2호선,대구,3443.4,3199.7,boarding_data_2026H1
S2702|0244,영남대,대구 도시철도 2호선,대구,8291.4,7757.3,boarding_data_2026H1
S2703|0312,칠곡경대병원,대구 도시철도 3호선,대구,1256.1,1145.0,boarding_data_2026H1
S2703|0313,학정,대구 도시철도 3호선,대구,383.5,348.9,boarding_data_2026H1
S2703|0314,팔거(국립농관원통계청),대구 도시철도 3호선,대구,4241.7,4357.9,boarding_data_2026H1
S2703|0315,동천,대구 도시철도 3호선,대구,2095.1,2013.4,boarding_data_2026H1
S2703|0316,칠곡운암,대구 도시철도 3호선,대구,3554.0,3509.9,boarding_data_2026H1
S2703|0317,구암(과학대보건대입구),대구 도시철도 3호선,대구,2149.9,1937.7,boarding_data_2026H1
S2703|0318,태전,대구 도시철도 3호선,대구,1857.3,2006.8,boarding_data_2026H1
S2703|0319,매천,대구 도시철도 3호선,대구,2009.6,1814.8,boarding_data_2026H1
S2703|0320,매천시장,대구 도시철도 3호선,대구,1424.4,1384.9,boarding_data_2026H1
S2703|0321,팔달,대구 도시철도 3호선,대구,989.0,1065.9,boarding_data_2026H1
S2703|0322,공단,대구 도시철도 3호선,대구,1174.5,1068.4,boarding_data_2026H1
S2703|0323,만평,대구 도시철도 3호선,대구,1366.1,1211.2,boarding_data_2026H1
S2703|0324,팔달시장,대구 도시철도 3호선,대구,2235.5,2163.2,boarding_data_2026H1
S2703|0325,원대,대구 도시철도 3호선,대구,1728.5,1693.6,boarding_data_2026H1
S2703|0326,북구청 (대구iM뱅크파크),대구 도시철도 3호선,대구,3702.8,3814.8,boarding_data_2026H1
S2703|0327,달성공원,대구 도시철도 3호선,대구,2966.9,2863.7,boarding_data_2026H1
S2703|0328,서문시장(동산병원),대구 도시철도 3호선,대구,6723.0,6768.2,boarding_data_2026H1
S2703|0329,청라언덕(신남),대구 도시철도 3호선,대구,2284.5,2315.0,boarding_data_2026H1
S2703|0330,남산(계명네거리),대구 도시철도 3호선,대구,2869.4,2923.8,boarding_data_2026H1
S2703|0331,명덕(2·28민주운동기념회관),대구 도시철도 3호선,대구,2751.1,2506.7,boarding_data_2026H1
S2703|0332,건들바위,대구 도시철도 3호선,대구,1740.3,1709.2,boarding_data_2026H1
S2703|0333,대봉교,대구 도시철도 3호선,대구,2565.5,2602.4,boarding_data_2026H1
S2703|0334,수성시장,대구 도시철도 3호선,대구,2888.1,2781.6,boarding_data_2026H1
S2703|0335,수성구민운동장,대구 도시철도 3호선,대구,1698.8,1738.8,boarding_data_2026H1
S2703|0336,어린이세상,대구 도시철도 3호선,대구,1115.3,1128.8,boarding_data_2026H1
S2703|0337,황금,대구 도시철도 3호선,대구,2710.3,2707.1,boarding_data_2026H1
S2703|0338,수성못(TBC),대구 도시철도 3호선,대구,2224.6,2377.3,boarding_data_2026H1
S2703|0339,지산,대구 도시철도 3호선,대구,2142.7,2015.0,boarding_data_2026H1
S2703|0340,범물,대구 도시철도 3호선,대구,3596.0,3503.9,boarding_data_2026H1
S2703|0341,용지,대구 도시철도 3호선,대구,2009.4,1973.5,boarding_data_2026H1
S3001|101,판암,대전 도시철도 1호선,대전,4064.0,3664.7,boarding_data_2026H1
S3001|102,신흥,대전 도시철도 1호선,대전,2100.0,1961.5,boarding_data_2026H1
S3001|103,대동,대전 도시철도 1호선,대전,4067.8,3612.6,boarding_data_2026H1
S3001|104,대전,대전 도시철도 1호선,대전,11985.8,11381.0,boarding_data_2026H1
S3001|105,중앙로,대전 도시철도 1호선,대전,7124.4,7749.9,boarding_data_2026H1
S3001|106,중구청,대전 도시철도 1호선,대전,2335.3,2446.7,boarding_data_2026H1
S3001|107,서대전네거리,대전 도시철도 1호선,대전,5577.1,5816.4,boarding_data_2026H1
S3001|108,오룡,대전 도시철도 1호선,대전,4080.3,3625.1,boarding_data_2026H1
S3001|109,용문,대전 도시철도 1호선,대전,7242.5,7292.7,boarding_data_2026H1
S3001|110,탄방,대전 도시철도 1호선,대전,4553.9,4930.3,boarding_data_2026H1
S3001|111,시청,대전 도시철도 1호선,대전,7514.1,7863.9,boarding_data_2026H1
S3001|112,정부청사,대전 도시철도 1호선,대전,6555.3,7080.0,boarding_data_2026H1
S3001|113,갈마,대전 도시철도 1호선,대전,2911.0,2936.7,boarding_data_2026H1
S3001|114,월평,대전 도시철도 1호선,대전,3511.6,3585.4,boarding_data_2026H1
S3001|115,갑천,대전 도시철도 1호선,대전,1034.6,1018.5,boarding_data_2026H1
S3001|116,유성온천,대전 도시철도 1호선,대전,9359.4,9837.7,boarding_data_2026H1
S3001|117,구암,대전 도시철도 1호선,대전,3165.8,3078.6,boarding_data_2026H1
S3001|118,현충원,대전 도시철도 1호선,대전,2473.4,1995.3,boarding_data_2026H1
S3001|119,월드컵경기장,대전 도시철도 1호선,대전,2645.2,2380.3,boarding_data_2026H1
S3001|120,노은,대전 도시철도 1호선,대전,3996.4,4209.1,boarding_data_2026H1
S3001|121,지족,대전 도시철도 1호선,대전,2068.9,2030.7,boarding_data_2026H1
S3001|122,반석,대전 도시철도 1호선,대전,6883.2,6335.8,boarding_data_2026H1
S2601|0095,다대포해수욕장,부산 도시철도 1호선,부산,5205.6,4339.8,boarding_data_2026H1
S2601|0096,다대포항,부산 도시철도 1호선,부산,3545.3,3934.0,boarding_data_2026H1
S2601|0097,낫개,부산 도시철도 1호선,부산,4899.3,5110.7,boarding_data_2026H1
S2601|0098,신장림,부산 도시철도 1호선,부산,3386.3,3286.7,boarding_data_2026H1
S2601|0099,장림,부산 도시철도 1호선,부산,3830.7,3515.2,boarding_data_2026H1
S2601|0100,동매,부산 도시철도 1호선,부산,4206.2,3838.8,boarding_data_2026H1
S2601|0101,신평,부산 도시철도 1호선,부산,6371.2,6586.3,boarding_data_2026H1
S2601|0102,하단,부산 도시철도 1호선,부산,19618.8,18046.6,boarding_data_2026H1
S2601|0103,당리,부산 도시철도 1호선,부산,6632.8,7003.1,boarding_data_2026H1
S2601|0104,사하,부산 도시철도 1호선,부산,4265.0,3847.8,boarding_data_2026H1
S2601|0105,괴정,부산 도시철도 1호선,부산,8870.5,8904.3,boarding_data_2026H1
S2601|0106,대티,부산 도시철도 1호선,부산,4081.6,4080.6,boarding_data_2026H1
S2601|0107,서대신,부산 도시철도 1호선,부산,3508.7,3716.1,boarding_data_2026H1
S2601|0108,동대신,부산 도시철도 1호선,부산,6651.7,5835.1,boarding_data_2026H1
S2601|0109,토성,부산 도시철도 1호선,부산,9112.2,8954.8,boarding_data_2026H1
S2601|0110,자갈치,부산 도시철도 1호선,부산,18177.1,18360.6,boarding_data_2026H1
S2601|0111,남포,부산 도시철도 1호선,부산,18608.7,19493.4,boarding_data_2026H1
S2601|0112,중앙,부산 도시철도 1호선,부산,9241.2,9301.8,boarding_data_2026H1
S2601|0113,부산역,부산 도시철도 1호선,부산,24770.0,25252.2,boarding_data_2026H1
S2601|0114,초량,부산 도시철도 1호선,부산,6364.7,6489.0,boarding_data_2026H1
S2601|0115,부산진,부산 도시철도 1호선,부산,7521.8,7126.1,boarding_data_2026H1
S2601|0116,좌천,부산 도시철도 1호선,부산,4420.8,4005.1,boarding_data_2026H1
S2601|0117,범일,부산 도시철도 1호선,부산,14679.9,15028.4,boarding_data_2026H1
S2601|0118,범내골,부산 도시철도 1호선,부산,10285.9,10252.7,boarding_data_2026H1
S2601|0119,서면,부산 도시철도 1호선,부산,36739.5,41718.8,boarding_data_2026H1
S2601|0120,부전,부산 도시철도 1호선,부산,17114.5,18057.3,boarding_data_2026H1
S2601|0121,양정,부산 도시철도 1호선,부산,13179.8,13281.3,boarding_data_2026H1
S2601|0122,시청(연제),부산 도시철도 1호선,부산,15519.4,15000.9,boarding_data_2026H1
S2601|0123,연산,부산 도시철도 1호선,부산,17614.1,18266.2,boarding_data_2026H1
S2601|0124,교대,부산 도시철도 1호선,부산,14008.0,13605.5,boarding_data_2026H1
S2601|0125,동래,부산 도시철도 1호선,부산,16542.8,18540.9,boarding_data_2026H1
S2601|0126,명륜,부산 도시철도 1호선,부산,10474.0,10862.7,boarding_data_2026H1
S2601|0127,온천장,부산 도시철도 1호선,부산,16404.9,16541.4,boarding_data_2026H1
S2601|0128,부산대,부산 도시철도 1호선,부산,14772.2,14871.0,boarding_data_2026H1
S2601|0129,장전,부산 도시철도 1호선,부산,10780.7,10881.8,boarding_data_2026H1
S2601|0130,구서,부산 도시철도 1호선,부산,9817.8,9278.7,boarding_data_2026H1
S2601|0131,두실,부산 도시철도 1호선,부산,7043.6,6164.1,boarding_data_2026H1
S2601|0132,남산,부산 도시철도 1호선,부산,5562.3,5444.8,boarding_data_2026H1
S2601|0133,범어사,부산 도시철도 1호선,부산,8376.8,6776.7,boarding_data_2026H1
S2601|0134,노포,부산 도시철도 1호선,부산,11460.4,10875.0,boarding_data_2026H1
S2602|0201,장산,부산 도시철도 2호선,부산,15399.1,14925.6,boarding_data_2026H1
S2602|0202,중동,부산 도시철도 2호선,부산,8429.1,7719.3,boarding_data_2026H1
S2602|0203,해운대,부산 도시철도 2호선,부산,15325.5,16001.8,boarding_data_2026H1
S2602|0204,동백,부산 도시철도 2호선,부산,7061.3,7229.9,boarding_data_2026H1
S2602|0205,벡스코,부산 도시철도 2호선,부산,11217.9,10486.7,boarding_data_2026H1
S2602|0206,센텀시티,부산 도시철도 2호선,부산,21130.1,21020.6,boarding_data_2026H1
S2602|0207,민락,부산 도시철도 2호선,부산,3745.3,3596.5,boarding_data_2026H1
S2602|0208,수영,부산 도시철도 2호선,부산,15854.8,15387.3,boarding_data_2026H1
S2602|0209,광안,부산 도시철도 2호선,부산,11552.5,12273.6,boarding_data_2026H1
S2602|0210,금련산,부산 도시철도 2호선,부산,8236.1,9089.0,boarding_data_2026H1
S2602|0211,남천,부산 도시철도 2호선,부산,8237.3,8442.0,boarding_data_2026H1
S2602|0212,경성대·부경대,부산 도시철도 2호선,부산,16594.5,16893.7,boarding_data_2026H1
S2602|0213,대연,부산 도시철도 2호선,부산,10144.9,9982.2,boarding_data_2026H1
S2602|0214,못골,부산 도시철도 2호선,부산,5148.5,5245.1,boarding_data_2026H1
S2602|0215,지게골,부산 도시철도 2호선,부산,2858.2,2856.7,boarding_data_2026H1
S2602|0216,문현,부산 도시철도 2호선,부산,5224.9,4922.0,boarding_data_2026H1
S2602|0217,국제금융센터·부산은행,부산 도시철도 2호선,부산,5048.9,5346.3,boarding_data_2026H1
S2602|0218,전포,부산 도시철도 2호선,부산,9600.8,11742.2,boarding_data_2026H1
S2602|0219,서면,부산 도시철도 2호선,부산,25602.9,25814.9,boarding_data_2026H1
S2602|0220,부암,부산 도시철도 2호선,부산,6448.5,5896.1,boarding_data_2026H1
S2602|0221,가야,부산 도시철도 2호선,부산,3707.9,3500.9,boarding_data_2026H1
S2602|0222,동의대,부산 도시철도 2호선,부산,6776.4,6150.0,boarding_data_2026H1
S2602|0223,개금,부산 도시철도 2호선,부산,8431.5,8099.5,boarding_data_2026H1
S2602|0224,냉정,부산 도시철도 2호선,부산,6026.3,5552.2,boarding_data_2026H1
S2602|0225,주례,부산 도시철도 2호선,부산,7340.5,6422.8,boarding_data_2026H1
S2602|0226,감전,부산 도시철도 2호선,부산,4122.2,3803.7,boarding_data_2026H1
S2602|0227,사상,부산 도시철도 2호선,부산,23330.3,23219.1,boarding_data_2026H1
S2602|0228,덕포,부산 도시철도 2호선,부산,4846.7,4589.5,boarding_data_2026H1
S2602|0229,모덕,부산 도시철도 2호선,부산,1997.7,1829.0,boarding_data_2026H1
S2602|0230,모라,부산 도시철도 2호선,부산,4865.4,4352.1,boarding_data_2026H1
S2602|0231,구남,부산 도시철도 2호선,부산,4311.3,4332.0,boarding_data_2026H1
S2602|0232,구명,부산 도시철도 2호선,부산,3567.0,2801.0,boarding_data_2026H1
S2602|0233,덕천,부산 도시철도 2호선,부산,5191.5,7388.4,boarding_data_2026H1
S2602|0234,수정,부산 도시철도 2호선,부산,6097.5,5975.3,boarding_data_2026H1
S2602|0235,화명,부산 도시철도 2호선,부산,10589.3,10996.0,boarding_data_2026H1
S2602|0236,율리,부산 도시철도 2호선,부산,4482.8,4267.7,boarding_data_2026H1
S2602|0237,동원,부산 도시철도 2호선,부산,1600.8,1371.5,boarding_data_2026H1
S2602|0238,금곡,부산 도시철도 2호선,부산,2525.6,2048.8,boarding_data_2026H1
S2602|0239,호포,부산 도시철도 2호선,부산,1102.6,1408.0,boarding_data_2026H1
S2602|0240,증산,부산 도시철도 2호선,부산,4476.3,4789.1,boarding_data_2026H1
S2602|0241,부산대양산캠퍼스,부산 도시철도 2호선,부산,1832.2,1619.9,boarding_data_2026H1
S2602|0242,남양산,부산 도시철도 2호선,부산,3335.2,3248.7,boarding_data_2026H1
S2602|0243,양산,부산 도시철도 2호선,부산,5825.8,5743.2,boarding_data_2026H1
S2603|0301,수영,부산 도시철도 3호선,부산,,,none
S2603|0302,망미,부산 도시철도 3호선,부산,4746.9,4541.3,boarding_data_2026H1
S2603|0303,배산,부산 도시철도 3호선,부산,4208.0,4553.5,boarding_data_2026H1
S2603|0304,물만골,부산 도시철도 3호선,부산,3766.9,3874.3,boarding_data_2026H1
S2603|0305,연산,부산 도시철도 3호선,부산,9984.3,9084.5,boarding_data_2026H1
S2603|0306,거제,부산 도시철도 3호선,부산,5990.7,5879.7,boarding_data_2026H1
S2603|0307,종합운동장,부산 도시철도 3호선,부산,7631.7,7929.4,boarding_data_2026H1
S2603|0308,사직,부산 도시철도 3호선,부산,8295.4,8293.2,boarding_data_2026H1
S2603|0309,미남,부산 도시철도 3호선,부산,10275.4,9614.3,boarding_data_2026H1
S2603|0310,만덕,부산 도시철도 3호선,부산,5880.8,6355.6,boarding_data_2026H1
S2603|0311,남산정,부산 도시철도 3호선,부산,5325.3,4098.7,boarding_data_2026H1
S2603|0312,숙등,부산 도시철도 3호선,부산,4327.4,4123.0,boarding_data_2026H1
S2603|0313,덕천,부산 도시철도 3호선,부산,12365.0,11517.0,boarding_data_2026H1
S2603|0314,구포,부산 도시철도 3호선,부산,3363.4,3721.3,boarding_data_2026H1
S2603|0315,강서구청,부산 도시철도 3호선,부산,3135.3,3009.8,boarding_data_2026H1
S2603|0316,체육공원,부산 도시철도 3호선,부산,1088.2,1053.2,boarding_data_2026H1
S2603|0317,대저,부산 도시철도 3호선,부산,8568.9,7552.8,boarding_data_2026H1
L2604|0401,미남,부산 경량도시철도 4호선,부산,,,none
L2604|0402,동래,부산 경량도시철도 4호선,부산,2357.8,2498.6,boarding_data_2026H1
L2604|0403,수안,부산 경량도시철도 4호선,부산,4046.3,4174.3,boarding_data_2026H1
L2604|0404,낙민,부산 경량도시철도 4호선,부산,1671.2,1680.4,boarding_data_2026H1
L2604|0405,충렬사,부산 경량도시철도 4호선,부산,3420.8,3578.5,boarding_data_2026H1
L2604|0406,명장,부산 경량도시철도 4호선,부산,3104.5,2962.1,boarding_data_2026H1
L2604|0407,서동,부산 경량도시철도 4호선,부산,2341.3,2461.7,boarding_data_2026H1
L2604|0408,금사,부산 경량도시철도 4호선,부산,1786.9,1599.3,boarding_data_2026H1
L2604|0409,반여농산물시장,부산 경량도시철도 4호선,부산,1874.0,1923.5,boarding_data_2026H1
L2604|0410,석대,부산 경량도시철도 4호선,부산,145.7,104.8,boarding_data_2026H1
L2604|0411,영산대,부산 경량도시철도 4호선,부산,2663.8,2632.3,boarding_data_2026H1
L2604|0412,윗반송,부산 경량도시철도 4호선,부산,2483.6,2319.0,boarding_data_2026H1
L2604|0413,고촌,부산 경량도시철도 4호선,부산,563.3,462.9,boarding_data_2026H1
L2604|0414,안평,부산 경량도시철도 4호선,부산,1918.6,1851.3,boarding_data_2026H1
L48B1|0001,사상,부산김해경전철,부산,,,none
L48B1|0002,괘법르네시떼,부산김해경전철,부산,,,none
L48B1|0003,서부산유통지구,부산김해경전철,부산,,,none
L48B1|0004,공항,부산김해경전철,부산,,,none
L48B1|0005,덕두,부산김해경전철,부산,,,none
L48B1|0006,등구,부산김해경전철,부산,,,none
L48B1|0007,대저,부산김해경전철,부산,,,none
L48B1|0008,평강,부산김해경전철,부산,,,none
L48B1|0009,대사,부산김해경전철,부산,,,none
L48B1|0010,불암,부산김해경전철,부산,,,none
L48B1|0011,지내,부산김해경전철,부산,,,none
L48B1|0012,김해대학,부산김해경전철,부산,,,none
L48B1|0013,인제대,부산김해경전철,부산,,,none
L48B1|0014,김해시청,부산김해경전철,부산,,,none
L48B1|0015,부원,부산김해경전철,부산,,,none
L48B1|0016,봉황,부산김해경전철,부산,,,none
L48B1|0017,수로왕릉,부산김해경전철,부산,,,none
L48B1|0018,박물관,부산김해경전철,부산,,,none
L48B1|0019,연지공원,부산김해경전철,부산,,,none
L48B1|0020,장신대,부산김해경전철,부산,,,none
L48B1|0021,가야대,부산김해경전철,부산,,,none
I4101|0124,청량리(서울시립대입구),1호선,수도권,23733.03,23853.64,seoul_od_2026H1
I4101|0125,제기동,1호선,수도권,15942.55,16538.3,seoul_od_2026H1
I4101|0126,신설동,1호선,수도권,14138.24,13680.79,seoul_od_2026H1
I4101|0127,동묘앞,1호선,수도권,10963.84,11512.51,seoul_od_2026H1
I4101|0128,동대문,1호선,수도권,13510.42,13282.02,seoul_od_2026H1
I4101|0129,종로5가,1호선,수도권,23546.23,23184.28,seoul_od_2026H1
I4101|0130,종로3가,1호선,수도권,25565.44,23161.55,seoul_od_2026H1
I4101|0131,종각,1호선,수도권,38515.3,37548.2,seoul_od_2026H1
I4101|0132,시청,1호선,수도권,25667.85,26106.83,seoul_od_2026H1
I4101|0133,서울역,1호선,수도권,85801.64,76911.44,seoul_od_2026H1
S1102|0201,시청,2호선,수도권,25185.64,23397.92,seoul_od_2026H1
S1102|0202,을지로입구,2호선,수도권,50434.29,51687.89,seoul_od_2026H1
S1102|0203,을지로3가,2호선,수도권,24538.85,24996.78,seoul_od_2026H1
S1102|0204,을지로4가,2호선,수도권,14270.09,14071.25,seoul_od_2026H1
S1102|0205,동대문역사문화공원(DDP),2호선,수도권,15268.48,17667.72,seoul_od_2026H1
S1102|0206,신당,2호선,수도권,15048.53,15788.25,seoul_od_2026H1
S1102|0207,상왕십리,2호선,수도권,13966.68,13804.29,seoul_od_2026H1
S1102|0208,왕십리(성동구청),2호선,수도권,16284.54,14795.92,seoul_od_2026H1
S1102|0209,한양대,2호선,수도권,11839.71,13000.05,seoul_od_2026H1
S1102|0210,뚝섬,2호선,수도권,24579.13,25853.29,seoul_od_2026H1
S1102|0211,성수,2호선,수도권,54696.4,58703.37,seoul_od_2026H1
S1102|0212,건대입구,2호선,수도권,38454.73,40117.37,seoul_od_2026H1
S1102|0213,구의(광진구청),2호선,수도권,27510.44,27151.53,seoul_od_2026H1
S1102|0214,강변(동서울터미널),2호선,수도권,27188.49,25045.85,seoul_od_2026H1
S1102|0215,잠실나루,2호선,수도권,14730.41,14446.1,seoul_od_2026H1
S1102|0216,잠실(송파구청),2호선,수도권,80472.2,79121.68,seoul_od_2026H1
S1102|0217,잠실새내,2호선,수도권,23493.92,23118.47,seoul_od_2026H1
S1102|0218,종합운동장,2호선,수도권,14121.53,15791.41,seoul_od_2026H1
S1102|0219,삼성(무역센터),2호선,수도권,51474.13,50525.05,seoul_od_2026H1
S1102|0220,선릉,2호선,수도권,51770.52,45591.6,seoul_od_2026H1
S1102|0221,역삼,2호선,수도권,44673.39,50366.5,seoul_od_2026H1
S1102|0222,강남,2호선,수도권,77539.87,76184.5,seoul_od_2026H1
S1102|0223,교대(법원·검찰청),2호선,수도권,28402.51,34225.08,seoul_od_2026H1
S1102|0224,서초,2호선,수도권,21097.18,20494.8,seoul_od_2026H1
S1102|0225,방배,2호선,수도권,16468.61,16973.71,seoul_od_2026H1
S1102|0226,사당,2호선,수도권,41820.45,45687.26,seoul_od_2026H1
S1102|0227,낙성대(강감찬),2호선,수도권,27370.25,26782.99,seoul_od_2026H1
S1102|0228,서울대입구(관악구청),2호선,수도권,45920.68,44451.77,seoul_od_2026H1
S1102|0229,봉천,2호선,수도권,23649.43,22433.97,seoul_od_2026H1
S1102|0230,신림,2호선,수도권,54322.62,53591.88,seoul_od_2026H1
S1102|0231,신대방,2호선,수도권,24312.15,23484.84,seoul_od_2026H1
S1102|0232,구로디지털단지,2호선,수도권,54334.91,53876.23,seoul_od_2026H1
S1102|0233,대림(구로구청),2호선,수도권,24069.67,24790.19,seoul_od_2026H1
S1102|0234,신도림,2호선,수도권,47937.4,46280.74,seoul_od_2026H1
S1102|0235,문래,2호선,수도권,21797.4,22702.67,seoul_od_2026H1
S1102|0236,영등포구청,2호선,수도권,21923.8,22683.39,seoul_od_2026H1
S1102|0237,당산,2호선,수도권,18383.9,20665.54,seoul_od_2026H1
S1102|0238,합정,2호선,수도권,31803.02,34827.3,seoul_od_2026H1
S1102|0239,홍대입구,2호선,수도권,74269.25,79582.26,seoul_od_2026H1
S1102|0240,신촌(지하),2호선,수도권,38505.53,38811.49,seoul_od_2026H1
S1102|0241,이대,2호선,수도권,16975.93,18290.5,seoul_od_2026H1
S1102|0242,아현,2호선,수도권,10787.96,10273.95,seoul_od_2026H1
S1102|0243,충정로(경기대입구),2호선,수도권,9716.76,10449.45,seoul_od_2026H1
I1103|0319,지축,3호선,수도권,,,none
I1103|0320,구파발,3호선,수도권,21822.86,21301.82,seoul_od_2026H1
I1103|0321,연신내,3호선,수도권,36881.38,35276.37,seoul_od_2026H1
I1103|0322,불광,3호선,수도권,16108.47,17391.65,seoul_od_2026H1
I1103|0323,녹번,3호선,수도권,14659.79,13536.97,seoul_od_2026H1
I1103|0324,홍제,3호선,수도권,18089.97,17261.85,seoul_od_2026H1
I1103|0325,무악재,3호선,수도권,4144.61,4131.81,seoul_od_2026H1
I1103|0326,독립문,3호선,수도권,7973.86,8434.79,seoul_od_2026H1
I1103|0327,경복궁(정부서울청사),3호선,수도권,26197.93,26432.28,seoul_od_2026H1
I1103|0328,안국,3호선,수도권,26661.65,27933.15,seoul_od_2026H1
I1103|0329,종로3가,3호선,수도권,11208.12,12753.73,seoul_od_2026H1
I1103|0330,을지로3가,3호선,수도권,12655.63,12091.04,seoul_od_2026H1
I1103|0331,충무로,3호선,수도권,0.01,0.0,seoul_od_2026H1
I1103|0332,동대입구,3호선,수도권,11183.24,12594.08,seoul_od_2026H1
I1103|0333,약수,3호선,수도권,12403.32,12180.59,seoul_od_2026H1
I1103|0334,금호,3호선,수도권,7926.62,7457.18,seoul_od_2026H1
I1103|0335,옥수,3호선,수도권,9130.97,9386.48,seoul_od_2026H1
I1103|0336,압구정,3호선,수도권,29694.31,31803.51,seoul_od_2026H1
I1103|0337,신사,3호선,수도권,25442.97,26779.61,seoul_od_2026H1
I1103|0338,잠원,3호선,수도권,7111.12,6891.75,seoul_od_2026H1
I1103|0339,고속터미널,3호선,수도권,51475.2,49081.02,seoul_od_2026H1
I1103|0340,교대(법원·검찰청),3호선,수도권,15873.24,8982.23,seoul_od_2026H1
I1103|0341,남부터미널(예술의전당),3호선,수도권,30283.63,30559.72,seoul_od_2026H1
I1103|0342,양재(서초구청),3호선,수도권,35305.95,37350.04,seoul_od_2026H1
I1103|0343,매봉,3호선,수도권,12144.7,11769.01,seoul_od_2026H1
I1103|0344,도곡,3호선,수도권,5892.04,5869.49,seoul_od_2026H1
I1103|0345,대치,3호선,수도권,12419.37,12109.74,seoul_od_2026H1
I1103|0346,학여울,3호선,수도권,2449.11,2492.27,seoul_od_2026H1
I1103|0347,대청,3호선,수도권,10205.68,9609.58,seoul_od_2026H1
I1103|0348,일원,3호선,수도권,10750.31,10624.09,seoul_od_2026H1
I1103|0349,수서,3호선,수도권,18352.96,18098.02,seoul_od_2026H1
I1103|0350,가락시장,3호선,수도권,8865.08,8687.9,seoul_od_2026H1
I1103|0351,경찰병원,3호선,수도권,7177.88,7209.9,seoul_od_2026H1
I1103|0352,오금,3호선,수도권,6243.1,5729.26,seoul_od_2026H1
I1104|0409,불암산,4호선,수도권,9558.22,8430.54,seoul_od_2026H1
I1104|0410,상계,4호선,수도권,19170.35,18123.82,seoul_od_2026H1
I1104|0411,노원,4호선,수도권,20640.85,23241.91,seoul_od_2026H1
I1104|0412,창동,4호선,수도권,27239.98,28547.67,seoul_od_2026H1
I1104|0413,쌍문,4호선,수도권,28510.8,26567.78,seoul_od_2026H1
I1104|0414,수유(강북구청),4호선,수도권,33590.06,33967.63,seoul_od_2026H1
I1104|0415,미아(서울사이버대학),4호선,수도권,15799.63,15326.0,seoul_od_2026H1
I1104|0416,미아사거리,4호선,수도권,25645.01,25473.4,seoul_od_2026H1
I1104|0417,길음,4호선,수도권,21108.47,21025.13,seoul_od_2026H1
I1104|0418,성신여대입구(돈암),4호선,수도권,23036.85,22242.06,seoul_od_2026H1
I1104|0419,한성대입구(삼선교),4호선,수도권,14937.57,14635.78,seoul_od_2026H1
I1104|0420,혜화,4호선,수도권,37662.05,38056.14,seoul_od_2026H1
I1104|0421,동대문,4호선,수도권,19387.88,19972.61,seoul_od_2026H1
I1104|0422,동대문역사문화공원(DDP),4호선,수도권,20487.57,17933.18,seoul_od_2026H1
I1104|0423,충무로,4호선,수도권,30577.98,31570.02,seoul_od_2026H1
I1104|0424,명동,4호선,수도권,37903.85,40235.89,seoul_od_2026H1
I1104|0425,회현(남대문시장),4호선,수도권,27693.66,29355.08,seoul_od_2026H1
I1104|0426,서울역,4호선,수도권,12455.01,22378.95,seoul_od_2026H1
I1104|0427,숙대입구(갈월),4호선,수도권,15434.23,15247.69,seoul_od_2026H1
I1104|0428,삼각지(전쟁기념관),4호선,수도권,6683.21,8055.36,seoul_od_2026H1
I1104|0429,신용산,4호선,수도권,21814.4,23820.02,seoul_od_2026H1
I1104|0430,이촌(국립중앙박물관),4호선,수도권,11547.84,12321.93,seoul_od_2026H1
I1104|0431,동작(현충원),4호선,수도권,2164.11,2252.38,seoul_od_2026H1
I1104|0432,총신대입구(이수),4호선,수도권,19184.9,20805.72,seoul_od_2026H1
I1104|0433,사당,4호선,수도권,25876.19,23322.1,seoul_od_2026H1
I1104|0434,남태령,4호선,수도권,1432.24,1163.29,seoul_od_2026H1
S1105|0510,방화,5호선,수도권,6919.42,6755.05,seoul_od_2026H1
S1105|0511,개화산,5호선,수도권,5924.53,5735.19,seoul_od_2026H1
S1105|0512,김포공항,5호선,수도권,13527.5,8386.92,seoul_od_2026H1
S1105|0513,송정,5호선,수도권,6157.97,5968.02,seoul_od_2026H1
S1105|0514,마곡,5호선,수도권,15684.25,15731.73,seoul_od_2026H1
S1105|0515,발산,5호선,수도권,23087.62,23881.19,seoul_od_2026H1
S1105|0516,우장산,5호선,수도권,14633.48,14725.02,seoul_od_2026H1
S1105|0517,화곡,5호선,수도권,27833.55,26166.93,seoul_od_2026H1
S1105|0518,까치산,5호선,수도권,27027.17,26166.56,seoul_od_2026H1
S1105|0519,신정(은행정),5호선,수도권,13082.03,11023.99,seoul_od_2026H1
S1105|0520,목동,5호선,수도권,15839.48,17200.57,seoul_od_2026H1
S1105|0521,오목교(목동운동장앞),5호선,수도권,20773.35,22053.1,seoul_od_2026H1
S1105|0522,양평,5호선,수도권,7861.8,7713.44,seoul_od_2026H1
S1105|0523,영등포구청,5호선,수도권,4766.58,4718.92,seoul_od_2026H1
S1105|0524,영등포시장,5호선,수도권,11710.1,11785.48,seoul_od_2026H1
S1105|0525,신길,5호선,수도권,4887.49,5090.64,seoul_od_2026H1
S1105|0526,여의도,5호선,수도권,26702.99,28393.07,seoul_od_2026H1
S1105|0527,여의나루,5호선,수도권,14516.03,16085.15,seoul_od_2026H1
S1105|0528,마포,5호선,수도권,14056.92,14284.13,seoul_od_2026H1
S1105|0529,공덕,5호선,수도권,13691.16,14298.31,seoul_od_2026H1
S1105|0530,애오개,5호선,수도권,6520.71,6374.16,seoul_od_2026H1
S1105|0531,충정로(경기대입구),5호선,수도권,4632.79,4795.43,seoul_od_2026H1
S1105|0532,서대문,5호선,수도권,17551.72,17670.62,seoul_od_2026H1
S1105|0533,광화문(세종문화회관),5호선,수도권,32858.04,34663.61,seoul_od_2026H1
S1105|0534,종로3가(탑골공원),5호선,수도권,15667.32,16121.1,seoul_od_2026H1
S1105|0535,을지로4가,5호선,수도권,6476.14,6486.28,seoul_od_2026H1
S1105|0536,동대문역사문화공원(DDP),5호선,수도권,3057.1,3468.49,seoul_od_2026H1
S1105|0537,청구,5호선,수도권,3330.21,3165.25,seoul_od_2026H1
S1105|0538,신금호,5호선,수도권,6085.68,6524.46,seoul_od_2026H1
S1105|0539,행당,5호선,수도권,7727.61,6935.96,seoul_od_2026H1
S1105|0540,왕십리(성동구청),5호선,수도권,4661.5,5352.94,seoul_od_2026H1
S1105|0541,마장,5호선,수도권,5828.84,5566.32,seoul_od_2026H1
S1105|0542,답십리,5호선,수도권,15579.72,14119.27,seoul_od_2026H1
S1105|0543,장한평,5호선,수도권,19254.27,19098.36,seoul_od_2026H1
S1105|0544,군자(능동),5호선,수도권,12042.62,13493.72,seoul_od_2026H1
S1105|0545,아차산(어린이대공원후문),5호선,수도권,15129.3,14953.75,seoul_od_2026H1
S1105|0546,광나루(장신대),5호선,수도권,11191.87,10838.54,seoul_od_2026H1
S1105|0547,천호(풍납토성),5호선,수도권,20994.05,20318.54,seoul_od_2026H1
S1105|0548,강동,5호선,수도권,18158.61,17652.16,seoul_od_2026H1
S1105|0549,길동,5호선,수도권,8942.5,9176.33,seoul_od_2026H1
S1105|0550,굽은다리(강동구민회관앞),5호선,수도권,9680.79,9259.67,seoul_od_2026H1
S1105|0551,명일,5호선,수도권,8115.42,8113.4,seoul_od_2026H1
S1105|0552,고덕,5호선,수도권,10032.43,9907.93,seoul_od_2026H1
S1105|0553,상일동,5호선,수도권,14015.36,13546.4,seoul_od_2026H1
S1105|0554,강일,5호선,수도권,5983.75,5610.58,seoul_od_2026H1
S1105|0555,미사,5호선,수도권,18180.93,18441.47,seoul_od_2026H1
S1105|0556,하남풍산,5호선,수도권,4610.69,4576.24,seoul_od_2026H1
S1105|0557,하남시청(덕풍∙신장),5호선,수도권,8744.47,8310.04,seoul_od_2026H1
S1105|0558,하남검단산,5호선,수도권,6799.94,6462.43,seoul_od_2026H1
S1106|0610,응암,6호선,수도권,17507.62,17551.79,seoul_od_2026H1
S1106|0611,역촌,6호선,수도권,3774.92,4444.67,seoul_od_2026H1
S1106|0612,불광,6호선,수도권,4760.25,4373.78,seoul_od_2026H1
S1106|0613,독바위,6호선,수도권,2520.88,2722.83,seoul_od_2026H1
S1106|0614,연신내,6호선,수도권,0.0,0.0,seoul_od_2026H1
S1106|0615,구산,6호선,수도권,7952.89,6291.63,seoul_od_2026H1
S1106|0616,새절(신사),6호선,수도권,12470.74,11841.07,seoul_od_2026H1
S1106|0617,증산(명지대앞),6호선,수도권,9095.83,9106.32,seoul_od_2026H1
S1106|0618,디지털미디어시티,6호선,수도권,13813.84,14884.6,seoul_od_2026H1
S1106|0619,월드컵경기장(성산),6호선,수도권,4934.32,5101.96,seoul_od_2026H1
S1106|0620,마포구청,6호선,수도권,14250.13,13061.37,seoul_od_2026H1
S1106|0621,망원,6호선,수도권,16683.87,18012.16,seoul_od_2026H1
S1106|0622,합정,6호선,수도권,13768.0,13516.42,seoul_od_2026H1
S1106|0623,상수,6호선,수도권,10864.43,12014.65,seoul_od_2026H1
S1106|0624,광흥창(서강),6호선,수도권,9292.94,8852.94,seoul_od_2026H1
S1106|0625,대흥(서강대앞),6호선,수도권,9627.89,10111.29,seoul_od_2026H1
S1106|0626,공덕,6호선,수도권,18121.26,17905.23,seoul_od_2026H1
S1106|0627,효창공원앞,6호선,수도권,7616.73,7048.3,seoul_od_2026H1
S1106|0628,삼각지(전쟁기념관),6호선,수도권,7763.64,6955.25,seoul_od_2026H1
S1106|0629,녹사평(용산구청),6호선,수도권,5486.62,5754.55,seoul_od_2026H1
S1106|0630,이태원,6호선,수도권,12257.25,13683.3,seoul_od_2026H1
S1106|0631,한강진,6호선,수도권,9390.07,11426.31,seoul_od_2026H1
S1106|0632,버티고개,6호선,수도권,2180.25,2181.29,seoul_od_2026H1
S1106|0633,약수,6호선,수도권,3597.17,3536.78,seoul_od_2026H1
S1106|0634,청구,6호선,수도권,3684.24,3639.4,seoul_od_2026H1
S1106|0635,신당,6호선,수도권,8527.99,8623.23,seoul_od_2026H1
S1106|0636,동묘앞,6호선,수도권,10181.18,10430.97,seoul_od_2026H1
S1106|0637,창신,6호선,수도권,3507.49,2997.23,seoul_od_2026H1
S1106|0638,보문,6호선,수도권,8015.36,7648.96,seoul_od_2026H1
S1106|0639,안암(고대병원앞),6호선,수도권,13060.55,13165.96,seoul_od_2026H1
S1106|0640,고려대(종암),6호선,수도권,8807.05,8513.37,seoul_od_2026H1
S1106|0641,월곡(동덕여대),6호선,수도권,11682.93,11275.93,seoul_od_2026H1
S1106|0642,상월곡(한국과학기술연구원),6호선,수도권,6488.09,6017.89,seoul_od_2026H1
S1106|0643,돌곶이,6호선,수도권,11745.66,11054.43,seoul_od_2026H1
S1106|0644,석계,6호선,수도권,11990.86,12496.2,seoul_od_2026H1
S1106|0645,태릉입구,6호선,수도권,5956.95,6584.1,seoul_od_2026H1
S1106|0646,화랑대(서울여대입구),6호선,수도권,11098.52,9334.61,seoul_od_2026H1
S1106|0647,봉화산(서울의료원),6호선,수도권,8122.31,7656.47,seoul_od_2026H1
S1106|0648,신내,6호선,수도권,0.0,0.0,seoul_od_2026H1
S1107|0709,장암,7호선,수도권,2702.09,1200.85,seoul_od_2026H1
S1107|0710,도봉산,7호선,수도권,8624.59,10274.17,seoul_od_2026H1
S1107|0711,수락산,7호선,수도권,12337.5,12412.93,seoul_od_2026H1
S1107|0712,마들,7호선,수도권,12941.43,12300.98,seoul_od_2026H1
S1107|0713,노원,7호선,수도권,20074.3,21233.18,seoul_od_2026H1
S1107|0714,중계,7호선,수도권,14241.98,13303.97,seoul_od_2026H1
S1107|0715,하계,7호선,수도권,17468.28,16487.29,seoul_od_2026H1
S1107|0716,공릉(서울과학기술대),7호선,수도권,12563.83,12406.74,seoul_od_2026H1
S1107|0717,태릉입구,7호선,수도권,8895.67,8512.48,seoul_od_2026H1
S1107|0718,먹골,7호선,수도권,10133.96,10089.46,seoul_od_2026H1
S1107|0719,중화,7호선,수도권,10935.76,10869.26,seoul_od_2026H1
S1107|0720,상봉,7호선,수도권,17928.4,17501.28,seoul_od_2026H1
S1107|0721,면목,7호선,수도권,14516.04,14120.09,seoul_od_2026H1
S1107|0722,사가정,7호선,수도권,15745.62,15981.23,seoul_od_2026H1
S1107|0723,용마산(용마폭포공원),7호선,수도권,5644.21,5648.07,seoul_od_2026H1
S1107|0724,중곡,7호선,수도권,10571.08,10087.75,seoul_od_2026H1
S1107|0725,군자(능동),7호선,수도권,15196.28,12005.77,seoul_od_2026H1
S1107|0726,어린이대공원(세종대),7호선,수도권,16695.9,17061.66,seoul_od_2026H1
S1107|0727,건대입구,7호선,수도권,14395.59,14872.39,seoul_od_2026H1
S1107|0728,자양(뚝섬한강공원),7호선,수도권,10858.43,10642.89,seoul_od_2026H1
S1107|0729,청담,7호선,수도권,17321.53,18791.04,seoul_od_2026H1
S1107|0730,강남구청,7호선,수도권,15115.64,16929.41,seoul_od_2026H1
S1107|0731,학동,7호선,수도권,20923.91,21706.85,seoul_od_2026H1
S1107|0732,논현,7호선,수도권,17741.11,18674.98,seoul_od_2026H1
S1107|0733,반포,7호선,수도권,6730.08,6497.79,seoul_od_2026H1
S1107|0734,고속터미널,7호선,수도권,18285.94,15143.37,seoul_od_2026H1
S1107|0735,내방,7호선,수도권,14226.39,14317.15,seoul_od_2026H1
S1107|0736,이수,7호선,수도권,16803.49,16430.99,seoul_od_2026H1
S1107|0737,남성,7호선,수도권,10938.18,10575.54,seoul_od_2026H1
S1107|0738,숭실대입구(살피재),7호선,수도권,13797.76,13939.5,seoul_od_2026H1
S1107|0739,상도,7호선,수도권,12040.54,11856.49,seoul_od_2026H1
S1107|0740,장승배기,7호선,수도권,9400.36,9285.29,seoul_od_2026H1
S1107|0741,신대방삼거리,7호선,수도권,14645.84,14220.15,seoul_od_2026H1
S1107|0742,보라매,7호선,수도권,6532.5,6827.92,seoul_od_2026H1
S1107|0743,신풍,7호선,수도권,11624.12,11076.41,seoul_od_2026H1
S1107|0744,대림(구로구청),7호선,수도권,9303.34,9350.17,seoul_od_2026H1
S1107|0745,남구로,7호선,수도권,14214.71,14982.65,seoul_od_2026H1
S1107|0746,가산디지털단지,7호선,수도권,38596.77,38693.47,seoul_od_2026H1
S1107|0747,철산,7호선,수도권,21797.46,22340.22,seoul_od_2026H1
S1107|0748,광명사거리,7호선,수도권,22140.55,22024.93,seoul_od_2026H1
S1107|0749,천왕,7호선,수도권,11297.37,11059.5,seoul_od_2026H1
S1107|0750,온수(성공회대입구),7호선,수도권,9392.31,8730.68,seoul_od_2026H1
S1108|0809,암사역사공원,8호선,수도권,6844.46,6060.7,seoul_od_2026H1
S1108|0810,암사,8호선,수도권,15613.23,14594.42,seoul_od_2026H1
S1108|0811,천호(풍납토성),8호선,수도권,17943.62,20492.31,seoul_od_2026H1
S1108|0812,강동구청,8호선,수도권,10302.38,10577.05,seoul_od_2026H1
S1108|0813,몽촌토성(평화의문),8호선,수도권,8269.0,8582.31,seoul_od_2026H1
S1108|0814,잠실(송파구청),8호선,수도권,20171.2,23087.43,seoul_od_2026H1
S1108|0815,석촌,8호선,수도권,9024.68,10388.99,seoul_od_2026H1
S1108|0816,송파,8호선,수도권,9690.06,9606.6,seoul_od_2026H1
S1108|0817,가락시장,8호선,수도권,8250.59,9079.04,seoul_od_2026H1
S1108|0818,문정,8호선,수도권,21008.8,21980.33,seoul_od_2026H1
S1108|0819,장지,8호선,수도권,16707.71,15561.54,seoul_od_2026H1
S1108|0820,복정,8호선,수도권,9411.6,8149.93,seoul_od_2026H1
S1108|0821,남위례,8호선,수도권,7832.63,7784.46,seoul_od_2026H1
S1108|0822,산성,8호선,수도권,6096.75,6273.55,seoul_od_2026H1
S1108|0823,남한산성입구(성남법원·검찰청),8호선,수도권,12572.68,11461.28,seoul_od_2026H1
S1108|0824,단대오거리,8호선,수도권,11786.28,11344.81,seoul_od_2026H1
S1108|0825,신흥,8호선,수도권,5393.26,5536.61,seoul_od_2026H1
S1108|0826,수진,8호선,수도권,5459.68,5088.66,seoul_od_2026H1
S1108|0827,모란,8호선,수도권,5242.8,4218.45,seoul_od_2026H1
S1121|2111,용답,2호선,수도권,3067.9,3098.25,seoul_od_2026H1
S1121|2112,신답,2호선,수도권,1678.84,1860.9,seoul_od_2026H1
S1121|2113,용두(동대문구청),2호선,수도권,2256.02,2253.72,seoul_od_2026H1
S1121|2114,신설동,2호선,수도권,4007.92,3979.48,seoul_od_2026H1
S1122|2341,도림천,2호선,수도권,1328.89,1413.83,seoul_od_2026H1
S1122|2342,양천구청,2호선,수도권,6584.39,6959.03,seoul_od_2026H1
S1122|2343,신정네거리,2호선,수도권,9788.5,10102.25,seoul_od_2026H1
S1105|P549,둔촌동,5호선,수도권,13183.76,13094.35,seoul_od_2026H1
S1105|P550,올림픽공원(한국체대),5호선,수도권,5957.32,5518.11,seoul_od_2026H1
S1105|P551,방이,5호선,수도권,7553.73,7712.57,seoul_od_2026H1
S1105|P552,오금,5호선,수도권,3574.86,3623.13,seoul_od_2026H1
S1105|P553,개롱,5호선,수도권,6229.84,6453.28,seoul_od_2026H1
S1105|P554,거여,5호선,수도권,9728.56,9666.52,seoul_od_2026H1
S1105|P555,마천,5호선,수도권,7025.51,6374.66,seoul_od_2026H1
S1109|4126,언주,수도권  도시철도 9호선,수도권,10872.53,11103.63,seoul_od_2026H1
S1109|4127,선정릉,수도권  도시철도 9호선,수도권,9607.38,10444.75,seoul_od_2026H1
S1109|4128,삼성중앙,수도권  도시철도 9호선,수도권,7458.1,7727.84,seoul_od_2026H1
S1109|4129,봉은사,수도권  도시철도 9호선,수도권,22139.59,23689.95,seoul_od_2026H1
S1109|4130,종합운동장,수도권  도시철도 9호선,수도권,5431.4,5348.44,seoul_od_2026H1
S1109|4131,삼전,수도권  도시철도 9호선,수도권,8290.02,7891.32,seoul_od_2026H1
S1109|4132,석촌고분,수도권  도시철도 9호선,수도권,7370.67,7250.81,seoul_od_2026H1
S1109|4133,석촌,수도권  도시철도 9호선,수도권,9837.72,9088.98,seoul_od_2026H1
S1109|4134,송파나루,수도권  도시철도 9호선,수도권,5967.99,6385.91,seoul_od_2026H1
S1109|4135,한성백제,수도권  도시철도 9호선,수도권,3454.2,3077.84,seoul_od_2026H1
S1109|4136,올림픽공원(한국체대),수도권  도시철도 9호선,수도권,10749.47,11021.83,seoul_od_2026H1
S1109|4137,둔촌오륜,수도권  도시철도 9호선,수도권,4400.64,4350.75,seoul_od_2026H1
S1109|4138,중앙보훈병원,수도권  도시철도 9호선,수도권,12195.38,10680.64,seoul_od_2026H1
S1109|4101,개화,서울 도시철도 9호선,수도권,2360.53,1653.84,seoul_od_2026H1
S1109|4102,김포공항,서울 도시철도 9호선,수도권,5876.63,10847.53,seoul_od_2026H1
S1109|4103,공항시장,서울 도시철도 9호선,수도권,2721.15,2937.18,seoul_od_2026H1
S1109|4104,신방화,서울 도시철도 9호선,수도권,6749.36,6662.14,seoul_od_2026H1
S1109|4105,마곡나루(서울식물원),서울 도시철도 9호선,수도권,15059.81,14691.83,seoul_od_2026H1
S1109|4106,양천향교,서울 도시철도 9호선,수도권,10488.19,10785.86,seoul_od_2026H1
S1109|4107,가양,서울 도시철도 9호선,수도권,21259.78,20889.06,seoul_od_2026H1
S1109|4108,증미,서울 도시철도 9호선,수도권,7417.81,7230.97,seoul_od_2026H1
S1109|4109,등촌,서울 도시철도 9호선,수도권,12195.55,11906.71,seoul_od_2026H1
S1109|4110,염창,서울 도시철도 9호선,수도권,17571.79,16876.94,seoul_od_2026H1
S1109|4111,신목동,서울 도시철도 9호선,수도권,4440.42,4009.7,seoul_od_2026H1
S1109|4112,선유도,서울 도시철도 9호선,수도권,8717.57,8136.44,seoul_od_2026H1
S1109|4113,당산,서울 도시철도 9호선,수도권,18844.42,18419.93,seoul_od_2026H1
S1109|4114,국회의사당,서울 도시철도 9호선,수도권,16147.19,16397.42,seoul_od_2026H1
S1109|4115,여의도,서울 도시철도 9호선,수도권,28598.62,27612.94,seoul_od_2026H1
S1109|4116,샛강,서울 도시철도 9호선,수도권,6293.93,6232.96,seoul_od_2026H1
S1109|4117,노량진,서울 도시철도 9호선,수도권,26523.27,26394.64,seoul_od_2026H1
S1109|4118,노들,서울 도시철도 9호선,수도권,4809.57,4062.78,seoul_od_2026H1
S1109|4119,흑석(중앙대입구),서울 도시철도 9호선,수도권,9472.91,9642.53,seoul_od_2026H1
S1109|4120,동작(현충원),서울 도시철도 9호선,수도권,2250.82,2004.49,seoul_od_2026H1
S1109|4121,구반포,서울 도시철도 9호선,수도권,2274.2,2042.17,seoul_od_2026H1
S1109|4122,신반포,서울 도시철도 9호선,수도권,4824.03,4731.61,seoul_od_2026H1
S1109|4123,고속터미널,서울 도시철도 9호선,수도권,16064.71,22054.76,seoul_od_2026H1
S1109|4124,사평,서울 도시철도 9호선,수도권,4032.78,3925.6,seoul_od_2026H1
S1109|4125,신논현,서울 도시철도 9호선,수도권,30812.18,31690.52,seoul_od_2026H1
L11UI|S110,북한산우이,우이신설선,수도권,3225.57,3087.86,seoul_od_2026H1
L11UI|S111,솔밭공원,우이신설선,수도권,2589.85,2487.19,seoul_od_2026H1
L11UI|S112,4.19민주묘지,우이신설선,수도권,3683.27,3518.51,seoul_od_2026H1
L11UI|S113,가오리,우이신설선,수도권,4261.9,4264.41,seoul_od_2026H1
L11UI|S114,화계,우이신설선,수도권,3714.29,3519.98,seoul_od_2026H1
L11UI|S115,삼양,우이신설선,수도권,2462.7,2601.28,seoul_od_2026H1
L11UI|S116,삼양사거리,우이신설선,수도권,2751.18,2704.09,seoul_od_2026H1
L11UI|S117,솔샘,우이신설선,수도권,5699.47,5405.44,seoul_od_2026H1
L11UI|S118,북한산보국문,우이신설선,수도권,6283.35,5810.29,seoul_od_2026H1
L11UI|S119,정릉,우이신설선,수도권,4777.36,4279.1,seoul_od_2026H1
L11UI|S120,성신여대입구,우이신설선,수도권,3827.85,4197.77,seoul_od_2026H1
L11UI|S121,보문,우이신설선,수도권,1811.78,1808.35,seoul_od_2026H1
L11UI|S122,신설동,우이신설선,수도권,2457.71,2315.25,seoul_od_2026H1
L41U1|U110,발곡,의정부,수도권,596.53,650.23,seoul_od_2026H1
L41U1|U111,회룡,의정부,수도권,49.52,43.8,seoul_od_2026H1
L41U1|U112,범골,의정부,수도권,508.14,406.59,seoul_od_2026H1
L41U1|U113,경전철의정부,의정부,수도권,33.64,40.98,seoul_od_2026H1
L41U1|U114,의정부시청,의정부,수도권,225.71,235.09,seoul_od_2026H1
L41U1|U115,흥선,의정부,수도권,295.14,292.43,seoul_od_2026H1
L41U1|U117,의정부중앙,의정부,수도권,150.69,155.28,seoul_od_2026H1
L41U1|U118,동오,의정부,수도권,331.82,331.46,seoul_od_2026H1
L41U1|U119,새말,의정부,수도권,339.95,303.64,seoul_od_2026H1
L41U1|U120,경기도청북부청사,의정부,수도권,376.43,397.4,seoul_od_2026H1
L41U1|U121,효자,의정부,수도권,144.32,149.55,seoul_od_2026H1
L41U1|U122,곤제,의정부,수도권,152.37,144.53,seoul_od_2026H1
L41U1|U123,어룡,의정부,수도권,393.41,363.95,seoul_od_2026H1
L41U1|U124,송산,의정부,수도권,259.19,241.65,seoul_od_2026H1
L41U1|U125,탑석,의정부,수도권,124.94,112.79,seoul_od_2026H1
S28M1|101,인천국제공항역,자기부상철도,수도권,,,none
S28M1|102,장기주차장역,자기부상철도,수도권,,,none
S28M1|103,합동청사역,자기부상철도,수도권,,,none
S28M1|104,파라다이스시티역,자기부상철도,수도권,,,none
S28M1|105,워터파크역,자기부상철도,수도권,,,none
S28M1|106,용유역,자기부상철도,수도권,,,none
S2801|3107,검단호수공원,인천지하철 1호선,수도권,849.6,792.9,incheon_boarding_202601-04_partial
S2801|3108,신검단중앙,인천지하철 1호선,수도권,5361.8,5139.5,incheon_boarding_202601-04_partial
S2801|3109,"아라(북부법원, 검찰청)",인천지하철 1호선,수도권,10410.0,9939.5,incheon_boarding_202601-04_partial
S2801|3110,계양,인천지하철 1호선,수도권,2195.3,2717.6,incheon_boarding_202601-04_partial
S2801|3111,귤현,인천지하철 1호선,수도권,1019.1,1076.2,incheon_boarding_202601-04_partial
S2801|3112,박촌,인천지하철 1호선,수도권,3680.6,3362.5,incheon_boarding_202601-04_partial
S2801|3113,임학,인천지하철 1호선,수도권,7514.3,7376.6,incheon_boarding_202601-04_partial
S2801|3114,계산,인천지하철 1호선,수도권,9699.6,9566.7,incheon_boarding_202601-04_partial
S2801|3115,경인교대입구,인천지하철 1호선,수도권,5121.5,5152.8,incheon_boarding_202601-04_partial
S2801|3116,작전,인천지하철 1호선,수도권,13853.1,13489.6,incheon_boarding_202601-04_partial
S2801|3117,갈산,인천지하철 1호선,수도권,8068.0,7734.3,incheon_boarding_202601-04_partial
S2801|3118,부평구청,인천지하철 1호선,수도권,6122.4,6390.9,incheon_boarding_202601-04_partial
S2801|3119,부평시장,인천지하철 1호선,수도권,12387.7,12581.9,incheon_boarding_202601-04_partial
S2801|3120,부평,인천지하철 1호선,수도권,7042.9,7147.9,incheon_boarding_202601-04_partial
S2801|3121,동수,인천지하철 1호선,수도권,4734.5,4631.3,incheon_boarding_202601-04_partial
S2801|3122,부평삼거리,인천지하철 1호선,수도권,2554.2,2549.0,incheon_boarding_202601-04_partial
S2801|3123,간석오거리,인천지하철 1호선,수도권,10201.5,9541.0,incheon_boarding_202601-04_partial
S2801|3124,인천시청,인천지하철 1호선,수도권,5103.8,5025.9,incheon_boarding_202601-04_partial
S2801|3125,예술회관,인천지하철 1호선,수도권,11027.3,11471.3,incheon_boarding_202601-04_partial
S2801|3126,인천터미널,인천지하철 1호선,수도권,12867.1,13253.1,incheon_boarding_202601-04_partial
S2801|3127,문학경기장,인천지하철 1호선,수도권,2577.0,2679.4,incheon_boarding_202601-04_partial
S2801|3128,선학,인천지하철 1호선,수도권,5606.8,5619.6,incheon_boarding_202601-04_partial
S2801|3129,신연수,인천지하철 1호선,수도권,4891.7,4683.3,incheon_boarding_202601-04_partial
S2801|3130,원인재,인천지하철 1호선,수도권,2717.2,2400.0,incheon_boarding_202601-04_partial
S2801|3131,동춘,인천지하철 1호선,수도권,9042.0,9374.2,incheon_boarding_202601-04_partial
S2801|3132,동막,인천지하철 1호선,수도권,4783.1,4144.2,incheon_boarding_202601-04_partial
S2801|3133,캠퍼스타운,인천지하철 1호선,수도권,5491.0,5355.1,incheon_boarding_202601-04_partial
S2801|3134,테크노파크,인천지하철 1호선,수도권,10761.2,10790.3,incheon_boarding_202601-04_partial
S2801|3135,지식정보단지,인천지하철 1호선,수도권,4410.0,4646.1,incheon_boarding_202601-04_partial
S2801|3136,인천대입구,인천지하철 1호선,수도권,7886.5,7984.9,incheon_boarding_202601-04_partial
S2801|3137,센트럴파크,인천지하철 1호선,수도권,3676.3,3670.3,incheon_boarding_202601-04_partial
S2801|3138,국제업무지구,인천지하철 1호선,수도권,2929.6,2787.9,incheon_boarding_202601-04_partial
S2801|3139,송도달빛축제공원,인천지하철 1호선,수도권,4370.4,4337.0,incheon_boarding_202601-04_partial
S2802|3201,검단오류,인천지하철 2호선,수도권,2356.7,2336.0,incheon_boarding_202601-04_partial
S2802|3202,왕길,인천지하철 2호선,수도권,2191.7,2166.2,incheon_boarding_202601-04_partial
S2802|3203,검단사거리,인천지하철 2호선,수도권,7705.6,7086.0,incheon_boarding_202601-04_partial
S2802|3204,마전,인천지하철 2호선,수도권,3527.9,3811.1,incheon_boarding_202601-04_partial
S2802|3205,완정,인천지하철 2호선,수도권,6358.6,6074.6,incheon_boarding_202601-04_partial
S2802|3206,독정,인천지하철 2호선,수도권,4524.0,4482.6,incheon_boarding_202601-04_partial
S2802|3207,검암,인천지하철 2호선,수도권,4240.3,3715.2,incheon_boarding_202601-04_partial
S2802|3208,검바위,인천지하철 2호선,수도권,2691.6,2876.8,incheon_boarding_202601-04_partial
S2802|3209,아시아드경기장,인천지하철 2호선,수도권,4279.1,3860.1,incheon_boarding_202601-04_partial
S2802|3210,서구청,인천지하철 2호선,수도권,7741.9,7877.7,incheon_boarding_202601-04_partial
S2802|3211,가정(루원시티),인천지하철 2호선,수도권,10890.0,10468.6,incheon_boarding_202601-04_partial
S2802|3212,가정중앙시장,인천지하철 2호선,수도권,5724.0,5979.3,incheon_boarding_202601-04_partial
S2802|3213,석남(거북시장),인천지하철 2호선,수도권,2472.2,2672.2,incheon_boarding_202601-04_partial
S2802|3214,서부여성회관,인천지하철 2호선,수도권,3828.4,3700.8,incheon_boarding_202601-04_partial
S2802|3215,인천가좌,인천지하철 2호선,수도권,3850.2,3764.9,incheon_boarding_202601-04_partial
S2802|3216,가재울,인천지하철 2호선,수도권,3676.5,3531.1,incheon_boarding_202601-04_partial
S2802|3217,주안국가산단,인천지하철 2호선,수도권,2167.9,2243.6,incheon_boarding_202601-04_partial
S2802|3218,주안,인천지하철 2호선,수도권,6249.1,8356.7,incheon_boarding_202601-04_partial
S2802|3219,시민공원,인천지하철 2호선,수도권,9988.4,9598.6,incheon_boarding_202601-04_partial
S2802|3220,석바위시장,인천지하철 2호선,수도권,4815.2,5064.4,incheon_boarding_202601-04_partial
S2802|3221,인천시청,인천지하철 2호선,수도권,3088.2,3340.2,incheon_boarding_202601-04_partial
S2802|3222,석천사거리,인천지하철 2호선,수도권,4611.5,4246.2,incheon_boarding_202601-04_partial
S2802|3223,모래내시장,인천지하철 2호선,수도권,7767.0,8188.4,incheon_boarding_202601-04_partial
S2802|3224,만수,인천지하철 2호선,수도권,4748.9,4388.8,incheon_boarding_202601-04_partial
S2802|3225,남동구청,인천지하철 2호선,수도권,4133.0,3838.8,incheon_boarding_202601-04_partial
S2802|3226,인천대공원,인천지하철 2호선,수도권,3088.8,3043.7,incheon_boarding_202601-04_partial
S2802|3227,운연,인천지하철 2호선,수도권,1182.8,1083.2,incheon_boarding_202601-04_partial
S1107|3753,까치울,도시철도 7호선,수도권,3278.62,3196.92,seoul_od_2026H1
S1107|3754,부천종합운동장,도시철도 7호선,수도권,1299.85,1357.64,seoul_od_2026H1
S1107|3755,춘의,도시철도 7호선,수도권,4284.69,4161.27,seoul_od_2026H1
S1107|3756,신중동,도시철도 7호선,수도권,6906.1,6910.17,seoul_od_2026H1
S1107|3757,부천시청,도시철도 7호선,수도권,5909.9,6003.48,seoul_od_2026H1
S1107|3758,상동,도시철도 7호선,수도권,5297.15,5524.22,seoul_od_2026H1
S1107|3759,삼산체육관,도시철도 7호선,수도권,2677.36,2305.23,seoul_od_2026H1
S1107|3760,굴포천,도시철도 7호선,수도권,3576.28,3587.79,seoul_od_2026H1
S1107|3761,부평구청,도시철도 7호선,수도권,2755.61,2377.21,seoul_od_2026H1
S1107|3762,산곡,도시철도 7호선,수도권,4357.15,3801.11,seoul_od_2026H1
S1107|3763,석남(거북시장),도시철도 7호선,수도권,2758.73,2331.71,seoul_od_2026H1
I4101|1002,남영역,경부선,수도권,5509.39,6133.34,seoul_od_2026H1
I4101|1003,용산역,경부선,수도권,27010.77,28266.43,seoul_od_2026H1
I4102|1003,용산역,경원선,수도권,,,none
I4101|1004,노량진역,경부선,수도권,5870.09,6248.98,seoul_od_2026H1
I4101|1005,대방역,경부선,수도권,5995.53,7127.02,seoul_od_2026H1
I4101|1006,영등포역,경부선,수도권,21227.17,21978.37,seoul_od_2026H1
I4101|1007,신도림역,경부선,수도권,1562.55,1602.7,seoul_od_2026H1
I4102|1008,이촌역,경원선,수도권,2602.14,1943.79,seoul_od_2026H1
I4102|1009,서빙고역,경원선,수도권,1369.91,1301.57,seoul_od_2026H1
I4102|1010,한남역,경원선,수도권,1637.07,1745.42,seoul_od_2026H1
I4102|1011,옥수역,경원선,수도권,45.93,33.81,seoul_od_2026H1
I4102|1012,응봉역,경원선,수도권,1087.42,947.76,seoul_od_2026H1
I4102|1013,왕십리역,경원선,수도권,10065.31,10261.41,seoul_od_2026H1
I4105|1013,왕십리역,분당선,수도권,,,none
I4102|1014,청량리역,경원선,수도권,10543.38,11026.29,seoul_od_2026H1
I4108|1014,청량리역,경의중앙선,수도권,,,none
I4102|1015,회기역,경원선,수도권,,,none
I4108|1015,회기역,경의중앙선,수도권,18835.64,18372.88,seoul_od_2026H1
I4102|1016,외대앞역,경원선,수도권,8685.54,8582.47,seoul_od_2026H1
I4102|1017,신이문역,경원선,수도권,5947.08,5365.32,seoul_od_2026H1
I4102|1018,석계역,경원선,수도권,5018.11,5584.53,seoul_od_2026H1
I4102|1019,광운대역,경원선,수도권,5785.75,5448.38,seoul_od_2026H1
I4108|1019,광운대역,경의중앙선,수도권,,,none
I4102|1020,월계역,경원선,수도권,4342.43,3923.53,seoul_od_2026H1
I4102|1021,녹천역,경원선,수도권,2834.03,2369.13,seoul_od_2026H1
I4102|1022,창동역,경원선,수도권,,,none
I4105|1023,선릉역,분당선,수도권,6488.85,10061.45,seoul_od_2026H1
I4105|1024,한티역,분당선,수도권,10840.69,11593.27,seoul_od_2026H1
I4105|1025,도곡역,분당선,수도권,5108.47,5422.63,seoul_od_2026H1
I4105|1026,구룡역,분당선,수도권,2336.47,2293.36,seoul_od_2026H1
I4105|1027,개포동역,분당선,수도권,2811.13,2929.88,seoul_od_2026H1
I4105|1028,대모산입구역,분당선,수도권,3370.13,3252.9,seoul_od_2026H1
I4105|1030,수서역,분당선,수도권,10874.16,12013.21,seoul_od_2026H1
I4105|1031,복정역,분당선,수도권,0.0,0.0,seoul_od_2026H1
I4101|1032,신길역,경부선,수도권,5554.77,4774.71,seoul_od_2026H1
I4108|1201,중랑역,경의중앙선,수도권,3074.53,2888.59,seoul_od_2026H1
I4108|1202,상봉역,경의중앙선,수도권,3404.8,3446.89,seoul_od_2026H1
I4108|1203,망우역,경의중앙선,수도권,3690.16,3504.34,seoul_od_2026H1
I41K2|1203,망우역,경춘선,수도권,,,none
I4108|1204,양원역,경의중앙선,수도권,1743.57,1716.93,seoul_od_2026H1
I4108|1205,구리역,경의중앙선,수도권,3519.46,3771.19,seoul_od_2026H1
I4108|1206,도농역,경의중앙선,수도권,5244.95,4785.62,seoul_od_2026H1
I4108|1207,양정역,경의중앙선,수도권,205.22,183.67,seoul_od_2026H1
I4108|1208,덕소역,경의중앙선,수도권,2546.79,2511.32,seoul_od_2026H1
I4108|1209,도심역,경의중앙선,수도권,1331.86,944.2,seoul_od_2026H1
I4108|1210,팔당역,경의중앙선,수도권,162.79,167.38,seoul_od_2026H1
I4108|1211,운길산역,경의중앙선,수도권,286.31,278.83,seoul_od_2026H1
I4108|1212,양수역,경의중앙선,수도권,719.62,665.95,seoul_od_2026H1
I4108|1213,신원역,경의중앙선,수도권,62.78,52.81,seoul_od_2026H1
I4108|1214,국수역,경의중앙선,수도권,241.64,224.84,seoul_od_2026H1
I4108|1215,아신역,경의중앙선,수도권,215.77,201.14,seoul_od_2026H1
I4108|1216,오빈역,경의중앙선,수도권,127.7,119.85,seoul_od_2026H1
I4108|1217,양평역,경의중앙선,수도권,1063.52,1073.55,seoul_od_2026H1
I4108|1218,원덕역,경의중앙선,수도권,144.1,136.55,seoul_od_2026H1
I4108|1219,용문역,경의중앙선,수도권,734.26,725.47,seoul_od_2026H1
I4108|1220,지평역,경의중앙선,수도권,15.1,15.8,seoul_od_2026H1
I4108|1251,서울역(경의선),경의중앙선,수도권,1256.76,1833.73,seoul_od_2026H1
I4108|1252,신촌역,경의중앙선,수도권,171.24,249.44,seoul_od_2026H1
I4108|1261,효창공원앞역,경의중앙선,수도권,2024.55,2279.0,seoul_od_2026H1
I4108|1262,공덕역,경의중앙선,수도권,2091.91,1034.02,seoul_od_2026H1
I4108|1263,서강대역,경의중앙선,수도권,725.31,714.17,seoul_od_2026H1
I4108|1264,홍대입구역,경의중앙선,수도권,486.44,669.68,seoul_od_2026H1
I4108|1265,가좌역,경의중앙선,수도권,3437.41,3313.44,seoul_od_2026H1
I4108|1266,디지털미디어시티역,경의중앙선,수도권,1675.56,1591.45,seoul_od_2026H1
I4108|1267,수색역,경의중앙선,수도권,1341.06,1318.45,seoul_od_2026H1
I4108|1268,한국항공대,경의중앙선,수도권,1238.0,1107.68,seoul_od_2026H1
I4108|1269,강매역,경의중앙선,수도권,1809.34,1483.62,seoul_od_2026H1
I4108|1270,행신역,경의중앙선,수도권,3506.7,3427.32,seoul_od_2026H1
I4108|1271,능곡역,경의중앙선,수도권,2009.25,1897.35,seoul_od_2026H1
I41WS|1271,능곡역,서해선,수도권,,,none
I4108|1272,곡산역,경의중앙선,수도권,192.2,207.44,seoul_od_2026H1
I41WS|1272,곡산역,서해선,수도권,,,none
I4108|1273,백마역,경의중앙선,수도권,3382.1,3272.13,seoul_od_2026H1
I41WS|1273,백마역,서해선,수도권,,,none
I4108|1274,풍산역,경의중앙선,수도권,2783.36,2614.24,seoul_od_2026H1
I41WS|1274,풍산역,서해선,수도권,,,none
I4108|1275,일산역,경의중앙선,수도권,4131.81,4011.81,seoul_od_2026H1
I41WS|1275,일산역,서해선,수도권,,,none
I4108|1276,탄현역,경의중앙선,수도권,3192.47,2992.28,seoul_od_2026H1
I4108|1277,야당역,경의중앙선,수도권,2273.22,2209.43,seoul_od_2026H1
I4108|1278,운정역,경의중앙선,수도권,2361.67,2091.06,seoul_od_2026H1
I4108|1279,금릉역,경의중앙선,수도권,1369.92,1245.68,seoul_od_2026H1
I4108|1280,금촌역,경의중앙선,수도권,1714.5,1609.42,seoul_od_2026H1
I4108|1282,월롱역,경의중앙선,수도권,391.23,370.01,seoul_od_2026H1
I4108|1283,파주역,경의중앙선,수도권,312.39,272.09,seoul_od_2026H1
I4108|1284,문산역,경의중앙선,수도권,1590.28,1516.18,seoul_od_2026H1
I4108|1285,임진강역,경의중앙선,수도권,7.59,4.18,seoul_od_2026H1
I4108|1286,운천역,경의중앙선,수도권,1.29,0.49,seoul_od_2026H1
I41K2|1311,신내역,경춘선,수도권,1985.58,1906.55,seoul_od_2026H1
I41K2|1312,갈매역,경춘선,수도권,1457.0,1237.41,seoul_od_2026H1
I41K2|1313,별내역,경춘선,수도권,844.14,708.52,seoul_od_2026H1
I41K2|1314,퇴계원역,경춘선,수도권,1544.04,1360.08,seoul_od_2026H1
I41K2|1315,사릉역,경춘선,수도권,881.12,828.58,seoul_od_2026H1
I41K2|1316,금곡역,경춘선,수도권,546.01,503.36,seoul_od_2026H1
I41K2|1317,평내호평역,경춘선,수도권,2760.52,2536.37,seoul_od_2026H1
I41K2|1318,천마산역,경춘선,수도권,620.57,536.0,seoul_od_2026H1
I41K2|1319,마석역,경춘선,수도권,1533.31,1380.22,seoul_od_2026H1
I41K2|1320,대성리역,경춘선,수도권,375.87,383.48,seoul_od_2026H1
I41K2|1321,청평역,경춘선,수도권,609.15,541.96,seoul_od_2026H1
I41K2|1322,상천역,경춘선,수도권,100.73,95.08,seoul_od_2026H1
I41K2|1323,가평역,경춘선,수도권,657.52,615.16,seoul_od_2026H1
I41K2|1324,굴봉산역,경춘선,수도권,37.65,40.63,seoul_od_2026H1
I41K2|1325,백양리역,경춘선,수도권,54.86,45.33,seoul_od_2026H1
I41K2|1326,강촌역,경춘선,수도권,137.0,131.34,seoul_od_2026H1
I41K2|1327,김유정역,경춘선,수도권,131.46,132.98,seoul_od_2026H1
I41K2|1328,남춘천역,경춘선,수도권,1172.12,1157.79,seoul_od_2026H1
I41K2|1329,춘천역,경춘선,수도권,666.46,529.03,seoul_od_2026H1
I4401|1401,봉명역,장항선,수도권,60.17,51.88,seoul_od_2026H1
I4401|1402,쌍용(나사렛대)역,장항선,수도권,198.26,162.55,seoul_od_2026H1
I4401|1403,아산역,장항선,수도권,149.15,111.97,seoul_od_2026H1
I4401|1404,탕정역,장항선,수도권,102.25,79.85,seoul_od_2026H1
I4401|1405,배방역,장항선,수도권,93.5,81.04,seoul_od_2026H1
I4401|1407,온양온천역,장항선,수도권,428.8,391.25,seoul_od_2026H1
I4401|1408,신창(순천향대)역,장항선,수도권,131.98,104.05,seoul_od_2026H1
I4103|1450,선바위역,안산과천선,수도권,5769.51,5030.73,seoul_od_2026H1
I4103|1451,경마공원역,안산과천선,수도권,3144.35,3135.91,seoul_od_2026H1
I4103|1452,대공원역,안산과천선,수도권,2632.34,2653.1,seoul_od_2026H1
I4103|1453,과천역,안산과천선,수도권,3120.49,2842.16,seoul_od_2026H1
I4103|1454,정부과천청사역,안산과천선,수도권,6872.66,6985.25,seoul_od_2026H1
I4103|1455,인덕원역,안산과천선,수도권,14385.17,14827.72,seoul_od_2026H1
I4103|1456,평촌역,안산과천선,수도권,8267.67,7456.75,seoul_od_2026H1
I4103|1457,범계역,안산과천선,수도권,12845.29,12625.04,seoul_od_2026H1
I41K5|1501,판교역,경강선,수도권,1150.24,1210.37,seoul_od_2026H1
I41K5|1502,이매역,경강선,수도권,186.8,145.21,seoul_od_2026H1
I41K5|1503,삼동역,경강선,수도권,730.1,691.58,seoul_od_2026H1
I41K5|1504,경기광주역,경강선,수도권,2806.76,2646.68,seoul_od_2026H1
I41K5|1505,초월역,경강선,수도권,1335.77,1221.53,seoul_od_2026H1
I41K5|1506,곤지암역,경강선,수도권,746.74,745.51,seoul_od_2026H1
I41K5|1507,신둔도예촌역,경강선,수도권,605.5,542.49,seoul_od_2026H1
I41K5|1508,이천역,경강선,수도권,956.89,1017.08,seoul_od_2026H1
I41K5|1509,부발역,경강선,수도권,874.08,860.89,seoul_od_2026H1
I41K5|1510,세종대왕릉역,경강선,수도권,125.73,122.57,seoul_od_2026H1
I41K5|1511,여주역,경강선,수도권,1195.27,1156.51,seoul_od_2026H1
I41K5|1512,성남역,경강선,수도권,856.66,732.11,seoul_od_2026H1
I4101|1701,구로역,경부선,수도권,8224.04,8263.44,seoul_od_2026H1
I4101|1702,가산디지털단지역,경부선,수도권,7003.41,9163.5,seoul_od_2026H1
I4101|1703,금천구청역,경부선,수도권,5621.01,5822.01,seoul_od_2026H1
I4101|1704,석수역,경부선,수도권,3963.35,3573.56,seoul_od_2026H1
I4101|1705,관악역,경부선,수도권,3089.23,2952.18,seoul_od_2026H1
I4101|1706,안양역,경부선,수도권,9296.43,9025.63,seoul_od_2026H1
I4101|1707,명학역,경부선,수도권,2768.67,2568.02,seoul_od_2026H1
I4101|1708,금정역,경부선,수도권,10962.69,11051.18,seoul_od_2026H1
I4103|1708,금정역,안산과천선,수도권,0.0,0.0,seoul_od_2026H1
I4101|1709,군포역,경부선,수도권,1727.5,1560.89,seoul_od_2026H1
I4101|1710,의왕역,경부선,수도권,2020.64,1929.3,seoul_od_2026H1
I4101|1711,성균관대역,경부선,수도권,3986.51,3805.01,seoul_od_2026H1
I4101|1712,화서역,경부선,수도권,2510.9,2364.65,seoul_od_2026H1
I4101|1713,수원역,경부선,수도권,6282.27,6728.27,seoul_od_2026H1
I4101|1714,독산역,경부선,수도권,8093.95,8296.28,seoul_od_2026H1
I4101|1715,세류역,경부선,수도권,849.55,676.96,seoul_od_2026H1
I4101|1716,병점역,경부선,수도권,3116.88,3053.77,seoul_od_2026H1
I4101|1717,세마역,경부선,수도권,426.53,392.02,seoul_od_2026H1
I4101|1718,오산대역,경부선,수도권,464.53,418.65,seoul_od_2026H1
I4101|1719,오산역,경부선,수도권,1634.96,1563.04,seoul_od_2026H1
I4101|1720,진위역,경부선,수도권,171.98,150.71,seoul_od_2026H1
I4101|1721,송탄역,경부선,수도권,563.15,496.42,seoul_od_2026H1
I4101|1722,서정리역,경부선,수도권,1250.24,1150.24,seoul_od_2026H1
I4101|1723,평택지제역,경부선,수도권,376.48,333.17,seoul_od_2026H1
I4101|1724,평택역,경부선,수도권,1607.03,1526.75,seoul_od_2026H1
I4101|1725,성환역,경부선,수도권,456.56,415.49,seoul_od_2026H1
I4101|1726,직산역,경부선,수도권,80.62,75.89,seoul_od_2026H1
I4101|1727,두정역,경부선,수도권,882.76,845.18,seoul_od_2026H1
I4401|1728,천안역,경부선,수도권,901.98,828.87,seoul_od_2026H1
I4101|1729,당정역,경부선,수도권,1749.79,1563.19,seoul_od_2026H1
I4101|1749,서동탄역,경부선,수도권,362.23,269.01,seoul_od_2026H1
I4101|1750,광명역,경부선,수도권,1764.64,1392.4,seoul_od_2026H1
I4103|1751,산본역,안산과천선,수도권,5159.28,5388.76,seoul_od_2026H1
I4103|1752,대야미역,안산과천선,수도권,1211.32,1006.23,seoul_od_2026H1
I4103|1753,반월역,안산과천선,수도권,1032.83,954.78,seoul_od_2026H1
I4103|1754,상록수역,안산과천선,수도권,4672.25,4739.38,seoul_od_2026H1
I28K1|1755,한대앞역,수인선,수도권,,,none
I4103|1755,한대앞역,안산과천선,수도권,2515.38,2360.02,seoul_od_2026H1
I28K1|1756,중앙역,수인선,수도권,,,none
I4103|1756,중앙역,안산과천선,수도권,4740.34,4731.61,seoul_od_2026H1
I28K1|1757,고잔역,수인선,수도권,,,none
I4103|1757,고잔역,안산과천선,수도권,2352.63,2065.53,seoul_od_2026H1
I28K1|1758,초지역,수인선,수도권,,,none
I4103|1758,초지역,안산과천선,수도권,1316.89,1232.43,seoul_od_2026H1
I28K1|1759,안산역,수인선,수도권,,,none
I4103|1759,안산역,안산과천선,수도권,2071.13,1952.37,seoul_od_2026H1
I28K1|1760,능길역,수인선,수도권,,,none
I4103|1760,능길역,안산과천선,수도권,455.33,401.39,seoul_od_2026H1
I28K1|1761,정왕역,수인선,수도권,,,none
I4103|1761,정왕역,안산과천선,수도권,1699.7,1634.94,seoul_od_2026H1
I28K1|1762,오이도역,수인선,수도권,,,none
I4103|1762,오이도역,안산과천선,수도권,1329.58,1219.77,seoul_od_2026H1
I4103|1763,수리산역,안산과천선,수도권,1392.27,1065.66,seoul_od_2026H1
I1101|1801,개봉역,경인선,수도권,13883.52,13985.12,seoul_od_2026H1
I1101|1802,오류동역,경인선,수도권,6359.53,5821.51,seoul_od_2026H1
I1101|1803,역곡역,경인선,수도권,12143.22,11793.18,seoul_od_2026H1
I1101|1804,부천역,경인선,수도권,12330.77,12129.8,seoul_od_2026H1
I1101|1805,송내역,경인선,수도권,9662.64,9223.04,seoul_od_2026H1
I1101|1806,부평역,경인선,수도권,9117.65,8944.09,seoul_od_2026H1
I1101|1807,백운역,경인선,수도권,2111.31,1967.18,seoul_od_2026H1
I1101|1808,동암역,경인선,수도권,5234.02,4956.92,seoul_od_2026H1
I1101|1809,주안역,경인선,수도권,6486.75,5742.31,seoul_od_2026H1
I1101|1810,제물포역,경인선,수도권,3171.07,2820.71,seoul_od_2026H1
I1101|1811,동인천역,경인선,수도권,3420.77,2989.38,seoul_od_2026H1
I1101|1812,인천역,경인선,수도권,604.07,533.36,seoul_od_2026H1
I1101|1813,구일역,경인선,수도권,4288.41,4298.12,seoul_od_2026H1
I1101|1815,부개역,경인선,수도권,2812.54,2487.96,seoul_od_2026H1
I1101|1816,간석역,경인선,수도권,1569.46,1405.47,seoul_od_2026H1
I1101|1817,도원역,경인선,수도권,534.77,510.51,seoul_od_2026H1
I1101|1821,온수역,경인선,수도권,3606.84,3403.6,seoul_od_2026H1
I1101|1822,중동역,경인선,수도권,3671.36,3277.97,seoul_od_2026H1
I1101|1823,도화역,경인선,수도권,836.85,709.32,seoul_od_2026H1
I4105|1846,수원역(분당),분당선,수도권,492.1,435.74,seoul_od_2026H1
I4105|1847,서울숲역,분당선,수도권,7929.78,8195.29,seoul_od_2026H1
I4105|1848,압구정로데오역,분당선,수도권,12499.93,13810.51,seoul_od_2026H1
I4105|1849,강남구청역,분당선,수도권,5594.63,6712.66,seoul_od_2026H1
I4105|1850,선정릉역,분당선,수도권,3987.23,4299.84,seoul_od_2026H1
I4105|1851,가천대역,분당선,수도권,5441.9,5805.14,seoul_od_2026H1
I4105|1852,태평역,분당선,수도권,5408.85,5225.26,seoul_od_2026H1
I4105|1853,모란역,분당선,수도권,6704.51,7503.18,seoul_od_2026H1
I4105|1854,야탑역,분당선,수도권,9576.92,10103.23,seoul_od_2026H1
I4105|1855,서현역,분당선,수도권,6778.66,7371.68,seoul_od_2026H1
I4105|1856,수내역,분당선,수도권,3808.76,3982.4,seoul_od_2026H1
I4105|1857,정자역,분당선,수도권,7522.0,8147.99,seoul_od_2026H1
I4105|1858,미금역,분당선,수도권,2782.87,3132.53,seoul_od_2026H1
I4105|1859,오리역,분당선,수도권,3176.54,2892.71,seoul_od_2026H1
I4105|1860,이매역,분당선,수도권,1678.15,1645.34,seoul_od_2026H1
I4105|1861,보정역,분당선,수도권,754.18,641.62,seoul_od_2026H1
I4105|1862,죽전역,분당선,수도권,3392.05,4122.18,seoul_od_2026H1
I4105|1863,구성역,분당선,수도권,3571.83,3556.05,seoul_od_2026H1
I4105|1864,신갈역,분당선,수도권,1309.99,1277.99,seoul_od_2026H1
I4105|1865,기흥역,분당선,수도권,1936.29,1912.54,seoul_od_2026H1
I4105|1866,상갈역,분당선,수도권,926.66,870.82,seoul_od_2026H1
I4105|1867,청명역,분당선,수도권,667.12,656.97,seoul_od_2026H1
I4105|1868,영통역,분당선,수도권,911.47,1016.74,seoul_od_2026H1
I4105|1869,망포역,분당선,수도권,2130.45,2135.32,seoul_od_2026H1
I4105|1870,매탄권선역,분당선,수도권,754.05,748.22,seoul_od_2026H1
I4105|1871,수원시청역,분당선,수도권,1504.84,1631.69,seoul_od_2026H1
I4105|1872,매교역,분당선,수도권,665.87,633.62,seoul_od_2026H1
I28K1|1873,고색역,수인선,수도권,559.91,460.23,seoul_od_2026H1
I28K1|1874,오목천역,수인선,수도권,302.01,232.72,seoul_od_2026H1
I28K1|1875,어천역,수인선,수도권,105.25,93.12,seoul_od_2026H1
I28K1|1876,야목역,수인선,수도권,67.51,49.78,seoul_od_2026H1
I28K1|1877,사리역,수인선,수도권,489.46,321.02,seoul_od_2026H1
I28K1|1878,달월역,수인선,수도권,6.5,3.85,seoul_od_2026H1
I28K1|1879,월곶역,수인선,수도권,132.23,112.1,seoul_od_2026H1
I28K1|1880,소래포구역,수인선,수도권,479.12,436.67,seoul_od_2026H1
I28K1|1881,인천논현역,수인선,수도권,259.76,270.36,seoul_od_2026H1
I28K1|1882,호구포역,수인선,수도권,193.71,179.89,seoul_od_2026H1
I28K1|1883,남동인더스파크역,수인선,수도권,50.08,52.03,seoul_od_2026H1
I28K1|1884,원인재역,수인선,수도권,330.02,353.82,seoul_od_2026H1
I28K1|1885,연수역,수인선,수도권,225.36,194.71,seoul_od_2026H1
I28K1|1886,송도역,수인선,수도권,178.73,142.28,seoul_od_2026H1
I28K1|1888,인하대역,수인선,수도권,304.24,216.91,seoul_od_2026H1
I28K1|1889,숭의역,수인선,수도권,149.12,117.06,seoul_od_2026H1
I28K1|1890,신포역,수인선,수도권,27.67,22.79,seoul_od_2026H1
I28K1|1891,인천역,수인선,수도권,106.16,133.63,seoul_od_2026H1
I4102|1901,방학역,경원선,수도권,5837.46,5689.79,seoul_od_2026H1
I4102|1902,도봉역,경원선,수도권,3532.61,3346.29,seoul_od_2026H1
I4102|1903,도봉산역,경원선,수도권,5191.67,2876.76,seoul_od_2026H1
I4102|1904,망월사역,경원선,수도권,4578.96,4563.87,seoul_od_2026H1
I4102|1905,회룡역,경원선,수도권,7835.75,7597.6,seoul_od_2026H1
I4102|1906,의정부역,경원선,수도권,9615.36,9781.69,seoul_od_2026H1
I4102|1907,가능역,경원선,수도권,3116.06,2931.52,seoul_od_2026H1
I4102|1908,녹양역,경원선,수도권,2073.58,1934.37,seoul_od_2026H1
I4102|1909,양주역,경원선,수도권,3942.92,3701.02,seoul_od_2026H1
I4102|1910,덕계역,경원선,수도권,3213.81,2932.07,seoul_od_2026H1
I4102|1911,덕정역,경원선,수도권,2845.01,2539.62,seoul_od_2026H1
I4102|1912,지행역,경원선,수도권,2374.37,2322.89,seoul_od_2026H1
I4102|1913,동두천중앙역,경원선,수도권,1035.25,921.06,seoul_od_2026H1
I4102|1914,보산역,경원선,수도권,466.05,428.48,seoul_od_2026H1
I4102|1915,동두천역,경원선,수도권,627.97,641.97,seoul_od_2026H1
I4102|1916,소요산역,경원선,수도권,583.01,564.46,seoul_od_2026H1
I4102|1917,청산역,경원선,수도권,48.21,35.73,seoul_od_2026H1
I4102|1918,전곡역,경원선,수도권,407.08,337.29,seoul_od_2026H1
I4102|1919,연천역,경원선,수도권,360.68,296.35,seoul_od_2026H1
I4106|1948,원흥역,일산선,수도권,6747.96,6320.98,seoul_od_2026H1
I4106|1949,지축역,일산선,수도권,7327.25,7442.3,seoul_od_2026H1
I4106|1950,삼송역,일산선,수도권,13109.98,12631.63,seoul_od_2026H1
I4106|1951,원당역,일산선,수도권,7377.98,7048.43,seoul_od_2026H1
I4106|1952,화정역,일산선,수도권,8655.88,8912.58,seoul_od_2026H1
I4108|1953,대곡역,경의중앙선,수도권,,,none
I41WS|1953,대곡역,서해선,수도권,,,none
I4106|1953,대곡역,일산선,수도권,9218.6,8542.92,seoul_od_2026H1
I4106|1954,백석역,일산선,수도권,4514.99,4629.07,seoul_od_2026H1
I4106|1955,마두역,일산선,수도권,3586.1,3622.36,seoul_od_2026H1
I4106|1956,정발산역,일산선,수도권,3104.21,3065.97,seoul_od_2026H1
I4106|1957,주엽역,일산선,수도권,4177.8,3933.46,seoul_od_2026H1
I4106|1958,대화역,일산선,수도권,5673.6,4378.12,seoul_od_2026H1
I41WS|1980,김포공항역,서해선,수도권,316.63,863.44,seoul_od_2026H1
I41WS|1981,원종역,서해선,수도권,1985.42,1920.85,seoul_od_2026H1
I41WS|1982,부천종합운동장역,서해선,수도권,1539.22,1323.92,seoul_od_2026H1
I1101|4804,소사역,경인선,수도권,3563.75,3401.78,seoul_od_2026H1
I41WS|4804,소사역,서해선,수도권,2445.29,2195.32,seoul_od_2026H1
I41WS|4805,소새울역,서해선,수도권,894.2,808.68,seoul_od_2026H1
I41WS|4806,시흥대야역,서해선,수도권,1250.87,1295.36,seoul_od_2026H1
I41WS|4807,신천역,서해선,수도권,2467.98,2308.5,seoul_od_2026H1
I41WS|4808,신현역,서해선,수도권,359.36,336.81,seoul_od_2026H1
I41WS|4809,시흥시청역,서해선,수도권,904.38,883.15,seoul_od_2026H1
I41WS|4810,시흥능곡역,서해선,수도권,959.79,907.99,seoul_od_2026H1
I41WS|4811,달미역,서해선,수도권,415.59,377.01,seoul_od_2026H1
I41WS|4812,선부역,서해선,수도권,948.14,996.33,seoul_od_2026H1
I41WS|4813,초지역,서해선,수도권,365.42,333.99,seoul_od_2026H1
I41WS|4814,시우역,서해선,수도권,109.1,107.91,seoul_od_2026H1
I41WS|4815,원시역,서해선,수도권,245.39,223.78,seoul_od_2026H1
I27K7|7001,구미역,대경선,대구,,,none
I27K7|7002,사곡역,대경선,대구,,,none
I27K7|7003,북삼역,대경선,대구,,,none
I27K7|7004,왜관역,대경선,대구,,,none
I27K7|7005,서대구역,대경선,대구,,,none
I27K7|7006,대구역,대경선,대구,,,none
I27K7|7007,동대구역,대경선,대구,,,none
I27K7|7008,경산역,대경선,대구,,,none
I26K6|8001,부전역,동해선,부산,,,none
I26K6|8002,거제해맞이역,동해선,부산,,,none
I26K6|8003,거제역,동해선,부산,,,none
I26K6|8004,교대역,동해선,부산,,,none
I26K6|8005,동래역,동해선,부산,,,none
I26K6|8006,안락역,동해선,부산,,,none
I26K6|8007,재송역,동해선,부산,,,none
I26K6|8008,센텀역,동해선,부산,,,none
I26K6|8009,벡스코역,동해선,부산,,,none
I26K6|8010,신해운대역,동해선,부산,,,none
I26K6|8011,송정역,동해선,부산,,,none
I26K6|8012,오시리아역,동해선,부산,,,none
I26K6|8013,기장역,동해선,부산,,,none
I26K6|8014,일광역,동해선,부산,,,none
I26K6|8015,부산원동역,동해선,부산,,,none
I26K6|8016,좌천역,동해선,부산,,,none
I26K6|8017,월내역,동해선,부산,,,none
I26K6|8018,서생역,동해선,부산,,,none
I26K6|8019,남창역,동해선,부산,,,none
I26K6|8020,망양역,동해선,부산,,,none
I26K6|8021,덕하역,동해선,부산,,,none
I26K6|8022,개운포역,동해선,부산,,,none
I26K6|8023,태화강역,동해선,부산,,,none
