역사_ID,서울시_역명,서울시_호선,node_id,매칭방법,좌표거리_m
4929,김포공항,김포골드라인,L41G1|G109,name_line,6.5
4928,고촌,김포골드라인,L41G1|G108,name_line,1.6
4927,풍무,김포골드라인,L41G1|G107,name_line,24.4
4926,사우(김포시청),김포골드라인,L41G1|G106,name_line,12.5
4925,걸포북변,김포골드라인,L41G1|G105,name_line,19.9
4924,운양,김포골드라인,L41G1|G104,name_line,8.6
4923,장기,김포골드라인,L41G1|G103,name_line,4.9
4922,마산,김포골드라인,L41G1|G102,name_line,37.9
4921,구래,김포골드라인,L41G1|G101,name_line,12.2
4920,양촌,김포골드라인,L41G1|G100,name_line,89.0
4815,원시,서해선,I41WS|4815,name_line,32.7
4814,원곡,서해선,I41WS|4814,coord_only,68.2
4813,초지,서해선,I41WS|4813,name_line,52.3
4812,선부,서해선,I41WS|4812,name_line,27.7
4811,달미,서해선,I41WS|4811,name_line,18.8
4810,시흥능곡,서해선,I41WS|4810,name_line,14.2
4809,시흥시청,서해선,I41WS|4809,name_line,94.7
4808,신현,서해선,I41WS|4808,name_line,19.0
4807,신천,서해선,I41WS|4807,name_line,6.8
4806,시흥대야,서해선,I41WS|4806,name_line,38.2
4805,소새울,서해선,I41WS|4805,name_line,4.7
4804,소사,서해선,I41WS|4804,name_line,58.4
4713,신설동,우이신설선,L11UI|S122,name_line,55.1
4712,보문,우이신설선,L11UI|S121,name_line,24.9
4711,성신여대입구(돈암),우이신설선,L11UI|S120,name_line,3.9
4710,정릉,우이신설선,L11UI|S119,name_line,39.5
4709,북한산보국문,우이신설선,L11UI|S118,name_line,29.8
4708,솔샘,우이신설선,L11UI|S117,name_line,15.5
4707,삼양사거리,우이신설선,L11UI|S116,name_line,11.6
4706,삼양,우이신설선,L11UI|S115,name_line,17.2
4705,화계,우이신설선,L11UI|S114,name_line,16.4
4704,가오리,우이신설선,L11UI|S113,name_line,9.4
4703,4.19민주묘지,우이신설선,L11UI|S112,name_line,4.8
4702,솔밭공원,우이신설선,L11UI|S111,name_line,4.6
4701,북한산우이,우이신설선,L11UI|S110,name_line,7.8
4615,탑석,의정부선,L41U1|U125,name_line,18.0
4614,송산,의정부선,L41U1|U124,name_line,15.9
4613,어룡,의정부선,L41U1|U123,name_line,17.4
4612,곤제,의정부선,L41U1|U122,name_line,15.5
4611,효자,의정부선,L41U1|U121,name_line,36.6
4610,경기도청북부청사,의정부선,L41U1|U120,name_line,15.9
4609,새말,의정부선,L41U1|U119,name_line,22.0
4608,동오,의정부선,L41U1|U118,name_line,11.5
4607,의정부중앙,의정부선,L41U1|U117,name_line,7.7
4606,흥선,의정부선,L41U1|U115,name_line,16.0
4605,의정부시청,의정부선,L41U1|U114,name_line,6.5
4604,경전철의정부,의정부선,L41U1|U113,name_line,12.2
4603,범골,의정부선,L41U1|U112,name_line,17.0
4602,회룡,의정부선,L41U1|U111,name_line,25.7
4601,발곡,의정부선,L41U1|U110,name_line,10.5
4517,전대.에버랜드,에버라인선,L41E1|Y124,name_line,9.2
4515,둔전,에버라인선,L41E1|Y123,name_line,17.9
4514,보평,에버라인선,L41E1|Y122,name_line,2.1
4513,고진,에버라인선,L41E1|Y121,name_line,23.2
4512,운동장.송담대,에버라인선,L41E1|Y120,coord_only,14.8
4511,김량장,에버라인선,L41E1|Y119,name_line,17.3
4510,명지대,에버라인선,L41E1|Y118,name_line,12.5
4509,시청.용인대,에버라인선,L41E1|Y117,name_line,53.3
4508,삼가,에버라인선,L41E1|Y116,name_line,11.1
4506,초당,에버라인선,L41E1|Y115,name_line,6.5
4505,동백,에버라인선,L41E1|Y114,name_line,6.9
4504,어정,에버라인선,L41E1|Y113,name_line,5.0
4503,지석,에버라인선,L41E1|Y112,name_line,22.2
4502,강남대,에버라인선,L41E1|Y111,name_line,3.2
4501,기흥,에버라인선,L41E1|Y110,name_line,33.8
4411,관악산(서울대),신림선,L11SL|S411,name_line,12.2
4410,서울대벤처타운,신림선,L11SL|S410,name_line,5.7
4409,서원,신림선,L11SL|S409,name_line,17.5
4408,신림,신림선,L11SL|S408,name_line,4.0
4407,당곡,신림선,L11SL|S407,name_line,29.4
4406,보라매병원,신림선,L11SL|S406,name_line,34.4
4405,보라매공원,신림선,L11SL|S405,name_line,41.3
4404,보라매,신림선,L11SL|S404,name_line,6.2
4403,서울지방병무청,신림선,L11SL|S403,name_line,6.6
4402,대방,신림선,L11SL|S402,name_line,63.1
4401,샛강,신림선,L11SL|S401,name_line,13.7
4319,광교(경기대),신분당선(연장),I11D1|D019,name_line,53.2
4318,광교중앙(아주대),신분당선(연장),I11D1|D018,name_line,140.9
4317,상현,신분당선(연장),I11D1|D017,name_line,115.5
4316,성복,신분당선(연장),I11D1|D016,name_line,97.8
4315,수지구청,신분당선(연장),I11D1|D015,name_line,59.8
4314,동천,신분당선(연장),I11D1|D014,name_line,85.6
4313,미금,신분당선(연장),I11D1|D013,name_line,133.6
4312,정자,신분당선,I11D1|D012,name_line,123.7
4311,판교,신분당선,I11D1|D011,name_line,138.4
4310,청계산입구,신분당선,I11D1|D010,name_line,204.0
4309,양재시민의숲(매헌),신분당선,I11D1|D009,name_line,104.6
4308,양재(서초구청),신분당선,I11D1|D008,name_line,86.7
4307,강남,신분당선,I11D1|D007,name_line,64.1
4306,신논현,신분당선(연장2),I11D1|D006,name_line,46.9
4305,논현,신분당선(연장2),I11D1|D005,name_line,5.0
4304,신사,신분당선(연장2),I11D1|D004,name_line,38.8
4217,영종,공항철도1호선,I28A1|A072,name_line,8.7
4215,인천공항2터미널,공항철도1호선,I28A1|A11,name_line,1133.8
4213,인천공항1터미널,공항철도1호선,I28A1|A10,name_line,21.5
4212,공항화물청사,공항철도1호선,I28A1|A09,name_line,7.5
4211,운서,공항철도1호선,I28A1|A08,name_line,13.1
4210,청라국제도시,공항철도1호선,I28A1|A071,name_line,13.0
4209,검암,공항철도1호선,I28A1|A07,name_line,42.0
4208,계양,공항철도1호선,I28A1|A06,name_line,12.0
4207,김포공항,공항철도1호선,I28A1|A05,name_line,44.0
4206,마곡나루,공항철도1호선,I28A1|A042,name_line,38.2
4204,디지털미디어시티,공항철도1호선,I28A1|A04,name_line,67.8
4203,홍대입구,공항철도1호선,I28A1|A03,name_line,38.9
4202,공덕,공항철도1호선,I28A1|A02,name_line,40.1
4201,서울역,공항철도1호선,I28A1|A01,name_line,25.5
4138,중앙보훈병원,9호선(연장),S1109|4138,name_line,48.1
4137,둔촌오륜,9호선(연장),S1109|4137,name_line,67.5
4136,올림픽공원(한국체대),9호선(연장),S1109|4136,name_line,18.0
4135,한성백제,9호선(연장),S1109|4135,name_line,26.0
4134,송파나루,9호선(연장),S1109|4134,name_line,28.7
4133,석촌,9호선(연장),S1109|4133,name_line,16.8
4132,석촌고분,9호선(연장),S1109|4132,name_line,39.5
4131,삼전,9호선(연장),S1109|4131,name_line,75.4
4130,종합운동장,9호선(연장),S1109|4130,name_line,64.1
4129,봉은사,9호선(연장),S1109|4129,name_line,0.0
4128,삼성중앙,9호선(연장),S1109|4128,name_line,0.0
4127,선정릉,9호선(연장),S1109|4127,name_line,21.2
4126,언주,9호선(연장),S1109|4126,name_line,0.0
4125,신논현,9호선,S1109|4125,name_line,59.2
4124,사평,9호선,S1109|4124,name_line,6.1
4123,고속터미널,9호선,S1109|4123,name_line,32.1
4122,신반포,9호선,S1109|4122,name_line,14.4
4121,구반포,9호선,S1109|4121,name_line,10.1
4120,동작(현충원),9호선,S1109|4120,name_line,11.0
4119,흑석(중앙대입구),9호선,S1109|4119,name_line,15.8
4118,노들,9호선,S1109|4118,name_line,21.1
4117,노량진,9호선,S1109|4117,name_line,16.7
4116,샛강,9호선,S1109|4116,name_line,3.5
4115,여의도,9호선,S1109|4115,name_line,12.2
4114,국회의사당,9호선,S1109|4114,name_line,0.0
4113,당산,9호선,S1109|4113,name_line,71.1
4112,선유도,9호선,S1109|4112,name_line,41.9
4111,신목동,9호선,S1109|4111,name_line,12.4
4110,염창,9호선,S1109|4110,name_line,17.1
4109,등촌,9호선,S1109|4109,name_line,100.5
4108,증미,9호선,S1109|4108,name_line,91.6
4107,가양,9호선,S1109|4107,name_line,63.0
4106,양천향교,9호선,S1109|4106,name_line,7.3
4105,마곡나루,9호선,S1109|4105,name_line,27.1
4104,신방화,9호선,S1109|4104,name_line,6.8
4103,공항시장,9호선,S1109|4103,name_line,0.0
4102,김포공항,9호선,S1109|4102,name_line,48.3
4101,개화,9호선,S1109|4101,name_line,28.3
3763,석남(거북시장),7호선,S1107|3763,name_line,6.4
3762,산곡,7호선,S1107|3762,name_line,6.1
3761,부평구청,7호선(인천),S1107|3761,name_line,118.3
3760,굴포천,7호선(인천),S1107|3760,name_line,77.4
3759,삼산체육관,7호선(인천),S1107|3759,name_line,93.5
3758,상동,7호선(인천),S1107|3758,name_line,8.8
3757,부천시청,7호선(인천),S1107|3757,name_line,20.3
3756,신중동,7호선(인천),S1107|3756,name_line,52.9
3755,춘의,7호선(인천),S1107|3755,name_line,106.8
3754,부천종합운동장,7호선(인천),S1107|3754,name_line,76.6
3753,까치울,7호선(인천),S1107|3753,name_line,11.9
3227,운연(서창),인천2호선,S2802|3227,name_line,73.3
3226,인천대공원,인천2호선,S2802|3226,name_line,50.3
3225,남동구청,인천2호선,S2802|3225,name_line,31.7
3224,만수,인천2호선,S2802|3224,name_line,29.7
3223,모래내시장,인천2호선,S2802|3223,name_line,24.8
3222,석천사거리,인천2호선,S2802|3222,name_line,37.8
3221,인천시청,인천2호선,S2802|3221,name_line,20.7
3220,석바위시장,인천2호선,S2802|3220,name_line,17.4
3219,시민공원(문화창작지대),인천2호선,S2802|3219,name_line,16.2
3218,주안,인천2호선,S2802|3218,name_line,27.4
3217,주안국가산단,인천2호선,S2802|3217,name_line,11.8
3216,가재울,인천2호선,S2802|3216,name_line,19.1
3215,인천가좌,인천2호선,S2802|3215,name_line,29.9
3214,서부여성회관,인천2호선,S2802|3214,name_line,16.1
3213,석남(거북시장),인천2호선,S2802|3213,name_line,113.5
3212,가정중앙시장,인천2호선,S2802|3212,name_line,51.8
3211,가정(루원시티),인천2호선,S2802|3211,name_line,21.9
3210,서구청,인천2호선,S2802|3210,name_line,10.8
3209,아시아드경기장(공촌사거리),인천2호선,S2802|3209,name_line,36.6
3208,검바위,인천2호선,S2802|3208,name_line,35.1
3207,검암,인천2호선,S2802|3207,name_line,5.5
3206,독정,인천2호선,S2802|3206,name_line,33.9
3205,완정,인천2호선,S2802|3205,name_line,22.4
3204,마전,인천2호선,S2802|3204,name_line,27.3
3203,검단사거리,인천2호선,S2802|3203,name_line,52.6
3202,왕길,인천2호선,S2802|3202,name_line,40.5
3201,검단오류(검단산업단지),인천2호선,S2802|3201,name_line,74.9
3139,송도달빛축제공원,인천1호선,S2801|3139,name_line,30.7
3138,국제업무지구,인천1호선,S2801|3138,name_line,61.0
3137,센트럴파크,인천1호선,S2801|3137,name_line,34.4
3136,인천대입구,인천1호선,S2801|3136,name_line,28.3
3135,지식정보단지,인천1호선,S2801|3135,name_line,45.8
3134,테크노파크,인천1호선,S2801|3134,name_line,4.9
3133,캠퍼스타운,인천1호선,S2801|3133,name_line,48.1
3132,동막,인천1호선,S2801|3132,name_line,51.1
3131,동춘,인천1호선,S2801|3131,name_line,17.3
3130,원인재,인천1호선,S2801|3130,name_line,4.0
3129,신연수,인천1호선,S2801|3129,name_line,1.3
3128,선학,인천1호선,S2801|3128,name_line,33.5
3127,문학경기장,인천1호선,S2801|3127,name_line,18.5
3126,인천터미널,인천1호선,S2801|3126,name_line,51.9
3125,예술회관,인천1호선,S2801|3125,name_line,7.1
3124,인천시청,인천1호선,S2801|3124,name_line,39.7
3123,간석오거리,인천1호선,S2801|3123,name_line,15.7
3122,부평삼거리,인천1호선,S2801|3122,name_line,70.1
3121,동수,인천1호선,S2801|3121,name_line,22.0
3120,부평,인천1호선,S2801|3120,name_line,1.6
3119,부평시장,인천1호선,S2801|3119,name_line,12.9
3118,부평구청,인천1호선,S2801|3118,name_line,40.1
3117,갈산,인천1호선,S2801|3117,name_line,16.7
3116,작전,인천1호선,S2801|3116,name_line,16.1
3115,경인교대입구,인천1호선,S2801|3115,name_line,12.8
3114,계산,인천1호선,S2801|3114,name_line,27.2
3113,임학,인천1호선,S2801|3113,name_line,2.0
3112,박촌,인천1호선,S2801|3112,name_line,22.9
3111,귤현,인천1호선,S2801|3111,name_line,13.9
3110,계양,인천1호선,S2801|3110,name_line,48.5
3109,아라(북부법원?검찰청),인천1호선,S2801|3109,name_line,5.0
3108,신검단중앙,인천1호선,S2801|3108,name_line,11.2
3107,검단호수공원,인천1호선,S2801|3107,name_line,45.4
2828,남위례,8호선,S1108|0821,name_line,80.3
2827,모란,8호선,S1108|0827,name_line,19.7
2826,수진,8호선,S1108|0826,name_line,25.0
2825,신흥,8호선,S1108|0825,name_line,4.4
2824,단대오거리,8호선,S1108|0824,name_line,20.6
2823,남한산성입구(성남법원.검찰청),8호선,S1108|0823,name_line,4.5
2822,산성,8호선,S1108|0822,name_line,26.3
2821,복정,8호선,S1108|0820,name_line,4.2
2820,장지,8호선,S1108|0819,name_line,11.0
2819,문정,8호선,S1108|0818,name_line,8.8
2818,가락시장,8호선,S1108|0817,name_line,16.6
2817,송파,8호선,S1108|0816,name_line,10.2
2816,석촌,8호선,S1108|0815,name_line,23.0
2815,잠실(송파구청),8호선,S1108|0814,name_line,7.9
2814,몽촌토성(평화의문),8호선,S1108|0813,name_line,46.0
2813,강동구청,8호선,S1108|0812,name_line,4.2
2812,천호(풍납토성),8호선,S1108|0811,name_line,22.5
2811,암사,8호선,S1108|0810,name_line,9.9
2810,암사역사공원,8호선,S1108|0809,name_line,53.1
2809,장자호수공원,별내선,S1108|808,name_line,17.6
2808,구리,별내선,S1108|807,name_line,7.2
2807,동구릉,별내선,S1108|806,name_line,259.0
2806,다산,별내선,S4108|805,name_line,10.8
2805,별내,별내선,S4108|804,name_line,34.3
2761,부평구청,7호선,S1107|3761,name_line,25.8
2760,굴포천,7호선,S1107|3760,name_line,18.5
2759,삼산체육관,7호선,S1107|3759,name_line,6.7
2758,상동,7호선,S1107|3758,name_line,1.3
2757,부천시청,7호선,S1107|3757,name_line,3.0
2756,신중동,7호선,S1107|3756,name_line,18.1
2755,춘의,7호선,S1107|3755,name_line,3.3
2754,부천종합운동장,7호선,S1107|3754,name_line,1.2
2753,까치울,7호선,S1107|3753,name_line,3.4
2752,온수(성공회대입구),7호선,S1107|0750,name_line,24.2
2751,천왕,7호선,S1107|0749,name_line,7.4
2750,광명사거리,7호선,S1107|0748,name_line,2.8
2749,철산,7호선,S1107|0747,name_line,29.6
2748,가산디지털단지,7호선,S1107|0746,name_line,6.0
2747,남구로,7호선,S1107|0745,name_line,17.6
2746,대림(구로구청),7호선,S1107|0744,name_line,7.6
2745,신풍,7호선,S1107|0743,name_line,11.3
2744,보라매,7호선,S1107|0742,name_line,28.3
2743,신대방삼거리,7호선,S1107|0741,name_line,5.4
2742,장승배기,7호선,S1107|0740,name_line,12.5
2741,상도,7호선,S1107|0739,name_line,6.0
2740,숭실대입구(살피재),7호선,S1107|0738,name_line,29.7
2739,남성,7호선,S1107|0737,name_line,16.2
2738,이수,7호선,S1107|0736,name_line,15.8
2737,내방,7호선,S1107|0735,name_line,3.5
2736,고속터미널,7호선,S1107|0734,name_line,2.5
2735,반포,7호선,S1107|0733,name_line,1.2
2734,논현,7호선,S1107|0732,name_line,3.1
2733,학동,7호선,S1107|0731,name_line,8.1
2732,강남구청,7호선,S1107|0730,name_line,3.2
2731,청담,7호선,S1107|0729,name_line,135.5
2730,뚝섬유원지,7호선,S1107|0728,coord_only,2.2
2729,건대입구,7호선,S1107|0727,name_line,13.4
2728,어린이대공원(세종대),7호선,S1107|0726,name_line,5.8
2727,군자(능동),7호선,S1107|0725,name_line,31.0
2726,중곡,7호선,S1107|0724,name_line,5.7
2725,용마산,7호선,S1107|0723,name_line,13.4
2724,사가정,7호선,S1107|0722,name_line,2.9
2723,면목,7호선,S1107|0721,name_line,10.2
2722,상봉(시외버스터미널),7호선,S1107|0720,name_line,10.7
2721,중화,7호선,S1107|0719,name_line,6.6
2720,먹골,7호선,S1107|0718,name_line,0.5
2719,태릉입구,7호선,S1107|0717,name_line,25.2
2718,공릉(서울과학기술대),7호선,S1107|0716,name_line,12.8
2717,하계,7호선,S1107|0715,name_line,1.5
2716,중계,7호선,S1107|0714,name_line,55.6
2715,노원,7호선,S1107|0713,name_line,40.6
2714,마들,7호선,S1107|0712,name_line,5.5
2713,수락산,7호선,S1107|0711,name_line,5.1
2712,도봉산,7호선,S1107|0710,name_line,12.7
2711,장암,7호선,S1107|0709,name_line,7.7
2649,신내,6호선,S1106|0648,name_line,196.3
2648,봉화산(서울의료원),6호선,S1106|0647,name_line,22.0
2647,화랑대(서울여대입구),6호선,S1106|0646,name_line,55.5
2646,태릉입구,6호선,S1106|0645,name_line,2.2
2645,석계,6호선,S1106|0644,name_line,29.7
2644,돌곶이,6호선,S1106|0643,name_line,2.0
2643,상월곡(한국과학기술연구원),6호선,S1106|0642,name_line,2.3
2642,월곡(동덕여대),6호선,S1106|0641,name_line,3.9
2641,고려대(종암),6호선,S1106|0640,name_line,18.9
2640,안암(고대병원앞),6호선,S1106|0639,name_line,2.5
2639,보문,6호선,S1106|0638,name_line,36.8
2638,창신,6호선,S1106|0637,name_line,12.4
2637,동묘앞,6호선,S1106|0636,name_line,1.2
2636,신당,6호선,S1106|0635,name_line,2.5
2635,청구,6호선,S1106|0634,name_line,46.8
2634,약수,6호선,S1106|0633,name_line,22.3
2633,버티고개,6호선,S1106|0632,name_line,13.0
2632,한강진,6호선,S1106|0631,name_line,7.9
2631,이태원,6호선,S1106|0630,name_line,5.9
2630,녹사평(용산구청),6호선,S1106|0629,name_line,4.3
2629,삼각지,6호선,S1106|0628,name_line,4.5
2628,효창공원앞,6호선,S1106|0627,name_line,6.0
2627,공덕,6호선,S1106|0626,name_line,4.3
2626,대흥(서강대앞),6호선,S1106|0625,name_line,13.5
2625,광흥창(서강),6호선,S1106|0624,name_line,2.1
2624,상수,6호선,S1106|0623,name_line,6.1
2623,합정,6호선,S1106|0622,name_line,25.2
2622,망원,6호선,S1106|0621,name_line,9.8
2621,마포구청,6호선,S1106|0620,name_line,1.9
2620,월드컵경기장(성산),6호선,S1106|0619,name_line,22.1
2619,디지털미디어시티,6호선,S1106|0618,name_line,5.2
2618,증산(명지대앞),6호선,S1106|0617,name_line,17.6
2617,새절(신사),6호선,S1106|0616,name_line,1.4
2616,구산,6호선,S1106|0615,name_line,20.2
2615,연신내,6호선,S1106|0614,name_line,25.9
2614,독바위,6호선,S1106|0613,name_line,4.8
2613,불광,6호선,S1106|0612,name_line,11.3
2612,역촌,6호선,S1106|0611,name_line,3.7
2611,응암,6호선,S1106|0610,name_line,1.7
2566,하남검단산,5호선,S1105|0558,name_line,2.3
2565,하남시청(덕풍-신장),5호선,S1105|0557,name_line,77.9
2564,하남풍산,5호선,S1105|0556,name_line,18.8
2563,미사,5호선,S1105|0555,name_line,253.9
2562,강일,5호선,S1105|0554,name_line,8.5
2561,마천,5호선,S1105|P555,name_line,2.0
2560,거여,5호선,S1105|P554,name_line,18.7
2559,개롱,5호선,S1105|P553,name_line,2.0
2558,오금,5호선,S1105|P552,name_line,28.3
2557,방이,5호선,S1105|P551,name_line,13.6
2556,올림픽공원(한국체대),5호선,S1105|P550,name_line,3.5
2555,둔촌동,5호선,S1105|P549,name_line,2.6
2554,상일동,5호선,S1105|0553,name_line,3.2
2553,고덕,5호선,S1105|0552,name_line,5.6
2552,명일,5호선,S1105|0551,name_line,5.9
2551,굽은다리(강동구민회관앞),5호선,S1105|0550,name_line,4.0
2550,길동,5호선,S1105|0549,name_line,25.6
2549,강동,5호선,S1105|0548,name_line,1.0
2548,천호(풍납토성),5호선,S1105|0547,name_line,22.0
2547,광나루(장신대),5호선,S1105|0546,name_line,8.1
2546,아차산(어린이대공원후문),5호선,S1105|0545,name_line,37.4
2545,군자(능동),5호선,S1105|0544,name_line,2.2
2544,장한평,5호선,S1105|0543,name_line,2.0
2543,답십리,5호선,S1105|0542,name_line,10.3
2542,마장,5호선,S1105|0541,name_line,5.9
2541,왕십리(성동구청),5호선,S1105|0540,name_line,23.1
2540,행당,5호선,S1105|0539,name_line,2.8
2539,신금호,5호선,S1105|0538,name_line,8.0
2538,청구,5호선,S1105|0537,name_line,14.0
2537,동대문역사문화공원,5호선,S1105|0536,name_line,2.8
2536,을지로4가,5호선,S1105|0535,name_line,11.6
2535,종로3가,5호선,S1105|0534,name_line,12.5
2534,광화문(세종문화회관),5호선,S1105|0533,name_line,54.7
2533,서대문,5호선,S1105|0532,name_line,4.3
2532,충정로(경기대입구),5호선,S1105|0531,name_line,22.0
2531,애오개,5호선,S1105|0530,name_line,17.8
2530,공덕,5호선,S1105|0529,name_line,54.9
2529,마포,5호선,S1105|0528,name_line,18.8
2528,여의나루,5호선,S1105|0527,name_line,10.2
2527,여의도,5호선,S1105|0526,name_line,8.4
2526,신길,5호선,S1105|0525,name_line,4.2
2525,영등포시장,5호선,S1105|0524,name_line,10.1
2524,영등포구청,5호선,S1105|0523,name_line,1.2
2523,양평,5호선,S1105|0522,name_line,6.6
2522,오목교(목동운동장앞),5호선,S1105|0521,name_line,13.5
2521,목동,5호선,S1105|0520,name_line,56.1
2520,신정(은행정),5호선,S1105|0519,name_line,1.4
2519,까치산,5호선,S1105|0518,name_line,52.2
2518,화곡,5호선,S1105|0517,name_line,8.3
2517,우장산,5호선,S1105|0516,name_line,10.7
2516,발산,5호선,S1105|0515,name_line,10.9
2515,마곡,5호선,S1105|0514,name_line,3.2
2514,송정,5호선,S1105|0513,name_line,7.2
2513,김포공항,5호선,S1105|0512,name_line,23.9
2512,개화산,5호선,S1105|0511,name_line,59.1
2511,방화,5호선,S1105|0510,name_line,25.8
1982,부천종합운동장,서해선,I41WS|1982,name_line,47.6
1981,원종,서해선,I41WS|1981,name_line,18.9
1980,김포공항,서해선,I41WS|1980,name_line,46.6
1958,대화,일산선,I4106|1958,name_line,28.0
1957,주엽,일산선,I4106|1957,name_line,11.6
1956,정발산,일산선,I4106|1956,name_line,27.4
1955,마두,일산선,I4106|1955,name_line,3.0
1954,백석,일산선,I4106|1954,name_line,26.2
1953,대곡,일산선,I4106|1953,name_line,0.3
1952,화정,일산선,I4106|1952,name_line,18.3
1951,원당,일산선,I4106|1951,name_line,27.9
1950,삼송,일산선,I4106|1950,name_line,1.4
1949,지축,일산선,I4106|1949,name_line,22.5
1948,원흥,일산선,I4106|1948,name_line,52.9
1919,연천,경원선,I4102|1919,name_line,27.5
1918,전곡,경원선,I4102|1918,name_line,60.7
1917,청산,경원선,I4102|1917,name_line,1554.5
1916,소요산,경원선,I4102|1916,name_line,56.5
1915,동두천,경원선,I4102|1915,name_line,34.5
1914,보산,경원선,I4102|1914,name_line,64.2
1913,동두천중앙,경원선,I4102|1913,name_line,8.5
1912,지행,경원선,I4102|1912,name_line,3.4
1911,덕정,경원선,I4102|1911,name_line,20.8
1910,덕계,경원선,I4102|1910,name_line,34.8
1909,양주,경원선,I4102|1909,name_line,11.2
1908,녹양,경원선,I4102|1908,name_line,4.4
1907,가능,경원선,I4102|1907,name_line,24.1
1906,의정부,경원선,I4102|1906,name_line,35.5
1905,회룡,경원선,I4102|1905,name_line,42.3
1904,망월사,경원선,I4102|1904,name_line,65.6
1903,도봉산,경원선,I4102|1903,name_line,7.7
1902,도봉,경원선,I4102|1902,name_line,15.0
1901,방학,경원선,I4102|1901,name_line,4.1
1891,인천,수인선,I28K1|1891,name_line,9.6
1890,신포,수인선,I28K1|1890,name_line,66.7
1889,숭의,수인선,I28K1|1889,name_line,25.8
1888,인하대,수인선,I28K1|1888,name_line,38.5
1886,송도,수인선,I28K1|1886,name_line,319.4
1885,연수,수인선,I28K1|1885,name_line,6.0
1884,원인재,수인선,I28K1|1884,name_line,30.4
1883,남동인더스파크,수인선,I28K1|1883,name_line,35.6
1882,호구포,수인선,I28K1|1882,name_line,5.1
1881,인천논현,수인선,I28K1|1881,name_line,3.4
1880,소래포구,수인선,I28K1|1880,name_line,1.7
1879,월곶,수인선,I28K1|1879,name_line,14.0
1878,달월,수인선,I28K1|1878,name_line,41.3
1877,사리,수인선,I28K1|1877,name_line,96.5
1876,야목,수인선,I28K1|1876,name_line,520.4
1875,어천,수인선,I28K1|1875,name_line,3.2
1874,오목천,수인선,I28K1|1874,name_line,4.8
1873,고색,수인선,I28K1|1873,name_line,37.5
1872,매교,분당선,I4105|1872,name_line,3.0
1871,수원시청,분당선,I4105|1871,name_line,3.3
1870,매탄권선,분당선,I4105|1870,name_line,40.5
1869,망포,분당선,I4105|1869,name_line,1.3
1868,영통,분당선,I4105|1868,name_line,7.0
1867,청명,분당선,I4105|1867,name_line,1.1
1866,상갈,분당선,I4105|1866,name_line,11.5
1865,기흥,분당선,I4105|1865,name_line,66.3
1864,신갈,분당선,I4105|1864,name_line,2.8
1863,구성,분당선,I4105|1863,name_line,4.9
1862,죽전,분당선,I4105|1862,name_line,19.8
1861,보정,분당선,I4105|1861,name_line,2.4
1860,이매,분당선,I4105|1860,name_line,52.9
1859,오리,분당선,I4105|1859,name_line,3.9
1858,미금,분당선,I4105|1858,name_line,3.7
1857,정자,분당선,I4105|1857,name_line,5.1
1856,수내,분당선,I4105|1856,name_line,9.6
1855,서현,분당선,I4105|1855,name_line,37.3
1854,야탑,분당선,I4105|1854,name_line,15.8
1853,모란,분당선,I4105|1853,name_line,8.8
1852,태평,분당선,I4105|1852,name_line,20.0
1851,가천대,분당선,I4105|1851,name_line,20.0
1850,선정릉,분당선,I4105|1850,name_line,5.7
1849,강남구청,분당선,I4105|1849,name_line,106.5
1848,압구정로데오,분당선,I4105|1848,name_line,1.9
1847,서울숲,분당선,I4105|1847,name_line,3.8
1846,수원,분당선,I4105|1846,name_line,64.4
1823,도화,경인선,I1101|1823,name_line,20.9
1822,중동,경인선,I1101|1822,name_line,34.5
1821,온수(성공회대입구),경인선,I1101|1821,name_line,63.4
1817,도원,경인선,I1101|1817,name_line,20.4
1816,간석,경인선,I1101|1816,name_line,68.4
1815,부개,경인선,I1101|1815,name_line,48.2
1814,소사,경인선,I1101|4804,name_line,18.9
1813,구일,경인선,I1101|1813,name_line,165.2
1812,인천,경인선,I1101|1812,name_line,33.9
1811,동인천,경인선,I1101|1811,name_line,23.7
1810,제물포,경인선,I1101|1810,name_line,44.3
1809,주안,경인선,I1101|1809,name_line,84.7
1808,동암,경인선,I1101|1808,name_line,64.6
1807,백운,경인선,I1101|1807,name_line,61.4
1806,부평,경인선,I1101|1806,name_line,7.0
1805,송내,경인선,I1101|1805,name_line,54.7
1804,부천,경인선,I1101|1804,name_line,8.4
1803,역곡,경인선,I1101|1803,name_line,11.4
1802,오류동,경인선,I1101|1802,name_line,73.2
1801,개봉,경인선,I1101|1801,name_line,104.4
1763,수리산,안산선,I4103|1763,name_line,57.2
1762,오이도,안산선,I4103|1762,name_line,69.4
1761,정왕,안산선,I4103|1761,name_line,15.7
1760,신길온천,안산선,I4103|1760,name_line,152.3
1759,안산,안산선,I4103|1759,name_line,20.9
1758,초지,안산선,I4103|1758,name_line,22.2
1757,고잔,안산선,I4103|1757,name_line,6.0
1756,중앙,안산선,I4103|1756,name_line,13.2
1755,한대앞,안산선,I4103|1755,name_line,19.1
1754,상록수,안산선,I4103|1754,name_line,6.8
1753,반월,안산선,I4103|1753,name_line,14.6
1752,대야미,안산선,I4103|1752,name_line,23.6
1751,산본,안산선,I4103|1751,name_line,28.5
1750,광명,경부선,I4101|1750,name_line,21.4
1749,서동탄,경부선,I4101|1749,name_line,27.3
1729,당정,경부선,I4101|1729,name_line,100.7
1728,천안,경부선,I4401|1728,name_line,44.7
1727,두정,경부선,I4101|1727,name_line,10.7
1726,직산,경부선,I4101|1726,name_line,38.3
1725,성환,경부선,I4101|1725,name_line,33.0
1724,평택,경부선,I4101|1724,name_line,35.2
1723,지제,경부선,I4101|1723,name_line,15.7
1722,서정리,경부선,I4101|1722,name_line,4.7
1721,송탄,경부선,I4101|1721,name_line,36.6
1720,진위,경부선,I4101|1720,name_line,36.5
1719,오산,경부선,I4101|1719,name_line,45.9
1718,오산대,경부선,I4101|1718,name_line,50.9
1717,세마,경부선,I4101|1717,name_line,28.6
1716,병점,경부선,I4101|1716,name_line,89.5
1715,세류,경부선,I4101|1715,name_line,113.6
1714,독산,경부선,I4101|1714,name_line,72.5
1713,수원,경부선,I4101|1713,name_line,30.9
1712,화서,경부선,I4101|1712,name_line,14.8
1711,성균관대,경부선,I4101|1711,name_line,9.8
1710,의왕,경부선,I4101|1710,name_line,25.0
1709,군포,경부선,I4101|1709,name_line,19.7
1708,금정,경부선,I4101|1708,name_line,29.4
1707,명학,경부선,I4101|1707,name_line,27.5
1706,안양,경부선,I4101|1706,name_line,42.5
1705,관악,경부선,I4101|1705,name_line,43.5
1704,석수,경부선,I4101|1704,name_line,13.8
1703,금천구청,경부선,I4101|1703,name_line,35.4
1702,가산디지털단지,경부선,I4101|1702,name_line,4.4
1701,구로,경부선,I4101|1701,name_line,16.7
1512,성남,경강선,I41K5|1512,name_line,4.8
1511,여주,경강선,I41K5|1511,name_line,67.3
1510,세종대왕릉,경강선,I41K5|1510,name_line,186.7
1509,부발,경강선,I41K5|1509,name_line,24.5
1508,이천,경강선,I41K5|1508,name_line,151.3
1507,신둔도예촌,경강선,I41K5|1507,name_line,192.4
1506,곤지암,경강선,I41K5|1506,name_line,100.6
1505,초월,경강선,I41K5|1505,name_line,144.4
1504,경기광주,경강선,I41K5|1504,name_line,115.4
1503,삼동,경강선,I41K5|1503,name_line,88.3
1502,이매,경강선,I41K5|1502,name_line,68.7
1501,판교,경강선,I41K5|1501,name_line,8.3
1458,금정,과천선,I4103|1708,name_line,32.8
1457,범계,과천선,I4103|1457,name_line,4.9
1456,평촌,과천선,I4103|1456,name_line,6.6
1455,인덕원,과천선,I4103|1455,name_line,38.7
1454,정부과천청사,과천선,I4103|1454,name_line,7.8
1453,과천,과천선,I4103|1453,name_line,28.0
1452,대공원,과천선,I4103|1452,name_line,7.0
1451,경마공원,과천선,I4103|1451,name_line,11.4
1450,선바위,과천선,I4103|1450,name_line,23.6
1408,신창(순천향대),장항선,I4401|1408,name_line,92.9
1407,온양온천,장항선,I4401|1407,name_line,41.4
1405,배방,장항선,I4401|1405,name_line,23.5
1404,탕정,장항선,I4401|1404,name_line,56.2
1403,아산,장항선,I4401|1403,name_line,15.9
1402,쌍용(나사렛대),장항선,I4401|1402,name_line,3.6
1401,봉명,장항선,I4401|1401,name_line,63.9
1329,춘천,경춘선,I41K2|1329,name_line,82.4
1328,남춘천,경춘선,I41K2|1328,name_line,7.6
1327,김유정,경춘선,I41K2|1327,name_line,3.5
1326,강촌,경춘선,I41K2|1326,name_line,8.1
1325,백양리,경춘선,I41K2|1325,name_line,24.3
1324,굴봉산,경춘선,I41K2|1324,name_line,3.9
1323,가평,경춘선,I41K2|1323,name_line,4.7
1322,상천,경춘선,I41K2|1322,name_line,55.0
1321,청평,경춘선,I41K2|1321,name_line,6.1
1320,대성리,경춘선,I41K2|1320,name_line,22.5
1319,마석,경춘선,I41K2|1319,name_line,50.7
1318,천마산,경춘선,I41K2|1318,name_line,31.0
1317,평내호평,경춘선,I41K2|1317,name_line,3.6
1316,금곡,경춘선,I41K2|1316,name_line,7.7
1315,사릉,경춘선,I41K2|1315,name_line,11.0
1314,퇴계원,경춘선,I41K2|1314,name_line,8.3
1313,별내,경춘선,I41K2|1313,name_line,39.4
1312,갈매,경춘선,I41K2|1312,name_line,4.5
1311,신내,경춘선,I41K2|1311,name_line,6.3
1286,운천,경의중앙선,I4108|1286,name_line,26.2
1285,임진강,경의중앙선,I4108|1285,name_line,6.4
1284,문산,경의중앙선,I4108|1284,name_line,45.7
1283,파주,경의중앙선,I4108|1283,name_line,33.0
1282,월롱,경의중앙선,I4108|1282,name_line,1.8
1280,금촌,경의중앙선,I4108|1280,name_line,16.8
1279,금릉,경의중앙선,I4108|1279,name_line,5.6
1278,운정,경의중앙선,I4108|1278,name_line,45.7
1277,야당,경의중앙선,I4108|1277,name_line,49.5
1276,탄현,경의중앙선,I4108|1276,name_line,10.2
1275,일산,경의중앙선,I4108|1275,name_line,33.3
1274,풍산,경의중앙선,I4108|1274,name_line,21.6
1273,백마,경의중앙선,I4108|1273,name_line,13.0
1272,곡산,경의중앙선,I4108|1272,name_line,11.7
1271,능곡,경의중앙선,I4108|1271,name_line,12.0
1270,행신,경의중앙선,I4108|1270,name_line,7.7
1269,강매,경의중앙선,I4108|1269,name_line,116.1
1268,화전,경의중앙선,I4108|1268,coord_only,25.3
1267,수색,경의중앙선,I4108|1267,name_line,6.3
1266,디지털미디어시티,경의중앙선,I4108|1266,name_line,54.4
1265,가좌,경의중앙선,I4108|1265,name_line,58.5
1264,홍대입구,경의중앙선,I4108|1264,name_line,14.9
1263,서강대,경의중앙선,I4108|1263,name_line,39.8
1262,공덕,경의중앙선,I4108|1262,name_line,13.2
1261,효창공원앞,경의중앙선,I4108|1261,name_line,26.0
1252,신촌,경의중앙선,I4108|1252,name_line,25.8
1251,서울역,경의중앙선,I4108|1251,name_line,65.6
1220,지평,중앙선,I4108|1220,name_line,20.5
1219,용문,중앙선,I4108|1219,name_line,38.5
1218,원덕,중앙선,I4108|1218,name_line,35.9
1217,양평,중앙선,I4108|1217,name_line,11.2
1216,오빈,중앙선,I4108|1216,name_line,16.3
1215,아신,중앙선,I4108|1215,name_line,16.0
1214,국수,중앙선,I4108|1214,name_line,3.1
1213,신원,중앙선,I4108|1213,name_line,44.6
1212,양수,중앙선,I4108|1212,name_line,13.4
1211,운길산,중앙선,I4108|1211,name_line,2.5
1210,팔당,중앙선,I4108|1210,name_line,6.7
1209,도심,중앙선,I4108|1209,name_line,11.1
1208,덕소,중앙선,I4108|1208,name_line,12.3
1207,양정,중앙선,I4108|1207,name_line,145.3
1206,도농,중앙선,I4108|1206,name_line,7.0
1205,구리,중앙선,I4108|1205,name_line,46.1
1204,양원,중앙선,I4108|1204,name_line,598.4
1203,망우,중앙선,I4108|1203,name_line,46.3
1202,상봉(시외버스터미널),중앙선,I4108|1202,name_line,46.0
1201,중랑,중앙선,I4108|1201,name_line,4.7
1032,신길,경부선,I4101|1032,name_line,20.4
1031,복정,분당선,I4105|1031,name_line,32.8
1030,수서,분당선,I4105|1030,name_line,32.2
1028,대모산입구,분당선,I4105|1028,name_line,3.3
1027,개포동,분당선,I4105|1027,name_line,10.0
1026,구룡,분당선,I4105|1026,name_line,58.8
1025,도곡,분당선,I4105|1025,name_line,39.0
1024,한티,분당선,I4105|1024,name_line,3.3
1023,선릉,분당선,I4105|1023,name_line,43.6
1021,녹천,경원선,I4102|1021,name_line,25.3
1020,월계,경원선,I4102|1020,name_line,10.9
1019,광운대,경원선,I4102|1019,name_line,7.2
1018,석계,경원선,I4102|1018,name_line,80.7
1017,신이문,경원선,I4102|1017,name_line,3.4
1016,외대앞,경원선,I4102|1016,name_line,9.6
1015,회기,중앙선,I4108|1015,name_line,49.1
1014,청량리(서울시립대입구),경원선,I4102|1014,name_line,31.0
1013,왕십리(성동구청),경원선,I4102|1013,name_line,12.0
1012,응봉,경원선,I4102|1012,name_line,59.7
1011,옥수,경원선,I4102|1011,name_line,7.9
1010,한남,경원선,I4102|1010,name_line,18.0
1009,서빙고,경원선,I4102|1009,name_line,15.9
1008,이촌(국립중앙박물관),경원선,I4102|1008,name_line,36.6
1007,신도림,경부선,I4101|1007,name_line,39.2
1006,영등포,경부선,I4101|1006,name_line,33.9
1005,대방,경부선,I4101|1005,name_line,6.0
1004,노량진,경부선,I4101|1004,name_line,92.0
1003,용산,경부선,I4101|1003,name_line,19.4
1002,남영,경부선,I4101|1002,name_line,48.5
1001,서울역,경부선,I4101|0133,name_line,188.7
0434,남태령,4호선,I1104|0434,name_line,52.0
0433,사당,4호선,I1104|0433,name_line,77.0
0432,총신대입구(이수),4호선,I1104|0432,name_line,142.7
0431,동작(현충원),4호선,I1104|0431,name_line,81.0
0430,이촌(국립중앙박물관),4호선,I1104|0430,name_line,83.3
0429,신용산,4호선,I1104|0429,name_line,9.0
0428,삼각지,4호선,I1104|0428,name_line,54.8
0427,숙대입구(갈월),4호선,I1104|0427,name_line,24.8
0426,서울역,4호선,I1104|0426,name_line,42.4
0425,회현(남대문시장),4호선,I1104|0425,name_line,22.3
0424,명동,4호선,I1104|0424,name_line,6.1
0423,충무로,4호선,I1104|0423,name_line,46.3
0422,동대문역사문화공원,4호선,I1104|0422,name_line,6.8
0421,동대문,4호선,I1104|0421,name_line,7.4
0420,혜화,4호선,I1104|0420,name_line,25.6
0419,한성대입구(삼선교),4호선,I1104|0419,name_line,25.3
0418,성신여대입구(돈암),4호선,I1104|0418,name_line,50.9
0417,길음,4호선,I1104|0417,name_line,2.2
0416,미아사거리,4호선,I1104|0416,name_line,3.2
0415,미아(서울사이버대학),4호선,I1104|0415,name_line,30.0
0414,수유(강북구청),4호선,I1104|0414,name_line,48.1
0413,쌍문,4호선,I1104|0413,name_line,48.7
0412,창동,4호선,I1104|0412,name_line,94.1
0411,노원,4호선,I1104|0411,name_line,8.2
0410,상계,4호선,I1104|0410,name_line,47.0
0409,불암산,4호선,I1104|0409,name_line,21.0
0408,별내별가람,진접선,I4104|0408,name_line,32.0
0406,오남,진접선,I4104|0406,name_line,112.1
0405,진접,진접선,I4104|0405,name_line,20.7
0342,오금,3호선,I1103|0352,name_line,17.8
0341,경찰병원,3호선,I1103|0351,name_line,35.3
0340,가락시장,3호선,I1103|0350,name_line,9.5
0339,수서,3호선,I1103|0349,name_line,13.6
0338,일원,3호선,I1103|0348,name_line,30.9
0337,대청,3호선,I1103|0347,name_line,10.4
0336,학여울,3호선,I1103|0346,name_line,27.2
0335,대치,3호선,I1103|0345,name_line,17.1
0334,도곡,3호선,I1103|0344,name_line,31.4
0333,매봉,3호선,I1103|0343,name_line,22.2
0332,양재(서초구청),3호선,I1103|0342,name_line,31.1
0331,남부터미널(예술의전당),3호선,I1103|0341,name_line,12.0
0330,교대(법원.검찰청),3호선,I1103|0340,name_line,4.0
0329,고속터미널,3호선,I1103|0339,name_line,6.9
0328,잠원,3호선,I1103|0338,name_line,43.1
0327,신사,3호선,I1103|0337,name_line,16.5
0326,압구정,3호선,I1103|0336,name_line,100.5
0325,옥수,3호선,I1103|0335,name_line,4.6
0324,금호,3호선,I1103|0334,name_line,27.2
0323,약수,3호선,I1103|0333,name_line,44.6
0322,동대입구,3호선,I1103|0332,name_line,29.0
0321,충무로,3호선,I1103|0331,name_line,10.4
0320,을지로3가,3호선,I1103|0330,name_line,41.9
0319,종로3가,3호선,I1103|0329,name_line,8.6
0318,안국,3호선,I1103|0328,name_line,9.7
0317,경복궁(정부서울청사),3호선,I1103|0327,name_line,10.0
0316,독립문,3호선,I1103|0326,name_line,14.2
0315,무악재,3호선,I1103|0325,name_line,42.3
0314,홍제,3호선,I1103|0324,name_line,39.4
0313,녹번,3호선,I1103|0323,name_line,5.0
0312,불광,3호선,I1103|0322,name_line,54.7
0311,연신내,3호선,I1103|0321,name_line,10.1
0310,구파발,3호선,I1103|0320,name_line,16.8
0309,지축,3호선,I4106|1949,name_line,17.5
0250,용두(동대문구청),2호선,S1121|2113,name_line,2.4
0249,신정네거리,2호선,S1122|2343,name_line,16.9
0248,양천구청,2호선,S1122|2342,name_line,21.3
0247,도림천,2호선,S1122|2341,name_line,34.2
0246,신설동,2호선,S1121|2114,name_line,22.5
0245,신답,2호선,S1121|2112,name_line,54.4
0244,용답,2호선,S1121|2111,name_line,18.1
0243,충정로(경기대입구),2호선,S1102|0243,name_line,8.0
0242,아현,2호선,S1102|0242,name_line,8.8
0241,이대,2호선,S1102|0241,name_line,10.2
0240,신촌,2호선,S1102|0240,name_line,4.0
0239,홍대입구,2호선,S1102|0239,name_line,7.4
0238,합정,2호선,S1102|0238,name_line,91.4
0237,당산,2호선,S1102|0237,name_line,20.7
0236,영등포구청,2호선,S1102|0236,name_line,6.8
0235,문래,2호선,S1102|0235,name_line,6.7
0234,신도림,2호선,S1102|0234,name_line,20.3
0233,대림(구로구청),2호선,S1102|0233,name_line,6.1
0232,구로디지털단지,2호선,S1102|0232,name_line,5.7
0231,신대방,2호선,S1102|0231,name_line,33.1
0230,신림,2호선,S1102|0230,name_line,12.6
0229,봉천,2호선,S1102|0229,name_line,18.3
0228,서울대입구(관악구청),2호선,S1102|0228,name_line,1.6
0227,낙성대,2호선,S1102|0227,name_line,24.3
0226,사당,2호선,S1102|0226,name_line,7.7
0225,방배,2호선,S1102|0225,name_line,5.5
0224,서초,2호선,S1102|0224,name_line,20.5
0223,교대(법원.검찰청),2호선,S1102|0223,name_line,20.8
0222,강남,2호선,S1102|0222,name_line,7.5
0221,역삼,2호선,S1102|0221,name_line,4.6
0220,선릉,2호선,S1102|0220,name_line,4.1
0219,삼성(무역센터),2호선,S1102|0219,name_line,4.2
0218,종합운동장,2호선,S1102|0218,name_line,16.9
0217,잠실새내,2호선,S1102|0217,name_line,6.6
0216,잠실(송파구청),2호선,S1102|0216,name_line,5.5
0215,잠실나루,2호선,S1102|0215,name_line,6.4
0214,강변(동서울터미널),2호선,S1102|0214,name_line,7.3
0213,구의(광진구청),2호선,S1102|0213,name_line,27.6
0212,건대입구,2호선,S1102|0212,name_line,5.3
0211,성수,2호선,S1102|0211,name_line,5.6
0210,뚝섬,2호선,S1102|0210,name_line,4.1
0209,한양대,2호선,S1102|0209,name_line,53.9
0208,왕십리(성동구청),2호선,S1102|0208,name_line,11.0
0207,상왕십리,2호선,S1102|0207,name_line,10.4
0206,신당,2호선,S1102|0206,name_line,17.0
0205,동대문역사문화공원,2호선,S1102|0205,name_line,2.6
0204,을지로4가,2호선,S1102|0204,name_line,17.3
0203,을지로3가,2호선,S1102|0203,name_line,72.6
0202,을지로입구,2호선,S1102|0202,name_line,4.7
0201,시청,2호선,S1102|0201,name_line,13.7
0159,동묘앞,1호선,I4101|0127,name_line,7.8
0158,청량리(서울시립대입구),1호선,I4101|0124,name_line,47.2
0157,제기동,1호선,I4101|0125,name_line,1.6
0156,신설동,1호선,I4101|0126,name_line,10.2
0155,동대문,1호선,I4101|0128,name_line,21.6
0154,종로5가,1호선,I4101|0129,name_line,6.7
0153,종로3가,1호선,I4101|0130,name_line,22.0
0152,종각,1호선,I4101|0131,name_line,17.6
0151,시청,1호선,I4101|0132,name_line,57.0
0150,서울역,1호선,I4101|0133,name_line,42.1
