node_id,역사명,노선명,운영기관,환승역,연결중심성,매개중심성,근접중심성,고유벡터중심성
I4101|1702,가산디지털단지역,경부선,한국철도공사,환승역,5,0.271645,3.8e-05,1e-06
I1101|4804,소사역,경인선,한국철도공사,환승역,5,0.237291,3.2e-05,0.009767
S1107|0747,철산,7호선,서울교통공사,일반역,2,0.215411,3.6e-05,2e-06
S1107|0748,광명사거리,7호선,서울교통공사,일반역,2,0.21407,3.5e-05,7e-06
S1107|0749,천왕,7호선,서울교통공사,일반역,2,0.212742,3.4e-05,3.1e-05
I1101|1821,온수역,경인선,한국철도공사,환승역,3,0.211927,3.3e-05,0.000564
S1107|0750,온수(성공회대입구),7호선,서울교통공사,환승역,2,0.211426,3.3e-05,0.000132
I1101|1803,역곡역,경인선,한국철도공사,일반역,2,0.205025,3.2e-05,0.002286
I28A1|A01,서울,인천국제공항선,공항철도주식회사,환승역,7,0.184807,4.1e-05,0.005813
S1109|4115,여의도,서울 도시철도 9호선,서울특별시 서울시메트로9호선㈜,환승역,5,0.184058,4.1e-05,0.000131
I41WS|1980,김포공항역,서해선,한국철도공사,환승역,9,0.153497,3.3e-05,0.489147
I4101|1007,신도림역,경부선,한국철도공사,환승역,3,0.150533,3.9e-05,5e-06
I4101|1701,구로역,경부선,한국철도공사,일반역,2,0.147426,3.8e-05,1e-06
S1109|4105,마곡나루(서울식물원),서울 도시철도 9호선,서울특별시 서울시메트로9호선㈜,환승역,5,0.143437,3.5e-05,0.169749
I41WS|4804,소사역,서해선,한국철도공사,환승역,2,0.142927,3.2e-05,0.002811
L11UI|S121,보문,우이신설선,우이신설경전철운영㈜,환승역,5,0.141137,3.8e-05,1e-06
I1101|1804,부천역,경인선,한국철도공사,일반역,3,0.141069,3.1e-05,0.002935
I1101|1822,중동역,경인선,한국철도공사,일반역,2,0.139228,3e-05,0.000685
S1106|0636,동묘앞,6호선,서울교통공사,환승역,3,0.137781,3.9e-05,5e-06
I1101|1805,송내역,경인선,한국철도공사,일반역,2,0.137389,2.9e-05,0.00016
I1101|1815,부개역,경인선,한국철도공사,일반역,2,0.135554,2.8e-05,3.7e-05
I1101|1806,부평역,경인선,한국철도공사,환승역,3,0.134883,2.8e-05,9e-06
S1109|4123,고속터미널,서울 도시철도 9호선,서울특별시 서울시메트로9호선㈜,환승역,6,0.133898,3.9e-05,0.0
S1105|0525,신길,5호선,서울교통공사,환승역,3,0.133592,4e-05,5.2e-05
S1102|0239,홍대입구,2호선,서울교통공사,환승역,6,0.13325,4e-05,0.011931
S1106|0637,창신,6호선,서울교통공사,일반역,3,0.131524,3.8e-05,2e-06
S1109|4120,동작(현충원),서울 도시철도 9호선,서울특별시 서울시메트로9호선㈜,환승역,3,0.130088,4e-05,2e-06
S1106|0635,신당,6호선,서울교통공사,환승역,5,0.129124,3.9e-05,1.7e-05
I28A1|A02,공덕,인천국제공항선,공항철도주식회사,환승역,5,0.126714,4.1e-05,0.00569
S1109|4116,샛강,서울 도시철도 9호선,서울특별시 서울시메트로9호선㈜,환승역,6,0.12558,4.1e-05,7.6e-05
S1109|4121,구반포,서울 도시철도 9호선,서울특별시 서울시메트로9호선㈜,일반역,2,0.124346,3.9e-05,1e-06
S1109|4122,신반포,서울 도시철도 9호선,서울특별시 서울시메트로9호선㈜,일반역,2,0.124224,3.9e-05,0.0
S1105|0528,마포,5호선,서울교통공사,일반역,2,0.122491,4.1e-05,0.001344
S1105|0527,여의나루,5호선,서울교통공사,일반역,2,0.122427,4e-05,0.00033
I4101|1032,신길역,경부선,한국철도공사,환승역,3,0.120734,4e-05,2.6e-05
I4101|0133,서울역,1호선,서울교통공사,환승역,5,0.120056,4.1e-05,0.003089
I4101|1006,영등포역,경부선,한국철도공사,일반역,2,0.11896,3.9e-05,7e-06
S2801|3120,부평,인천지하철 1호선,인천교통공사,환승역,3,0.117749,2.8e-05,2e-06
S1102|0240,신촌(지하),2호선,서울교통공사,일반역,5,0.116051,4e-05,0.005087
S1109|4117,노량진,서울 도시철도 9호선,서울특별시 서울시메트로9호선㈜,환승역,3,0.115684,4.1e-05,4.2e-05
I1104|0423,충무로,4호선,서울교통공사,환승역,3,0.112548,4e-05,9.6e-05
I1104|0425,회현(남대문시장),4호선,서울교통공사,일반역,3,0.112426,4e-05,0.001428
S1105|0536,동대문역사문화공원(DDP),5호선,서울교통공사,환승역,6,0.112262,4e-05,3.6e-05
I1104|0424,명동,4호선,서울교통공사,일반역,2,0.111813,4e-05,0.000342
S1107|0744,대림(구로구청),7호선,서울교통공사,환승역,5,0.109636,3.8e-05,4e-06
S1106|0626,공덕,6호선,서울교통공사,환승역,5,0.109628,4.1e-05,0.009338
I1104|0418,성신여대입구(돈암),4호선,서울교통공사,일반역,5,0.108232,3.7e-05,0.0
S1107|0745,남구로,7호선,서울교통공사,일반역,4,0.104255,3.7e-05,2e-06
S1102|0205,동대문역사문화공원(DDP),2호선,서울교통공사,환승역,4,0.102482,4e-05,3.6e-05
S1102|0223,교대(법원·검찰청),2호선,서울교통공사,환승역,5,0.100637,3.8e-05,0.0
S1106|0618,디지털미디어시티,6호선,서울교통공사,환승역,4,0.099835,3.8e-05,0.049005
S1102|0222,강남,2호선,서울교통공사,환승역,5,0.099597,3.8e-05,0.0
I11D1|D012,정자,신분당선,경기도 신분당선,도시철도 환승역,4,0.097409,2.6e-05,0.0
S1105|0534,종로3가(탑골공원),5호선,서울교통공사,환승역,6,0.096665,4e-05,7.2e-05
S2801|3121,동수,인천지하철 1호선,인천교통공사,일반역,2,0.095221,2.7e-05,1e-06
I11D1|D013,미금,신분당선,경기도 신분당선,도시철도 환승역,4,0.095057,2.5e-05,0.0
S1107|0725,군자(능동),7호선,서울교통공사,환승역,5,0.094037,3.6e-05,0.0
I41WS|4805,소새울역,서해선,한국철도공사,일반역,2,0.093979,3e-05,0.002279
S1109|4118,노들,서울 도시철도 9호선,서울특별시 서울시메트로9호선㈜,일반역,2,0.093977,4e-05,1e-05
S1108|0814,잠실(송파구청),8호선,서울교통공사,환승역,5,0.093867,3.5e-05,0.0
S1109|4119,흑석(중앙대입구),서울 도시철도 9호선,서울특별시 서울시메트로9호선㈜,일반역,2,0.093403,3.9e-05,3e-06
S2801|3124,인천시청,인천지하철 1호선,인천교통공사,일반역,3,0.09326,2.5e-05,0.0
S2801|3122,부평삼거리,인천지하철 1호선,인천교통공사,일반역,2,0.093036,2.7e-05,0.0
I41WS|4806,시흥대야역,서해선,한국철도공사,일반역,2,0.091691,2.9e-05,0.000532
S2801|3123,간석오거리,인천지하철 1호선,인천교통공사,일반역,2,0.090937,2.6e-05,0.0
I41WS|4807,신천역,서해선,한국철도공사,일반역,2,0.089397,2.8e-05,0.000124
I1103|0342,양재(서초구청),3호선,서울교통공사,환승역,3,0.087539,3.7e-05,0.0
I41WS|4808,신현역,서해선,한국철도공사,일반역,2,0.087096,2.6e-05,2.9e-05
I41WS|4809,시흥시청역,서해선,한국철도공사,일반역,2,0.084789,2.4e-05,7e-06
I4101|0130,종로3가,1호선,서울교통공사,환승역,5,0.084379,4e-05,8.2e-05
I4101|0128,동대문,1호선,서울교통공사,환승역,3,0.084237,3.9e-05,8e-06
I4108|1202,상봉역,경의중앙선,한국철도공사,환승역,4,0.083894,3.4e-05,0.0001
S1107|0720,상봉,7호선,서울교통공사,환승역,3,0.083714,3.4e-05,0.000352
S1108|0815,석촌,8호선,서울교통공사,일반역,3,0.083557,3.4e-05,0.0
S1102|0212,건대입구,2호선,서울교통공사,환승역,3,0.083509,3.7e-05,0.0
I11D1|D009,양재시민의숲(매헌),신분당선,경기도 신분당선,도시철도 일반역,2,0.083278,3.5e-05,0.0
I4101|0127,동묘앞,1호선,서울교통공사,환승역,3,0.083275,3.9e-05,3e-06
I4101|0129,종로5가,1호선,서울교통공사,일반역,2,0.082537,3.9e-05,2e-05
I41WS|4810,시흥능곡역,서해선,한국철도공사,일반역,2,0.082476,2.3e-05,2e-06
I1104|0417,길음,4호선,서울교통공사,일반역,2,0.082014,3.5e-05,0.0
I28A1|A04,디지털미디어시티,인천국제공항선,공항철도주식회사,환승역,4,0.081581,3.8e-05,0.018096
I11D1|D010,청계산입구,신분당선,경기도 신분당선,도시철도 일반역,2,0.081295,3.2e-05,0.0
I11D1|D011,판교,신분당선,경기도 신분당선,도시철도 환승역,3,0.080429,2.7e-05,0.0
I41WS|4811,달미역,서해선,한국철도공사,일반역,2,0.080156,2.2e-05,0.0
I1104|0416,미아사거리,4호선,서울교통공사,일반역,2,0.079838,3.4e-05,0.0
I1104|0412,창동,4호선,서울교통공사,환승역,6,0.079739,3e-05,0.0
S1107|0710,도봉산,7호선,서울교통공사,환승역,3,0.078779,2.7e-05,0.0
I1104|0415,미아(서울사이버대학),4호선,서울교통공사,일반역,2,0.077859,3.3e-05,0.0
I41WS|4812,선부역,서해선,한국철도공사,일반역,2,0.07783,2.1e-05,0.0
I4105|1859,오리역,분당선,한국철도공사,일반역,3,0.076934,2.4e-05,0.0
L11SL|S404,보라매,수도권 경량도시철도 신림선,남서울경전철 주식회사,환승역,5,0.076556,3.9e-05,4e-06
I4108|1203,망우역,경의중앙선,한국철도공사,환승역,3,0.076395,3.4e-05,9.4e-05
S1107|0727,건대입구,7호선,서울교통공사,환승역,3,0.076338,3.7e-05,0.0
I1104|0414,수유(강북구청),4호선,서울교통공사,일반역,2,0.076081,3.1e-05,0.0
S1108|0817,가락시장,8호선,서울교통공사,환승역,4,0.075699,3.2e-05,0.0
I28K1|1758,초지역,수인선,한국철도공사,환승역,5,0.075683,2.1e-05,0.0
I4108|1267,수색역,경의중앙선,한국철도공사,일반역,2,0.075343,3.7e-05,0.004226
I4105|1862,죽전역,분당선,한국철도공사,일반역,2,0.074797,2.3e-05,0.0
I1104|0413,쌍문,4호선,서울교통공사,일반역,2,0.074396,3.1e-05,0.0
S1105|0531,충정로(경기대입구),5호선,서울교통공사,환승역,4,0.074143,4e-05,0.000473
S1108|0820,복정,8호선,서울교통공사,환승역,5,0.073989,3.1e-05,0.0
S1107|0724,중곡,7호선,서울교통공사,일반역,2,0.073697,3.5e-05,0.0
I4102|1904,망월사역,경원선,한국철도공사,일반역,2,0.073158,2.6e-05,0.0
I4108|1268,한국항공대,경의중앙선,한국철도공사,일반역,2,0.073013,3.3e-05,0.000987
I4105|1861,보정역,분당선,한국철도공사,일반역,2,0.07266,2.3e-05,0.0
S1108|0816,송파,8호선,서울교통공사,일반역,2,0.072362,3.3e-05,0.0
S1102|0213,구의(광진구청),2호선,서울교통공사,일반역,2,0.07216,3.5e-05,0.0
I4101|1714,독산역,경부선,한국철도공사,일반역,2,0.071974,3.5e-05,0.0
S1107|0723,용마산(용마폭포공원),7호선,서울교통공사,일반역,2,0.071942,3.4e-05,1e-06
I4101|1005,대방역,경부선,한국철도공사,환승역,5,0.071894,4e-05,5.5e-05
S1107|0721,면목,7호선,서울교통공사,일반역,2,0.071807,3.4e-05,2.4e-05
I41K5|1502,이매역,경강선,한국철도공사,환승역,4,0.071582,2.7e-05,0.0
S1107|0722,사가정,7호선,서울교통공사,일반역,2,0.07129,3.4e-05,6e-06
S1105|0532,서대문,5호선,서울교통공사,일반역,3,0.071152,4e-05,0.000148
S1105|0533,광화문(세종문화회관),5호선,서울교통공사,일반역,2,0.071072,3.9e-05,5e-05
I4102|1905,회룡역,경원선,한국철도공사,환승역,3,0.070812,2.5e-05,0.0
S1102|0214,강변(동서울터미널),2호선,서울교통공사,일반역,2,0.070687,3.5e-05,0.0
I4108|1269,강매역,경의중앙선,한국철도공사,일반역,2,0.070684,3.1e-05,0.000232
L11SL|S403,서울지방병무청,수도권 경량도시철도 신림선,남서울경전철 주식회사,일반역,2,0.070633,4e-05,1.3e-05
I4105|1863,구성역,분당선,한국철도공사,환승역,2,0.07052,2.2e-05,0.0
S1102|0215,잠실나루,2호선,서울교통공사,일반역,3,0.070296,3.5e-05,0.0
S2801|3125,예술회관,인천지하철 1호선,인천교통공사,일반역,2,0.070238,2.5e-05,0.0
I4101|1750,광명역,경부선,한국철도공사,일반역,2,0.06983,3e-05,0.0
I4105|1865,기흥역,분당선,한국철도공사,환승역,3,0.06839,2.1e-05,0.0
I4105|1864,신갈역,분당선,한국철도공사,일반역,2,0.068374,2.2e-05,0.0
I4108|1270,행신역,경의중앙선,한국철도공사,일반역,3,0.068354,3e-05,5.9e-05
S2801|3126,인천터미널,인천지하철 1호선,인천교통공사,일반역,2,0.067892,2.4e-05,0.0
S2801|3110,계양,인천지하철 1호선,인천교통공사,환승역,4,0.067822,2.9e-05,0.133542
I4101|1703,금천구청역,경부선,한국철도공사,일반역,2,0.067693,2.9e-05,0.0
I4108|1264,홍대입구역,경의중앙선,한국철도공사,환승역,4,0.066955,4e-05,0.016995
S1107|0726,어린이대공원(세종대),7호선,서울교통공사,일반역,2,0.066509,3.6e-05,0.0
I4101|1704,석수역,경부선,한국철도공사,일반역,2,0.065582,2.8e-05,0.0
S2801|3127,문학경기장,인천지하철 1호선,인천교통공사,일반역,2,0.065544,2.4e-05,0.0
S1102|0237,당산,2호선,서울교통공사,환승역,3,0.06478,4e-05,0.000196
I4101|1713,수원역,경부선,한국철도공사,환승역,3,0.064552,1.9e-05,0.0
S1109|4125,신논현,서울 도시철도 9호선,서울특별시 서울시메트로9호선㈜,환승역,3,0.064446,3.9e-05,0.0
I41WS|1271,능곡역,서해선,한국철도공사,환승역,3,0.063686,2.9e-05,1.8e-05
I4101|1705,관악역,경부선,한국철도공사,일반역,2,0.063503,2.6e-05,0.0
S2801|3128,선학,인천지하철 1호선,인천교통공사,일반역,2,0.063192,2.3e-05,0.0
I4108|1272,곡산역,경의중앙선,한국철도공사,환승역,4,0.062916,2.6e-05,5e-06
S1109|4127,선정릉,수도권  도시철도 9호선,서울시메트로9호선㈜,환승역,3,0.062775,3.8e-05,0.0
I4101|1706,안양역,경부선,한국철도공사,일반역,2,0.061478,2.5e-05,0.0
S1109|4126,언주,수도권  도시철도 9호선,서울시메트로9호선㈜,일반역,2,0.061334,3.8e-05,0.0
S2801|3129,신연수,인천지하철 1호선,인천교통공사,일반역,2,0.06084,2.3e-05,0.0
S1108|0818,문정,8호선,서울교통공사,일반역,2,0.060827,3.2e-05,0.0
S1109|4124,사평,서울 도시철도 9호선,서울특별시 서울시메트로9호선㈜,일반역,2,0.060419,3.9e-05,0.0
I4102|1901,방학역,경원선,한국철도공사,일반역,2,0.060403,2.9e-05,0.0
S1102|0230,신림,2호선,서울교통공사,일반역,3,0.059988,3.7e-05,0.0
I4105|1851,가천대역,분당선,한국철도공사,일반역,2,0.05963,2.9e-05,0.0
I4101|1707,명학역,경부선,한국철도공사,일반역,3,0.059511,2.4e-05,0.0
I41WS|1982,부천종합운동장역,서해선,한국철도공사,환승역,5,0.059463,3.1e-05,0.033829
S2801|3130,원인재,인천지하철 1호선,인천교통공사,환승역,5,0.059386,2.2e-05,0.0
S1102|0226,사당,2호선,서울교통공사,환승역,5,0.059131,3.7e-05,1e-06
S1108|0819,장지,8호선,서울교통공사,일반역,3,0.058905,3.1e-05,0.0
I4108|1201,중랑역,경의중앙선,한국철도공사,환승역,2,0.058436,3.4e-05,0.001377
S1109|4113,당산,서울 도시철도 9호선,서울특별시 서울시메트로9호선㈜,환승역,3,0.058244,4e-05,0.000758
I4102|1902,도봉역,경원선,한국철도공사,일반역,2,0.0581,2.8e-05,0.0
S1105|0523,영등포구청,5호선,서울교통공사,환승역,5,0.057846,3.9e-05,0.000223
I4105|1852,태평역,분당선,한국철도공사,일반역,3,0.057695,2.8e-05,0.0
S1109|4112,선유도,서울 도시철도 9호선,서울특별시 서울시메트로9호선㈜,일반역,2,0.055645,3.9e-05,5.2e-05
I4101|1708,금정역,경부선,한국철도공사,환승역,3,0.055622,2.3e-05,0.0
S1102|0229,봉천,2호선,서울교통공사,일반역,2,0.055258,3.7e-05,0.0
S1108|0827,모란,8호선,서울교통공사,환승역,4,0.055218,2.8e-05,0.0
S1102|0242,아현,2호선,서울교통공사,일반역,2,0.054974,3.9e-05,0.000454
S1102|0224,서초,2호선,서울교통공사,일반역,3,0.054868,3.8e-05,0.0
S1102|0227,낙성대(강감찬),2호선,서울교통공사,일반역,2,0.054854,3.6e-05,0.0
S1102|0228,서울대입구(관악구청),2호선,서울교통공사,일반역,2,0.054697,3.6e-05,0.0
S1107|0743,신풍,7호선,서울교통공사,일반역,2,0.054682,3.8e-05,2e-06
S1102|0241,이대,2호선,서울교통공사,일반역,3,0.054384,3.9e-05,0.001563
S1102|0225,방배,2호선,서울교통공사,일반역,2,0.054239,3.7e-05,0.0
S1109|4111,신목동,서울 도시철도 9호선,서울특별시 서울시메트로9호선㈜,일반역,2,0.053983,3.7e-05,3.8e-05
I4101|1709,군포역,경부선,한국철도공사,일반역,2,0.053688,2.3e-05,0.0
S1102|0232,구로디지털단지,2호선,서울교통공사,일반역,2,0.05366,3.7e-05,1e-06
S1106|0648,신내,6호선,서울교통공사,일반역,3,0.053274,3.2e-05,1.2e-05
S1102|0231,신대방,2호선,서울교통공사,일반역,2,0.053089,3.7e-05,0.0
I4105|1860,이매역,분당선,한국철도공사,환승역,3,0.052783,2.7e-05,0.0
S1109|4110,염창,서울 도시철도 9호선,서울특별시 서울시메트로9호선㈜,일반역,2,0.052658,3.7e-05,0.00012
I4105|1854,야탑역,분당선,한국철도공사,일반역,2,0.05217,2.7e-05,0.0
I4101|1715,세류역,경부선,한국철도공사,일반역,2,0.051817,1.8e-05,0.0
I4101|1729,당정역,경부선,한국철도공사,일반역,2,0.051766,2.2e-05,0.0
S1107|0717,태릉입구,7호선,서울교통공사,환승역,3,0.051419,3.3e-05,1e-06
S1109|4109,등촌,서울 도시철도 9호선,서울특별시 서울시메트로9호선㈜,일반역,2,0.051332,3.6e-05,0.000504
I41WS|1981,원종역,서해선,한국철도공사,일반역,2,0.051271,3.1e-05,0.115725
S1106|0622,합정,6호선,서울교통공사,환승역,3,0.050248,3.9e-05,0.002995
S1109|4108,증미,서울 도시철도 9호선,서울특별시 서울시메트로9호선㈜,일반역,2,0.050187,3.6e-05,0.002157
S2802|3207,검암,인천지하철 2호선,인천교통공사,환승역,3,0.049975,2.6e-05,0.033063
I4101|1710,의왕역,경부선,한국철도공사,일반역,2,0.049908,2.1e-05,0.0
I4101|1716,병점역,경부선,한국철도공사,일반역,2,0.049414,1.7e-05,0.0
S1109|4107,가양,서울 도시철도 9호선,서울특별시 서울시메트로9호선㈜,일반역,2,0.049228,3.5e-05,0.009242
S1109|4106,양천향교,서울 도시철도 9호선,서울특별시 서울시메트로9호선㈜,일반역,2,0.048303,3.5e-05,0.039608
I4101|1711,성균관대역,경부선,한국철도공사,일반역,2,0.048239,2e-05,0.0
I4101|1749,서동탄역,경부선,한국철도공사,일반역,2,0.047004,1.6e-05,0.0
I4108|1204,양원역,경의중앙선,한국철도공사,일반역,2,0.047004,3.2e-05,2.3e-05
I41K2|1312,갈매역,경춘선,한국철도공사,일반역,3,0.047004,3e-05,3e-06
S1105|0540,왕십리(성동구청),5호선,서울교통공사,환승역,5,0.046991,3.8e-05,1.4e-05
I4101|1712,화서역,경부선,한국철도공사,일반역,2,0.046831,2e-05,0.0
S1109|4114,국회의사당,서울 도시철도 9호선,서울특별시 서울시메트로9호선㈜,일반역,2,0.046548,4e-05,7.3e-05
S1106|0628,삼각지(전쟁기념관),6호선,서울교통공사,환승역,3,0.04615,4e-05,0.00045
I1104|0430,이촌(국립중앙박물관),4호선,서울교통공사,환승역,4,0.04583,3.9e-05,2.9e-05
I1104|0431,동작(현충원),4호선,서울교통공사,환승역,3,0.045478,4e-05,7e-06
I1104|0411,노원,4호선,서울교통공사,환승역,5,0.045191,3e-05,0.0
S1108|807,구리(구리전통시장),8호선,구리도시공사,일반역,5,0.044694,2.9e-05,7e-06
I28K1|1757,고잔역,수인선,한국철도공사,환승역,4,0.044642,2e-05,0.0
I4101|1717,세마역,경부선,한국철도공사,일반역,2,0.044588,1.6e-05,0.0
S1109|4128,삼성중앙,수도권  도시철도 9호선,서울시메트로9호선㈜,일반역,2,0.044581,3.7e-05,0.0
I4105|1855,서현역,분당선,한국철도공사,일반역,3,0.04435,2.6e-05,0.0
S1107|0719,중화,7호선,서울교통공사,일반역,2,0.044045,3.4e-05,2.4e-05
I41K2|1203,망우역,경춘선,한국철도공사,환승역,3,0.04401,3.4e-05,4.6e-05
I1104|0429,신용산,4호선,서울교통공사,일반역,2,0.04351,3.9e-05,0.000107
S1102|0218,종합운동장,2호선,서울교통공사,환승역,3,0.042813,3.5e-05,0.0
S1102|0206,신당,2호선,서울교통공사,환승역,2,0.042743,3.9e-05,6e-06
S1107|0718,먹골,7호선,서울교통공사,일반역,2,0.042659,3.3e-05,6e-06
S1109|4129,봉은사,수도권  도시철도 9호선,서울시메트로9호선㈜,일반역,2,0.042547,3.6e-05,0.0
I4105|1856,수내역,분당선,한국철도공사,일반역,3,0.042278,2.6e-05,0.0
I41K2|1313,별내역,경춘선,한국철도공사,환승역,4,0.042217,2.9e-05,1e-06
I4101|1718,오산대역,경부선,한국철도공사,일반역,2,0.042165,1.6e-05,0.0
S1102|0207,상왕십리,2호선,서울교통공사,일반역,3,0.041552,3.8e-05,9e-06
I1104|0428,삼각지(전쟁기념관),4호선,서울교통공사,환승역,3,0.041017,4e-05,0.001109
I1103|0333,약수,3호선,서울교통공사,환승역,4,0.040362,3.9e-05,6e-06
I4108|1266,디지털미디어시티역,경의중앙선,한국철도공사,환승역,4,0.040205,3.7e-05,0.016568
I28K1|1756,중앙역,수인선,한국철도공사,환승역,3,0.039784,2e-05,0.0
S1106|0627,효창공원앞,6호선,서울교통공사,환승역,5,0.039736,4e-05,0.004247
I4101|1719,오산역,경부선,한국철도공사,일반역,2,0.039736,1.5e-05,0.0
S1107|0716,공릉(서울과학기술대),7호선,서울교통공사,일반역,2,0.038703,3.2e-05,0.0
S1102|0211,성수,2호선,서울교통공사,일반역,3,0.03742,3.7e-05,1e-06
I4108|1273,백마역,경의중앙선,한국철도공사,환승역,3,0.037346,2.5e-05,1e-06
I4101|1720,진위역,경부선,한국철도공사,일반역,2,0.037301,1.4e-05,0.0
I41K2|1314,퇴계원역,경춘선,한국철도공사,일반역,2,0.037301,2.8e-05,0.0
S1107|0715,하계,7호선,서울교통공사,일반역,2,0.036518,3.1e-05,0.0
I1103|0334,금호,3호선,서울교통공사,일반역,3,0.03639,3.8e-05,2e-06
I4105|1849,강남구청역,분당선,한국철도공사,환승역,3,0.036059,3.8e-05,0.0
S1107|3761,부평구청,도시철도 7호선,인천교통공사,환승역,3,0.035876,2.7e-05,2e-06
S1102|0234,신도림,2호선,서울교통공사,환승역,3,0.035382,3.9e-05,1.4e-05
I1103|0337,신사,3호선,서울교통공사,일반역,3,0.035324,3.8e-05,0.0
S2801|3119,부평시장,인천지하철 1호선,인천교통공사,일반역,2,0.035311,2.7e-05,1e-06
S1102|0235,문래,2호선,서울교통공사,일반역,2,0.035019,3.9e-05,5.3e-05
L41U1|U111,회룡,의정부,의정부경량전철㈜,환승역,4,0.034901,2.5e-05,0.0
S2801|3118,부평구청,인천지하철 1호선,인천교통공사,환승역,3,0.034865,2.7e-05,2e-06
I4108|1206,도농역,경의중앙선,한국철도공사,일반역,3,0.034859,2.8e-05,2e-06
L41E1|Y110,기흥(백남준아트센터),에버라인,경기도 용인경전철,환승역,2,0.034859,2.1e-05,0.0
I41K2|1315,사릉역,경춘선,한국철도공사,일반역,2,0.034859,2.5e-05,0.0
I4101|1721,송탄역,경부선,한국철도공사,일반역,2,0.034859,1.3e-05,0.0
I4103|1755,한대앞역,안산과천선,한국철도공사,환승역,3,0.034859,1.9e-05,0.0
I4105|1850,선정릉역,분당선,한국철도공사,환승역,3,0.03474,3.7e-05,0.0
S1107|0714,중계,7호선,서울교통공사,일반역,2,0.034378,3e-05,0.0
S1106|0639,안암(고대병원앞),6호선,서울교통공사,일반역,2,0.034179,3.7e-05,0.0
S1107|3755,춘의,도시철도 7호선,인천교통공사,일반역,3,0.033014,3e-05,0.010165
I1103|0344,도곡,3호선,서울교통공사,환승역,3,0.032786,3.5e-05,0.0
I1103|0335,옥수,3호선,서울교통공사,환승역,3,0.032574,3.8e-05,1e-06
I4108|1274,풍산역,경의중앙선,한국철도공사,환승역,3,0.032449,2.4e-05,0.0
I4101|1722,서정리역,경부선,한국철도공사,일반역,2,0.032411,1.3e-05,0.0
I4108|1207,양정역,경의중앙선,한국철도공사,일반역,2,0.032411,2.5e-05,0.0
I4102|1906,의정부역,경원선,한국철도공사,일반역,3,0.032411,2.4e-05,0.0
L41E1|Y111,강남대,에버라인,경기도 용인경전철,일반역,2,0.032411,2.1e-05,0.0
I41K2|1316,금곡역,경춘선,한국철도공사,일반역,2,0.032411,2.3e-05,0.0
S1106|0640,고려대(종암),6호선,서울교통공사,일반역,2,0.032398,3.6e-05,0.0
I1103|0336,압구정,3호선,서울교통공사,일반역,2,0.032347,3.8e-05,0.0
I4102|1018,석계역,경원선,한국철도공사,환승역,4,0.032218,3.3e-05,0.0
S1105|0547,천호(풍납토성),5호선,서울교통공사,환승역,5,0.032019,3.3e-05,0.0
S1109|4133,석촌,수도권  도시철도 9호선,서울시메트로9호선㈜,환승역,3,0.031689,3.4e-05,0.0
S1102|0220,선릉,2호선,서울교통공사,환승역,3,0.031464,3.7e-05,0.0
I4105|1866,상갈역,분당선,한국철도공사,일반역,2,0.031445,2e-05,0.0
S1107|3756,신중동,도시철도 7호선,인천교통공사,일반역,2,0.031163,2.9e-05,0.002372
S1106|0634,청구,6호선,서울교통공사,환승역,5,0.030922,3.9e-05,1.6e-05
I1101|1807,백운역,경인선,한국철도공사,일반역,2,0.030835,2.7e-05,2e-06
S1106|0641,월곡(동덕여대),6호선,서울교통공사,일반역,2,0.030627,3.5e-05,0.0
I4105|1867,청명역,분당선,한국철도공사,일반역,2,0.03012,2e-05,0.0
S1106|0645,태릉입구,6호선,서울교통공사,환승역,3,0.03004,3.3e-05,0.0
I4101|0126,신설동,1호선,서울교통공사,환승역,4,0.029963,3.8e-05,1e-06
L41E1|Y112,지석,에버라인,경기도 용인경전철,일반역,2,0.029956,2e-05,0.0
I4101|1723,평택지제역,경부선,한국철도공사,일반역,2,0.029956,1.2e-05,0.0
I4102|1907,가능역,경원선,한국철도공사,일반역,2,0.029956,2.3e-05,0.0
L41U1|U112,범골,의정부,의정부경량전철㈜,일반역,2,0.029956,2.4e-05,0.0
I4103|1754,상록수역,안산과천선,한국철도공사,일반역,3,0.029956,1.8e-05,0.0
I41K2|1317,평내호평역,경춘선,한국철도공사,일반역,2,0.029956,2.1e-05,0.0
I4108|1208,덕소역,경의중앙선,한국철도공사,일반역,2,0.029956,2.4e-05,0.0
S1107|3757,부천시청,도시철도 7호선,인천교통공사,일반역,2,0.029327,2.9e-05,0.000553
S1102|0238,합정,2호선,서울교통공사,환승역,3,0.029173,3.9e-05,0.000813
S1106|0642,상월곡(한국과학기술연구원),6호선,서울교통공사,일반역,2,0.028942,3.4e-05,0.0
I4105|1868,영통역,분당선,한국철도공사,일반역,2,0.028913,2e-05,0.0
I11D1|D005,논현,신분당선,경기도 신분당선,도시철도 환승역,3,0.028692,3.9e-05,0.0
I1101|1808,동암역,경인선,한국철도공사,일반역,2,0.028618,2.6e-05,1e-06
I28A1|A07,검암,인천국제공항선,공항철도주식회사,환승역,3,0.02857,2.6e-05,0.008159
I4102|1013,왕십리역,경원선,한국철도공사,환승역,5,0.028471,3.8e-05,1.3e-05
S1107|0729,청담,7호선,서울교통공사,일반역,2,0.028432,3.7e-05,0.0
I4105|1846,수원역(분당),분당선,한국철도공사,환승역,2,0.02832,1.9e-05,0.0
I4105|1869,망포역,분당선,한국철도공사,일반역,2,0.028185,1.9e-05,0.0
S1107|0728,자양(뚝섬한강공원),7호선,서울교통공사,일반역,2,0.028086,3.6e-05,0.0
I4105|1870,매탄권선역,분당선,한국철도공사,일반역,2,0.027967,1.9e-05,0.0
I4105|1872,매교역,분당선,한국철도공사,일반역,2,0.027948,1.9e-05,0.0
I4105|1871,수원시청역,분당선,한국철도공사,일반역,2,0.027896,1.9e-05,0.0
I4108|1275,일산역,경의중앙선,한국철도공사,환승역,3,0.027527,2.3e-05,0.0
L41U1|U113,경전철의정부,의정부,의정부경량전철㈜,일반역,2,0.027495,2.4e-05,0.0
I4102|1908,녹양역,경원선,한국철도공사,일반역,2,0.027495,2.3e-05,0.0
I4103|1753,반월역,안산과천선,한국철도공사,일반역,2,0.027495,1.7e-05,0.0
I4108|1209,도심역,경의중앙선,한국철도공사,일반역,2,0.027495,2.3e-05,0.0
I41K2|1318,천마산역,경춘선,한국철도공사,일반역,2,0.027495,2e-05,0.0
I4101|1724,평택역,경부선,한국철도공사,일반역,2,0.027495,1.2e-05,0.0
L41E1|Y113,어정,에버라인,경기도 용인경전철,일반역,2,0.027495,2e-05,0.0
S1107|3758,상동,도시철도 7호선,인천교통공사,일반역,2,0.027489,2.8e-05,0.000129
S1106|0643,돌곶이,6호선,서울교통공사,일반역,2,0.027453,3.4e-05,0.0
I1103|0321,연신내,3호선,서울교통공사,환승역,5,0.027091,3.4e-05,6.2e-05
I11D1|D004,신사,신분당선,경기도 신분당선,도시철도 환승역,2,0.027088,3.8e-05,0.0
I1101|1816,간석역,경인선,한국철도공사,일반역,2,0.026606,2.5e-05,0.0
S1107|0712,마들,7호선,서울교통공사,일반역,2,0.026577,2.9e-05,0.0
I4105|1026,구룡역,분당선,한국철도공사,일반역,2,0.026558,3.5e-05,0.0
I1101|1809,주안역,경인선,한국철도공사,환승역,3,0.02618,2.4e-05,0.0
S1105|0529,공덕,5호선,서울교통공사,환승역,6,0.026087,4.1e-05,0.007041
I11D1|D006,신논현,신분당선,경기도 신분당선,도시철도 환승역,3,0.02583,3.9e-05,0.0
S1107|3759,삼산체육관,도시철도 7호선,인천교통공사,일반역,2,0.025647,2.8e-05,3e-05
I1103|0328,안국,3호선,서울교통공사,일반역,2,0.025416,3.8e-05,1.7e-05
I4102|1903,도봉산역,경원선,한국철도공사,환승역,3,0.025336,2.7e-05,0.0
I28K1|1883,남동인더스파크역,수인선,한국철도공사,일반역,2,0.025028,2.2e-05,0.0
I4108|1210,팔당역,경의중앙선,한국철도공사,일반역,2,0.025028,2.1e-05,0.0
I41K2|1319,마석역,경춘선,한국철도공사,일반역,2,0.025028,1.9e-05,0.0
I4102|1909,양주역,경원선,한국철도공사,일반역,2,0.025028,2.2e-05,0.0
L41E1|Y114,동백(용인세브란스),에버라인,경기도 용인경전철,일반역,2,0.025028,1.9e-05,0.0
I4101|1725,성환역,경부선,한국철도공사,일반역,2,0.025028,1.1e-05,0.0
I4103|1752,대야미역,안산과천선,한국철도공사,일반역,2,0.025028,1.7e-05,0.0
L41U1|U114,의정부시청,의정부,의정부경량전철㈜,일반역,2,0.025028,2.3e-05,0.0
I28A1|A071,청라국제도시,인천국제공항선,공항철도주식회사,일반역,2,0.025028,2.3e-05,0.007714
S1107|0730,강남구청,7호선,서울교통공사,환승역,3,0.024755,3.7e-05,0.0
I4105|1027,개포동역,분당선,한국철도공사,일반역,2,0.024633,3.4e-05,0.0
S1107|0711,수락산,7호선,서울교통공사,일반역,2,0.024274,2.8e-05,0.0
S1109|4131,삼전,수도권  도시철도 9호선,서울시메트로9호선㈜,일반역,2,0.024238,3.4e-05,0.0
I11D1|D008,양재(서초구청),신분당선,경기도 신분당선,도시철도 환승역,3,0.024209,3.7e-05,0.0
I4105|1030,수서역,분당선,한국철도공사,환승역,5,0.024152,3.2e-05,0.0
S1106|0621,망원,6호선,서울교통공사,일반역,2,0.024126,3.8e-05,0.00039
S1105|0541,마장,5호선,서울교통공사,일반역,3,0.024039,3.7e-05,7e-06
S1109|4132,석촌고분,수도권  도시철도 9호선,서울시메트로9호선㈜,일반역,2,0.023943,3.4e-05,0.0
I4105|1025,도곡역,분당선,한국철도공사,환승역,3,0.023879,3.5e-05,0.0
S1107|3760,굴포천,도시철도 7호선,인천교통공사,일반역,2,0.023805,2.7e-05,7e-06
S2802|3221,인천시청,인천지하철 2호선,인천교통공사,환승역,3,0.023654,2.5e-05,0.0
I1103|0327,경복궁(정부서울청사),3호선,서울교통공사,일반역,2,0.023372,3.7e-05,4e-06
S1106|0617,증산(명지대앞),6호선,서울교통공사,일반역,2,0.023122,3.6e-05,0.003868
I4105|1028,대모산입구역,분당선,한국철도공사,일반역,2,0.022987,3.4e-05,0.0
S1105|0542,답십리,5호선,서울교통공사,일반역,2,0.02257,3.6e-05,2e-06
I4103|1763,수리산역,안산과천선,한국철도공사,일반역,2,0.022554,1.6e-05,0.0
I4108|1211,운길산역,경의중앙선,한국철도공사,일반역,2,0.022554,1.9e-05,0.0
L41E1|Y115,초당,에버라인,경기도 용인경전철,일반역,2,0.022554,1.9e-05,0.0
I4108|1276,탄현역,경의중앙선,한국철도공사,일반역,2,0.022554,2.2e-05,0.0
S1105|0512,김포공항,5호선,서울교통공사,환승역,6,0.022554,3.3e-05,0.412728
L11UI|S119,정릉,우이신설선,우이신설경전철운영㈜,일반역,2,0.022554,3.5e-05,0.0
L41U1|U115,흥선,의정부,의정부경량전철㈜,일반역,2,0.022554,2.3e-05,0.0
I41K2|1320,대성리역,경춘선,한국철도공사,일반역,2,0.022554,1.7e-05,0.0
I4101|1726,직산역,경부선,한국철도공사,일반역,2,0.022554,1e-05,0.0
I28A1|A072,영종,인천국제공항선,공항철도주식회사,일반역,2,0.022554,1.9e-05,0.0018
I28K1|1882,호구포역,수인선,한국철도공사,일반역,2,0.022554,2.1e-05,0.0
I4102|1910,덕계역,경원선,한국철도공사,일반역,2,0.022554,2e-05,0.0
S1106|0620,마포구청,6호선,서울교통공사,일반역,2,0.022458,3.8e-05,0.000945
I1103|0343,매봉,3호선,서울교통공사,일반역,2,0.022291,3.6e-05,0.0
I41K5|1501,판교역,경강선,한국철도공사,환승역,2,0.022194,2.7e-05,0.0
S1121|2114,신설동,2호선,서울교통공사,일반역,3,0.022069,3.8e-05,0.0
I4101|1003,용산역,경부선,한국철도공사,환승역,3,0.022047,4e-05,0.000348
I1103|0341,남부터미널(예술의전당),3호선,서울교통공사,일반역,2,0.021944,3.7e-05,0.0
S1105|0543,장한평,5호선,서울교통공사,일반역,2,0.021906,3.6e-05,1e-06
S1105|0522,양평,5호선,서울교통공사,일반역,2,0.021864,3.8e-05,5.3e-05
I4101|1004,노량진역,경부선,한국철도공사,환승역,3,0.021784,4.1e-05,0.0001
I1103|0326,독립문,3호선,서울교통공사,일반역,2,0.021678,3.5e-05,1e-06
S1107|0732,논현,7호선,서울교통공사,일반역,3,0.021325,3.9e-05,0.0
S1105|0548,강동,5호선,서울교통공사,일반역,2,0.021286,3.2e-05,0.0
I41K5|1512,성남역,경강선,한국철도공사,환승역,2,0.021187,2.7e-05,0.0
S1105|0537,청구,5호선,서울교통공사,환승역,2,0.021177,3.9e-05,5e-06
S1109|4130,종합운동장,수도권  도시철도 9호선,서울시메트로9호선㈜,환승역,3,0.021161,3.5e-05,0.0
S1106|0619,월드컵경기장(성산),6호선,서울교통공사,일반역,2,0.021136,3.7e-05,0.003877
S1121|2113,용두(동대문구청),2호선,서울교통공사,일반역,2,0.020786,3.7e-05,0.0
I4101|1002,남영역,경부선,한국철도공사,일반역,2,0.020776,4e-05,0.001376
S1106|0616,새절(신사),6호선,서울교통공사,일반역,2,0.020722,3.5e-05,0.000904
I1103|0325,무악재,3호선,서울교통공사,일반역,2,0.020375,3.5e-05,0.0
S1105|0545,아차산(어린이대공원후문),5호선,서울교통공사,일반역,3,0.020356,3.5e-05,0.0
I41WS|4813,초지역,서해선,한국철도공사,환승역,4,0.020134,2.1e-05,0.0
I1103|0331,충무로,3호선,서울교통공사,환승역,3,0.020109,4e-05,4.7e-05
L41E1|Y116,삼가,에버라인,경기도 용인경전철,일반역,2,0.020073,1.8e-05,0.0
I4108|1212,양수역,경의중앙선,한국철도공사,일반역,2,0.020073,1.8e-05,0.0
I41K2|1321,청평역,경춘선,한국철도공사,일반역,2,0.020073,1.5e-05,0.0
L41U1|U117,의정부중앙,의정부,의정부경량전철㈜,일반역,2,0.020073,2.3e-05,0.0
I41K5|1503,삼동역,경강선,한국철도공사,일반역,2,0.020073,2.3e-05,0.0
S2801|3131,동춘,인천지하철 1호선,인천교통공사,일반역,2,0.020073,2.2e-05,0.0
L11UI|S118,북한산보국문,우이신설선,우이신설경전철운영㈜,일반역,2,0.020073,3.4e-05,0.0
I4101|1727,두정역,경부선,한국철도공사,일반역,2,0.020073,1e-05,0.0
I4103|1751,산본역,안산과천선,한국철도공사,일반역,2,0.020073,1.6e-05,0.0
I28A1|A08,운서,인천국제공항선,공항철도주식회사,일반역,2,0.020073,1.8e-05,0.00042
I4102|1911,덕정역,경원선,한국철도공사,일반역,2,0.020073,1.9e-05,0.0
I4108|1277,야당역,경의중앙선,한국철도공사,일반역,2,0.020073,2.1e-05,0.0
L41G1|G108,고촌역,김포도시철도,김포골드라인에스알에스㈜,일반역,2,0.020073,2.9e-05,0.096301
I28K1|1881,인천논현역,수인선,한국철도공사,일반역,2,0.020073,2.1e-05,0.0
S1102|0203,을지로3가,2호선,서울교통공사,환승역,5,0.01998,4e-05,0.000102
I4105|1024,한티역,분당선,한국철도공사,일반역,2,0.019939,3.6e-05,0.0
S1121|2112,신답,2호선,서울교통공사,일반역,2,0.019884,3.7e-05,0.0
S1105|0521,오목교(목동운동장앞),5호선,서울교통공사,일반역,2,0.019839,3.7e-05,1.3e-05
S1105|0530,애오개,5호선,서울교통공사,일반역,2,0.019817,4e-05,0.001376
I41WS|1953,대곡역,서해선,한국철도공사,환승역,3,0.019814,2.5e-05,1e-06
I1103|0350,가락시장,3호선,서울교통공사,환승역,3,0.019759,3.2e-05,0.0
S2802|3213,석남(거북시장),인천지하철 2호선,인천교통공사,환승역,4,0.019682,2.4e-05,2e-06
I1103|0324,홍제,3호선,서울교통공사,일반역,2,0.019679,3.4e-05,1e-06
I1103|0323,녹번,3호선,서울교통공사,일반역,2,0.019352,3.4e-05,4e-06
S1102|0217,잠실새내,2호선,서울교통공사,일반역,2,0.019303,3.5e-05,0.0
S1106|0612,불광,6호선,서울교통공사,환승역,3,0.019191,3.4e-05,1.7e-05
S1121|2111,용답,2호선,서울교통공사,일반역,2,0.019153,3.7e-05,0.0
S1106|0615,구산,6호선,서울교통공사,일반역,2,0.019031,3.5e-05,0.000214
S1102|0209,한양대,2호선,서울교통공사,일반역,3,0.018944,3.7e-05,7e-06
I1103|0332,동대입구,3호선,서울교통공사,일반역,2,0.018838,3.9e-05,1.2e-05
S1105|0549,길동,5호선,서울교통공사,일반역,2,0.018812,3.1e-05,0.0
S1108|0813,몽촌토성(평화의문),8호선,서울교통공사,일반역,2,0.0188,3.3e-05,0.0
S1105|0546,광나루(장신대),5호선,서울교통공사,일반역,2,0.018745,3.4e-05,0.0
S1107|0731,학동,7호선,서울교통공사,일반역,2,0.018245,3.8e-05,0.0
I4108|1262,공덕역,경의중앙선,한국철도공사,환승역,5,0.018151,4.1e-05,0.006404
S1102|0210,뚝섬,2호선,서울교통공사,일반역,2,0.018139,3.7e-05,2e-06
S1105|0520,목동,5호선,서울교통공사,일반역,2,0.01785,3.6e-05,7e-06
S1109|4134,송파나루,수도권  도시철도 9호선,서울시메트로9호선㈜,일반역,2,0.01767,3.3e-05,0.0
S1108|0812,강동구청,8호선,서울교통공사,일반역,3,0.017641,3.3e-05,0.0
I28K1|1759,안산역,수인선,한국철도공사,환승역,3,0.017606,2e-05,0.0
I28K1|1880,소래포구역,수인선,한국철도공사,일반역,2,0.017587,2e-05,0.0
I4102|1912,지행역,경원선,한국철도공사,일반역,2,0.017587,1.7e-05,0.0
L41G1|G107,풍무역,김포도시철도,김포골드라인에스알에스㈜,일반역,2,0.017587,2.6e-05,0.02247
I4108|1278,운정역,경의중앙선,한국철도공사,일반역,2,0.017587,2.1e-05,0.0
L41U1|U118,동오,의정부,의정부경량전철㈜,일반역,2,0.017587,2.2e-05,0.0
I4401|1728,천안역,경부선,한국철도공사,일반역,2,0.017587,9e-06,0.0
I28A1|A09,공항화물청사,인천국제공항선,공항철도주식회사,일반역,2,0.017587,1.6e-05,9.8e-05
I41K2|1322,상천역,경춘선,한국철도공사,일반역,2,0.017587,1.4e-05,0.0
S2801|3132,동막,인천지하철 1호선,인천교통공사,일반역,2,0.017587,2.1e-05,0.0
L41E1|Y117,시청·용인대,에버라인,경기도 용인경전철,일반역,2,0.017587,1.8e-05,0.0
I41K5|1504,경기광주역,경강선,한국철도공사,일반역,2,0.017587,2.1e-05,0.0
I4108|1213,신원역,경의중앙선,한국철도공사,일반역,2,0.017587,1.7e-05,0.0
I4103|1457,범계역,안산과천선,한국철도공사,일반역,2,0.017587,1.5e-05,0.0
L11UI|S117,솔샘,우이신설선,우이신설경전철운영㈜,일반역,2,0.017587,3.3e-05,0.0
S1107|3762,산곡,도시철도 7호선,인천교통공사,일반역,2,0.017353,2.6e-05,1e-06
S1108|0811,천호(풍납토성),8호선,서울교통공사,환승역,2,0.017272,3.3e-05,0.0
I1101|1823,도화역,경인선,한국철도공사,일반역,2,0.017259,2.4e-05,0.0
I4108|1263,서강대역,경의중앙선,한국철도공사,일반역,2,0.01691,4e-05,0.004218
S1105|0518,까치산,5호선,서울교통공사,환승역,3,0.016704,3.5e-05,8.4e-05
S1107|0733,반포,7호선,서울교통공사,일반역,3,0.016647,3.9e-05,0.0
S1105|0550,굽은다리(강동구민회관앞),5호선,서울교통공사,일반역,2,0.016332,3e-05,0.0
I4101|0132,시청,1호선,서울교통공사,환승역,4,0.016236,4e-05,0.000786
S1105|0519,신정(은행정),5호선,서울교통공사,일반역,2,0.016204,3.5e-05,2e-05
I4108|1251,서울역(경의선),경의중앙선,한국철도공사,환승역,4,0.015719,4.1e-05,0.002826
I1103|0351,경찰병원,3호선,서울교통공사,일반역,2,0.015662,3.1e-05,0.0
S1107|0734,고속터미널,7호선,서울교통공사,환승역,3,0.015623,3.9e-05,0.0
I4106|1953,대곡역,일산선,한국철도공사,환승역,4,0.015427,2.5e-05,0.0
S1109|4135,한성백제,수도권  도시철도 9호선,서울시메트로9호선㈜,일반역,2,0.015232,3.2e-05,0.0
I28A1|A10,인천공항1터미널,인천국제공항선,공항철도주식회사,환승역,3,0.01511,1.6e-05,2.4e-05
I4401|1401,봉명역,장항선,한국철도공사,일반역,2,0.015094,9e-06,0.0
L41U1|U119,새말,의정부,의정부경량전철㈜,일반역,2,0.015094,2.2e-05,0.0
I28K1|1879,월곶역,수인선,한국철도공사,일반역,2,0.015094,2e-05,0.0
L41G1|G106,사우역,김포도시철도,김포골드라인에스알에스㈜,일반역,2,0.015094,2.5e-05,0.005243
I4108|1214,국수역,경의중앙선,한국철도공사,일반역,2,0.015094,1.6e-05,0.0
S2801|3133,캠퍼스타운,인천지하철 1호선,인천교통공사,일반역,2,0.015094,2.1e-05,0.0
I41K5|1505,초월역,경강선,한국철도공사,일반역,2,0.015094,1.9e-05,0.0
L41E1|Y118,명지대,에버라인,경기도 용인경전철,일반역,2,0.015094,1.8e-05,0.0
I41K2|1323,가평역,경춘선,한국철도공사,일반역,2,0.015094,1.3e-05,0.0
I4103|1456,평촌역,안산과천선,한국철도공사,일반역,2,0.015094,1.5e-05,0.0
I4102|1913,동두천중앙역,경원선,한국철도공사,일반역,2,0.015094,1.7e-05,0.0
I4108|1279,금릉역,경의중앙선,한국철도공사,일반역,2,0.015094,2e-05,0.0
L11UI|S116,삼양사거리,우이신설선,우이신설경전철운영㈜,일반역,2,0.015094,3.2e-05,0.0
I4105|1023,선릉역,분당선,한국철도공사,환승역,3,0.015087,3.7e-05,0.0
I4102|1014,청량리역,경원선,한국철도공사,환승역,3,0.014968,3.7e-05,2e-06
I1101|1810,제물포역,경인선,한국철도공사,일반역,2,0.014779,2.3e-05,0.0
S2802|3208,검바위,인천지하철 2호선,인천교통공사,일반역,2,0.014625,2.5e-05,0.001904
I1103|0320,구파발,3호선,서울교통공사,일반역,3,0.014044,3.2e-05,1.6e-05
S1109|4136,올림픽공원(한국체대),수도권  도시철도 9호선,서울시메트로9호선㈜,환승역,3,0.013945,3.1e-05,0.0
S1105|0551,명일,5호선,서울교통공사,일반역,2,0.013845,3e-05,0.0
I4101|0125,제기동,1호선,서울교통공사,일반역,2,0.013669,3.8e-05,1e-06
I41K2|1311,신내역,경춘선,한국철도공사,환승역,2,0.013547,3.2e-05,3e-06
L11SL|S405,보라매공원,수도권 경량도시철도 신림선,남서울경전철 주식회사,일반역,3,0.013403,3.8e-05,1e-06
S1102|0221,역삼,2호선,서울교통공사,일반역,3,0.013396,3.8e-05,0.0
S1105|P552,오금,5호선,서울교통공사,환승역,4,0.01338,3.1e-05,0.0
S1106|0644,석계,6호선,서울교통공사,환승역,3,0.013345,3.3e-05,0.0
L11SL|S408,신림,수도권 경량도시철도 신림선,남서울경전철 주식회사,환승역,3,0.013313,3.7e-05,0.0
S2802|3209,아시아드경기장,인천지하철 2호선,인천교통공사,일반역,2,0.013278,2.5e-05,0.000444
I4102|1015,회기역,경원선,한국철도공사,환승역,3,0.013194,3.5e-05,0.0
I28K1|1760,능길역,수인선,한국철도공사,환승역,3,0.012607,1.9e-05,0.0
I4102|1914,보산역,경원선,한국철도공사,일반역,2,0.012594,1.6e-05,0.0
I41K5|1506,곤지암역,경강선,한국철도공사,일반역,2,0.012594,1.7e-05,0.0
L41G1|G105,걸포북변역,김포도시철도,김포골드라인에스알에스㈜,일반역,2,0.012594,2.4e-05,0.001223
L11UI|S115,삼양,우이신설선,우이신설경전철운영㈜,일반역,2,0.012594,3.2e-05,0.0
I11D1|D014,동천,신분당선,경기도 신분당선,도시철도 일반역,2,0.012594,2.4e-05,0.0
I4108|1280,금촌역,경의중앙선,한국철도공사,일반역,2,0.012594,1.9e-05,0.0
I4401|1402,쌍용(나사렛대)역,장항선,한국철도공사,일반역,2,0.012594,9e-06,0.0
I4108|1215,아신역,경의중앙선,한국철도공사,일반역,2,0.012594,1.5e-05,0.0
I4103|1455,인덕원역,안산과천선,한국철도공사,일반역,2,0.012594,1.4e-05,0.0
I41K2|1324,굴봉산역,경춘선,한국철도공사,일반역,2,0.012594,1.2e-05,0.0
L41E1|Y119,김량장,에버라인,경기도 용인경전철,일반역,2,0.012594,1.7e-05,0.0
I28K1|1878,달월역,수인선,한국철도공사,일반역,2,0.012594,1.9e-05,0.0
S2802|3206,독정,인천지하철 2호선,인천교통공사,일반역,2,0.012594,2.5e-05,0.001904
L41U1|U120,경기도청북부청사,의정부,의정부경량전철㈜,일반역,2,0.012594,2.2e-05,0.0
S2801|3134,테크노파크,인천지하철 1호선,인천교통공사,일반역,2,0.012594,2e-05,0.0
S2802|3222,석천사거리,인천지하철 2호선,인천교통공사,일반역,2,0.012594,2.5e-05,0.0
S1106|0646,화랑대(서울여대입구),6호선,서울교통공사,일반역,2,0.012588,3.2e-05,0.0
I4101|0124,청량리(서울시립대입구),1호선,서울교통공사,환승역,3,0.012533,3.7e-05,2e-06
I1101|1817,도원역,경인선,한국철도공사,일반역,2,0.012296,2.3e-05,0.0
S1106|0647,봉화산(서울의료원),6호선,서울교통공사,일반역,2,0.012154,3.2e-05,1e-06
S2802|3210,서구청,인천지하철 2호선,인천교통공사,일반역,2,0.012,2.5e-05,0.000104
I1104|0427,숙대입구(갈월),4호선,서울교통공사,일반역,2,0.011978,4e-05,0.000793
S1105|0524,영등포시장,5호선,서울교통공사,일반역,3,0.011753,3.9e-05,7.6e-05
S2801|3111,귤현,인천지하철 1호선,인천교통공사,일반역,3,0.011728,2.9e-05,0.040642
L11SL|S406,보라매병원,수도권 경량도시철도 신림선,남서울경전철 주식회사,일반역,2,0.011725,3.8e-05,0.0
S1105|0552,고덕,5호선,서울교통공사,일반역,2,0.011352,2.9e-05,0.0
S2802|3211,가정(루원시티),인천지하철 2호선,인천교통공사,일반역,2,0.011067,2.4e-05,2.4e-05
S2802|3212,가정중앙시장,인천지하철 2호선,인천교통공사,일반역,2,0.010788,2.4e-05,6e-06
L11UI|S122,신설동,우이신설선,우이신설경전철운영㈜,환승역,3,0.010743,3.8e-05,1e-06
L11SL|S407,당곡,수도권 경량도시철도 신림선,남서울경전철 주식회사,일반역,2,0.010207,3.8e-05,0.0
S28M1|102,장기주차장역,자기부상철도,인천광역시 인천국제공항공사,일반역,2,0.010088,1.6e-05,6e-06
L41U1|U121,효자,의정부,의정부경량전철㈜,일반역,2,0.010088,2.1e-05,0.0
I4102|1915,동두천역,경원선,한국철도공사,일반역,2,0.010088,1.6e-05,0.0
I4106|1954,백석역,일산선,한국철도공사,일반역,2,0.010088,2.4e-05,0.0
I4108|1216,오빈역,경의중앙선,한국철도공사,일반역,2,0.010088,1.4e-05,0.0
I41K2|1325,백양리역,경춘선,한국철도공사,일반역,2,0.010088,1.2e-05,0.0
I41K5|1507,신둔도예촌역,경강선,한국철도공사,일반역,2,0.010088,1.5e-05,0.0
I4103|1454,정부과천청사역,안산과천선,한국철도공사,일반역,2,0.010088,1.4e-05,0.0
S2801|3135,지식정보단지,인천지하철 1호선,인천교통공사,일반역,2,0.010088,2e-05,0.0
S2802|3205,완정,인천지하철 2호선,인천교통공사,일반역,2,0.010088,2.4e-05,0.000444
S2802|3223,모래내시장,인천지하철 2호선,인천교통공사,일반역,2,0.010088,2.4e-05,0.0
I4401|1403,아산역,장항선,한국철도공사,일반역,2,0.010088,9e-06,0.0
I11D1|D015,수지구청,신분당선,경기도 신분당선,도시철도 일반역,2,0.010088,2.3e-05,0.0
I1104|0410,상계,4호선,서울교통공사,일반역,2,0.010088,2.9e-05,0.0
L11UI|S114,화계,우이신설선,우이신설경전철운영㈜,일반역,2,0.010088,3.1e-05,0.0
I28K1|1877,사리역,수인선,한국철도공사,일반역,2,0.010088,1.5e-05,0.0
L41G1|G104,운양역,김포도시철도,김포골드라인에스알에스㈜,일반역,2,0.010088,2.2e-05,0.000285
I4108|1282,월롱역,경의중앙선,한국철도공사,일반역,2,0.010088,1.7e-05,0.0
L41E1|Y120,용인중앙시장(용인예술과학대),에버라인,경기도 용인경전철,일반역,2,0.010088,1.7e-05,0.0
S2801|3112,박촌,인천지하철 1호선,인천교통공사,일반역,2,0.010056,2.8e-05,0.009483
I1101|1811,동인천역,경인선,한국철도공사,일반역,2,0.00988,2.2e-05,0.0
S2802|3218,주안,인천지하철 2호선,인천교통공사,환승역,3,0.009828,2.4e-05,0.0
I4102|1016,외대앞역,경원선,한국철도공사,일반역,3,0.009658,3.5e-05,0.0
S1105|0517,화곡,5호선,서울교통공사,일반역,2,0.009613,3.4e-05,0.000339
S1105|P550,올림픽공원(한국체대),5호선,서울교통공사,일반역,3,0.009511,3.1e-05,0.0
I1103|0319,지축,3호선,서울교통공사,일반역,3,0.009376,3.1e-05,5e-06
S1102|0202,을지로입구,2호선,서울교통공사,일반역,3,0.009196,4e-05,0.000252
I1103|0338,잠원,3호선,서울교통공사,일반역,2,0.009071,3.8e-05,0.0
S1108|0821,남위례,8호선,서울교통공사,일반역,2,0.00892,3e-05,0.0
S1105|0553,상일동,5호선,서울교통공사,일반역,2,0.008853,2.8e-05,0.0
I4102|1019,광운대역,경원선,한국철도공사,환승역,3,0.008724,3.2e-05,0.0
S2801|3113,임학,인천지하철 1호선,인천교통공사,일반역,2,0.008712,2.7e-05,0.002213
S1105|0516,우장산,5호선,서울교통공사,일반역,2,0.008484,3.3e-05,0.00145
I4102|1017,신이문역,경원선,한국철도공사,일반역,2,0.007897,3.4e-05,0.0
S1107|0741,신대방삼거리,7호선,서울교통공사,일반역,2,0.007842,3.8e-05,1e-06
S2802|3214,서부여성회관,인천지하철 2호선,인천교통공사,일반역,3,0.007791,2.4e-05,1e-06
I1103|0339,고속터미널,3호선,서울교통공사,환승역,4,0.007781,3.9e-05,0.0
I28K1|1891,인천역,수인선,한국철도공사,환승역,3,0.007621,2.1e-05,0.0
I28K1|1761,정왕역,수인선,한국철도공사,환승역,3,0.007582,1.8e-05,0.0
I11D1|D016,성복,신분당선,경기도 신분당선,도시철도 일반역,2,0.007576,2.2e-05,0.0
I28K1|1876,야목역,수인선,한국철도공사,일반역,2,0.007576,1.4e-05,0.0
I4108|1283,파주역,경의중앙선,한국철도공사,일반역,2,0.007576,1.7e-05,0.0
I1104|0409,불암산,4호선,서울교통공사,일반역,2,0.007576,2.8e-05,0.0
L41G1|G103,장기역,김포도시철도,김포골드라인에스알에스㈜,일반역,2,0.007576,2.2e-05,6.7e-05
I28A1|A06,계양,인천국제공항선,공항철도주식회사,환승역,3,0.007576,2.9e-05,0.040641
L41E1|Y121,고진,에버라인,경기도 용인경전철,일반역,2,0.007576,1.7e-05,0.0
I4102|1916,소요산역,경원선,한국철도공사,일반역,2,0.007576,1.5e-05,0.0
I4106|1955,마두역,일산선,한국철도공사,일반역,2,0.007576,2.3e-05,0.0
I4103|1453,과천역,안산과천선,한국철도공사,일반역,2,0.007576,1.4e-05,0.0
I4401|1404,탕정역,장항선,한국철도공사,일반역,2,0.007576,9e-06,0.0
I41K2|1326,강촌역,경춘선,한국철도공사,일반역,2,0.007576,1.1e-05,0.0
L11UI|S113,가오리,우이신설선,우이신설경전철운영㈜,일반역,2,0.007576,3e-05,0.0
S28M1|103,합동청사역,자기부상철도,인천광역시 인천국제공항공사,일반역,2,0.007576,1.6e-05,1e-06
S2802|3204,마전,인천지하철 2호선,인천교통공사,일반역,2,0.007576,2.4e-05,0.000104
S2801|3136,인천대입구,인천지하철 1호선,인천교통공사,일반역,2,0.007576,2e-05,0.0
S2802|3224,만수,인천지하철 2호선,인천교통공사,일반역,2,0.007576,2.4e-05,0.0
I4108|1217,양평역,경의중앙선,한국철도공사,일반역,2,0.007576,1.4e-05,0.0
I41K5|1508,이천역,경강선,한국철도공사,일반역,2,0.007576,1.4e-05,0.0
L41U1|U122,곤제,의정부,의정부경량전철㈜,일반역,2,0.007576,2.1e-05,0.0
S1105|0515,발산,5호선,서울교통공사,일반역,2,0.007556,3.3e-05,0.006214
S2801|3114,계산,인천지하철 1호선,인천교통공사,일반역,2,0.007431,2.7e-05,0.000516
I1103|0322,불광,3호선,서울교통공사,환승역,4,0.007386,3.4e-05,1.2e-05
S2802|3220,석바위시장,인천지하철 2호선,인천교통공사,일반역,2,0.007159,2.5e-05,0.0
I4106|1950,삼송역,일산선,한국철도공사,일반역,2,0.007043,2.9e-05,1e-06
S2802|3217,주안국가산단,인천지하철 2호선,인천교통공사,일반역,2,0.006818,2.4e-05,0.0
S1108|0822,산성,8호선,서울교통공사,일반역,2,0.00669,2.9e-05,0.0
S1105|0514,마곡,5호선,서울교통공사,일반역,2,0.006645,3.2e-05,0.02663
S1105|0513,송정,5호선,서울교통공사,일반역,2,0.00661,3.3e-05,0.114132
S1107|0740,장승배기,7호선,서울교통공사,일반역,2,0.006482,3.7e-05,0.0
I4102|1020,월계역,경원선,한국철도공사,일반역,2,0.006462,3.1e-05,0.0
S1105|0554,강일,5호선,서울교통공사,일반역,2,0.00635,2.7e-05,0.0
S2801|3115,경인교대입구,인천지하철 1호선,인천교통공사,일반역,2,0.006254,2.7e-05,0.00012
S1102|0208,왕십리(성동구청),2호선,서울교통공사,환승역,6,0.006254,3.8e-05,1.4e-05
I4108|1014,청량리역,경의중앙선,한국철도공사,환승역,3,0.006196,3.7e-05,4e-06
I1103|0345,대치,3호선,서울교통공사,일반역,2,0.006042,3.4e-05,0.0
S1107|0735,내방,7호선,서울교통공사,일반역,2,0.005997,3.7e-05,0.0
S1106|0633,약수,6호선,서울교통공사,환승역,3,0.005962,3.9e-05,6e-06
S1106|0625,대흥(서강대앞),6호선,서울교통공사,일반역,2,0.00591,4e-05,0.001669
S2802|3215,인천가좌,인천지하철 2호선,인천교통공사,일반역,2,0.005618,2.4e-05,0.0
S1106|0629,녹사평(용산구청),6호선,서울교통공사,일반역,2,0.005516,3.9e-05,0.000262
S1107|0739,상도,7호선,서울교통공사,일반역,2,0.005362,3.7e-05,0.0
S2802|3216,가재울,인천지하철 2호선,인천교통공사,일반역,2,0.005281,2.3e-05,0.0
I28K1|1885,연수역,수인선,한국철도공사,일반역,3,0.005269,2.2e-05,0.0
S1107|0736,이수,7호선,서울교통공사,환승역,2,0.005156,3.7e-05,0.0
S2801|3116,작전,인천지하철 1호선,인천교통공사,일반역,2,0.00514,2.7e-05,2.8e-05
S1102|0204,을지로4가,2호선,서울교통공사,환승역,3,0.005137,4e-05,3.9e-05
L41G1|G102,마산역,김포도시철도,김포골드라인에스알에스㈜,일반역,2,0.005057,2.1e-05,1.6e-05
I4104|0408,별내별가람역,진접선,남양주도시공사,일반역,2,0.005057,2.5e-05,0.0
I11D1|D017,상현,신분당선,경기도 신분당선,도시철도 일반역,2,0.005057,2.1e-05,0.0
I4108|1284,문산역,경의중앙선,한국철도공사,일반역,2,0.005057,1.6e-05,0.0
I4108|1218,원덕역,경의중앙선,한국철도공사,일반역,2,0.005057,1.3e-05,0.0
L41E1|Y122,보평,에버라인,경기도 용인경전철,일반역,2,0.005057,1.6e-05,0.0
L11UI|S112,4.19민주묘지,우이신설선,우이신설경전철운영㈜,일반역,2,0.005057,2.9e-05,0.0
I28K1|1875,어천역,수인선,한국철도공사,일반역,2,0.005057,1.4e-05,0.0
S28M1|104,파라다이스시티역,자기부상철도,인천광역시 인천국제공항공사,일반역,2,0.005057,1.6e-05,0.0
S2801|3109,"아라(북부법원, 검찰청)",인천지하철 1호선,인천교통공사,일반역,2,0.005057,2.7e-05,0.009481
I4103|1452,대공원역,안산과천선,한국철도공사,일반역,2,0.005057,1.3e-05,0.0
I4401|1405,배방역,장항선,한국철도공사,일반역,2,0.005057,9e-06,0.0
S2802|3225,남동구청,인천지하철 2호선,인천교통공사,일반역,2,0.005057,2.3e-05,0.0
L41U1|U123,어룡,의정부,의정부경량전철㈜,일반역,2,0.005057,2.1e-05,0.0
S2801|3137,센트럴파크,인천지하철 1호선,인천교통공사,일반역,2,0.005057,1.9e-05,0.0
S2802|3203,검단사거리,인천지하철 2호선,인천교통공사,일반역,2,0.005057,2.3e-05,2.4e-05
I1101|1802,오류동역,경인선,한국철도공사,일반역,2,0.005057,3.2e-05,0.000132
I41K2|1327,김유정역,경춘선,한국철도공사,일반역,2,0.005057,1e-05,0.0
I41K5|1509,부발역,경강선,한국철도공사,일반역,2,0.005057,1.3e-05,0.0
S1105|P553,개롱,5호선,서울교통공사,일반역,3,0.005057,3e-05,0.0
S1122|2343,신정네거리,2호선,서울교통공사,일반역,2,0.005057,3.2e-05,2e-05
I4106|1956,정발산역,일산선,한국철도공사,일반역,2,0.005057,2.3e-05,0.0
I4102|1917,청산역,경원선,한국철도공사,일반역,2,0.005057,1.4e-05,0.0
L11SL|S409,서원,수도권 경량도시철도 신림선,남서울경전철 주식회사,일반역,2,0.005057,3.6e-05,0.0
S1106|0624,광흥창(서강),6호선,서울교통공사,일반역,2,0.004973,3.9e-05,0.000435
I1104|0433,사당,4호선,서울교통공사,환승역,2,0.004933,3.7e-05,1e-06
S2802|3219,시민공원,인천지하철 2호선,인천교통공사,일반역,2,0.004912,2.4e-05,0.0
I1104|0432,총신대입구(이수),4호선,서울교통공사,환승역,3,0.004852,3.7e-05,2e-06
S1107|0738,숭실대입구(살피재),7호선,서울교통공사,일반역,2,0.004813,3.6e-05,0.0
S1107|0737,남성,7호선,서울교통공사,일반역,2,0.004787,3.6e-05,0.0
S1106|0630,이태원,6호선,서울교통공사,일반역,2,0.004778,3.9e-05,6.2e-05
S1108|0823,남한산성입구(성남법원·검찰청),8호선,서울교통공사,일반역,2,0.004746,2.8e-05,0.0
I4106|1948,원흥역,일산선,한국철도공사,일반역,2,0.004714,2.8e-05,0.0
S2801|3117,갈산,인천지하철 1호선,인천교통공사,일반역,2,0.004707,2.6e-05,7e-06
S1106|0632,버티고개,6호선,서울교통공사,일반역,2,0.004707,3.9e-05,5e-06
S1106|0623,상수,6호선,서울교통공사,일반역,2,0.004698,3.9e-05,0.000277
S1106|0631,한강진,6호선,서울교통공사,일반역,2,0.004653,3.9e-05,1.5e-05
S1105|0538,신금호,5호선,서울교통공사,일반역,2,0.004444,3.8e-05,5e-06
I4102|1021,녹천역,경원선,한국철도공사,일반역,2,0.004325,3e-05,0.0
S1102|0219,삼성(무역센터),2호선,서울교통공사,일반역,2,0.00429,3.5e-05,0.0
S1105|0535,을지로4가,5호선,서울교통공사,환승역,3,0.00413,3.9e-05,3.4e-05
I1103|0346,학여울,3호선,서울교통공사,일반역,2,0.004123,3.4e-05,0.0
I4101|0131,종각,1호선,서울교통공사,일반역,2,0.004114,3.9e-05,0.000195
I1104|0421,동대문,4호선,서울교통공사,환승역,3,0.003943,3.9e-05,1.1e-05
S1105|0555,미사,5호선,서울교통공사,일반역,2,0.003876,2.6e-05,0.0
L41G1|G109,김포공항역,김포도시철도,김포골드라인에스알에스㈜,환승역,6,0.003786,3.3e-05,0.406984
S1105|P549,둔촌동,5호선,서울교통공사,일반역,2,0.003725,3e-05,0.0
S1106|0614,연신내,6호선,서울교통공사,환승역,2,0.0036,3.4e-05,1.6e-05
S1105|0539,행당,5호선,서울교통공사,일반역,2,0.003244,3.8e-05,5e-06
S1105|P551,방이,5호선,서울교통공사,일반역,2,0.00309,3.1e-05,0.0
I28K1|1890,신포역,수인선,한국철도공사,일반역,2,0.002827,2.1e-05,0.0
S1108|0824,단대오거리,8호선,서울교통공사,일반역,2,0.002811,2.7e-05,0.0
I28K1|1886,송도역,수인선,한국철도공사,일반역,2,0.002788,2.1e-05,0.0
L41U1|U124,송산,의정부,의정부경량전철㈜,일반역,2,0.002532,2e-05,0.0
S2802|3202,왕길,인천지하철 2호선,인천교통공사,일반역,2,0.002532,2.2e-05,6e-06
S2801|3108,신검단중앙,인천지하철 1호선,인천교통공사,일반역,2,0.002532,2.5e-05,0.002206
S1108|0810,암사,8호선,서울교통공사,일반역,2,0.002532,3.1e-05,0.0
I41K5|1510,세종대왕릉역,경강선,한국철도공사,일반역,2,0.002532,1.2e-05,0.0
S1109|4137,둔촌오륜,수도권  도시철도 9호선,서울시메트로9호선㈜,일반역,2,0.002532,3.1e-05,0.0
L41E1|Y123,둔전,에버라인,경기도 용인경전철,일반역,2,0.002532,1.6e-05,0.0
I28K1|1874,오목천역,수인선,한국철도공사,일반역,2,0.002532,1.3e-05,0.0
S2802|3226,인천대공원,인천지하철 2호선,인천교통공사,일반역,2,0.002532,2.2e-05,0.0
S2801|3138,국제업무지구,인천지하철 1호선,인천교통공사,일반역,2,0.002532,1.9e-05,0.0
I4102|1011,옥수역,경원선,한국철도공사,환승역,3,0.002532,3.8e-05,0.0
I41K2|1328,남춘천역,경춘선,한국철도공사,일반역,2,0.002532,9e-06,0.0
I4108|1286,운천역,경의중앙선,한국철도공사,일반역,2,0.002532,1.5e-05,0.0
I4401|1407,온양온천역,장항선,한국철도공사,일반역,2,0.002532,8e-06,0.0
I4108|1219,용문역,경의중앙선,한국철도공사,일반역,2,0.002532,1.2e-05,0.0
I4103|1451,경마공원역,안산과천선,한국철도공사,일반역,2,0.002532,1.3e-05,0.0
I1101|1801,개봉역,경인선,한국철도공사,일반역,2,0.002532,3.1e-05,3.1e-05
L11UI|S111,솔밭공원,우이신설선,우이신설경전철운영㈜,일반역,2,0.002532,2.9e-05,0.0
S28M1|105,워터파크역,자기부상철도,인천광역시 인천국제공항공사,일반역,2,0.002532,1.5e-05,0.0
S1122|2342,양천구청,2호선,서울교통공사,일반역,2,0.002532,3.1e-05,5e-06
S1105|P554,거여,5호선,서울교통공사,일반역,2,0.002532,2.9e-05,0.0
I28K1|1762,오이도역,수인선,한국철도공사,환승역,2,0.002532,1.8e-05,0.0
S1106|0611,역촌,6호선,서울교통공사,일반역,2,0.002532,3.3e-05,3e-06
I4104|0406,오남역,진접선,남양주도시공사,일반역,2,0.002532,2.1e-05,0.0
L11SL|S410,서울대벤처타운,수도권 경량도시철도 신림선,남서울경전철 주식회사,일반역,2,0.002532,3.5e-05,0.0
I41WS|4814,시우역,서해선,한국철도공사,일반역,2,0.002532,2e-05,0.0
I11D1|D018,광교중앙(아주대),신분당선,경기도 신분당선,도시철도 일반역,2,0.002532,2e-05,0.0
L41G1|G101,구래역,김포도시철도,김포골드라인에스알에스㈜,일반역,2,0.002532,2e-05,4e-06
I4102|1918,전곡역,경원선,한국철도공사,일반역,2,0.002532,1.3e-05,0.0
S1105|0511,개화산,5호선,서울교통공사,일반역,2,0.002532,3.2e-05,0.113812
I4105|1848,압구정로데오역,분당선,한국철도공사,일반역,2,0.002532,3.6e-05,0.0
I4106|1957,주엽역,일산선,한국철도공사,일반역,2,0.002532,2.2e-05,0.0
I1103|0347,대청,3호선,서울교통공사,일반역,2,0.002484,3.3e-05,0.0
I4106|1951,원당역,일산선,한국철도공사,일반역,2,0.002384,2.6e-05,0.0
S1106|0638,보문,6호선,서울교통공사,일반역,3,0.002317,3.8e-05,1e-06
I1104|0420,혜화,4호선,서울교통공사,일반역,2,0.002002,3.8e-05,3e-06
S1109|4104,신방화,서울 도시철도 9호선,서울특별시 서울시메트로9호선㈜,일반역,2,0.001896,3.4e-05,0.060451
S1105|0556,하남풍산,5호선,서울교통공사,일반역,2,0.001778,2.5e-05,0.0
S1105|0558,하남검단산,5호선,서울교통공사,일반역,2,0.00172,2.5e-05,0.0
I4106|1952,화정역,일산선,한국철도공사,일반역,2,0.001595,2.5e-05,0.0
I1103|0330,을지로3가,3호선,서울교통공사,환승역,2,0.001425,4e-05,4.2e-05
S1108|0826,수진,8호선,서울교통공사,일반역,2,0.001155,2.7e-05,0.0
I1103|0348,일원,3호선,서울교통공사,일반역,2,0.001052,3.2e-05,0.0
S1105|0557,하남시청(덕풍∙신장),5호선,서울교통공사,일반역,2,0.000934,2.4e-05,0.0
S1108|0825,신흥,8호선,서울교통공사,일반역,2,0.000873,2.7e-05,0.0
S1109|4103,공항시장,서울 도시철도 9호선,서울특별시 서울시메트로9호선㈜,일반역,2,0.000632,3.4e-05,0.103435
I1104|0419,한성대입구(삼선교),4호선,서울교통공사,일반역,2,0.000626,3.7e-05,1e-06
I28K1|1889,숭의역,수인선,한국철도공사,일반역,2,0.000481,2e-05,0.0
I28K1|1888,인하대역,수인선,한국철도공사,일반역,2,0.00043,2e-05,0.0
L11UI|S120,성신여대입구,우이신설선,우이신설경전철운영㈜,환승역,2,0.000205,3.7e-05,0.0
S2801|3139,송도달빛축제공원,인천지하철 1호선,인천교통공사,일반역,1,0.0,1.9e-05,0.0
I4102|1009,서빙고역,경원선,한국철도공사,일반역,1,0.0,3.7e-05,6e-06
I4108|1015,회기역,경의중앙선,한국철도공사,환승역,2,0.0,3.5e-05,0.0
I4105|1013,왕십리역,분당선,한국철도공사,환승역,4,0.0,3.8e-05,1.2e-05
I4102|1012,응봉역,경원선,한국철도공사,일반역,1,0.0,3.6e-05,3e-06
I28A1|A11,인천공항2터미널,인천국제공항선,공항철도주식회사,일반역,1,0.0,1.5e-05,5e-06
I28K1|1873,고색역,수인선,한국철도공사,일반역,1,0.0,1.3e-05,0.0
I28A1|A03,홍대입구,인천국제공항선,공항철도주식회사,환승역,2,0.0,4e-05,0.006413
I28A1|A042,마곡나루,인천국제공항선,공항철도주식회사,환승역,2,0.0,3.4e-05,0.128892
L41E1|Y124,전대·에버랜드,에버라인,경기도 용인경전철,일반역,1,0.0,1.6e-05,0.0
I4102|1010,한남역,경원선,한국철도공사,일반역,1,0.0,3.5e-05,0.0
I4102|1003,용산역,경원선,한국철도공사,환승역,1,0.0,4e-05,7.8e-05
I4102|1008,이촌역,경원선,한국철도공사,환승역,1,0.0,3.9e-05,6e-06
S1107|3753,까치울,도시철도 7호선,인천교통공사,일반역,1,0.0,2.9e-05,0.007486
S2802|3227,운연,인천지하철 2호선,인천교통공사,일반역,1,0.0,2.2e-05,0.0
S1107|3763,석남(거북시장),도시철도 7호선,인천교통공사,환승역,2,0.0,2.4e-05,0.0
S1107|3754,부천종합운동장,도시철도 7호선,인천교통공사,일반역,2,0.0,3e-05,0.009735
I4105|1031,복정역,분당선,한국철도공사,환승역,2,0.0,3.1e-05,0.0
I41K2|1329,춘천역,경춘선,한국철도공사,일반역,1,0.0,9e-06,0.0
I4401|1408,신창(순천향대)역,장항선,한국철도공사,일반역,1,0.0,8e-06,0.0
I4103|1450,선바위역,안산과천선,한국철도공사,일반역,1,0.0,1.3e-05,0.0
I41WS|1273,백마역,서해선,한국철도공사,환승역,1,0.0,2.5e-05,0.0
I41WS|1274,풍산역,서해선,한국철도공사,환승역,1,0.0,2.4e-05,0.0
I41WS|1272,곡산역,서해선,한국철도공사,환승역,1,0.0,2.6e-05,1e-06
I41WS|1275,일산역,서해선,한국철도공사,환승역,1,0.0,2.3e-05,0.0
I4108|1205,구리역,경의중앙선,한국철도공사,환승역,2,0.0,2.9e-05,2e-06
I4108|1285,임진강역,경의중앙선,한국철도공사,일반역,1,0.0,1.4e-05,0.0
I4108|1019,광운대역,경의중앙선,한국철도공사,환승역,2,0.0,3.2e-05,0.0
I4102|1022,창동역,경원선,한국철도공사,환승역,2,0.0,3e-05,0.0
I28K1|1884,원인재역,수인선,한국철도공사,환승역,2,0.0,2.2e-05,0.0
I28A1|A05,김포공항,인천국제공항선,공항철도주식회사,환승역,4,0.0,3.3e-05,0.371925
I11D1|D007,강남,신분당선,경기도 신분당선,도시철도 환승역,2,0.0,3.8e-05,0.0
I4108|1220,지평역,경의중앙선,한국철도공사,일반역,1,0.0,1.2e-05,0.0
I4108|1252,신촌역,경의중앙선,한국철도공사,일반역,2,0.0,3.9e-05,0.001481
I4108|1261,효창공원앞역,경의중앙선,한국철도공사,환승역,2,0.0,4e-05,0.002379
I4108|1265,가좌역,경의중앙선,한국철도공사,일반역,2,0.0,3.6e-05,0.002082
I4108|1271,능곡역,경의중앙선,한국철도공사,환승역,2,0.0,2.9e-05,1.7e-05
S1106|0610,응암,6호선,서울교통공사,일반역,1,0.0,3.1e-05,1e-06
I4103|1762,오이도역,안산과천선,한국철도공사,환승역,1,0.0,1.8e-05,0.0
I4103|1761,정왕역,안산과천선,한국철도공사,환승역,1,0.0,1.8e-05,0.0
I4103|1756,중앙역,안산과천선,한국철도공사,환승역,1,0.0,1.9e-05,0.0
I4103|1757,고잔역,안산과천선,한국철도공사,환승역,1,0.0,2e-05,0.0
I4103|1758,초지역,안산과천선,한국철도공사,환승역,2,0.0,2.1e-05,0.0
I4103|1759,안산역,안산과천선,한국철도공사,환승역,1,0.0,2e-05,0.0
I4103|1760,능길역,안산과천선,한국철도공사,환승역,1,0.0,1.9e-05,0.0
I1103|0329,종로3가,3호선,서울교통공사,환승역,2,0.0,3.9e-05,3.5e-05
I28K1|1755,한대앞역,수인선,한국철도공사,환승역,2,0.0,1.9e-05,0.0
S1107|0713,노원,7호선,서울교통공사,환승역,3,0.0,3e-05,0.0
S1107|0709,장암,7호선,서울교통공사,일반역,1,0.0,2.6e-05,0.0
S1107|0742,보라매,7호선,서울교통공사,일반역,2,0.0,3.9e-05,1e-06
S1102|0233,대림(구로구청),2호선,서울교통공사,환승역,2,0.0,3.8e-05,1e-06
S1102|0236,영등포구청,2호선,서울교통공사,환승역,2,0.0,3.9e-05,6.6e-05
S1102|0243,충정로(경기대입구),2호선,서울교통공사,환승역,2,0.0,4e-05,0.000139
S1122|2341,도림천,2호선,서울교통공사,일반역,1,0.0,3e-05,1e-06
S1105|P555,마천,5호선,서울교통공사,일반역,1,0.0,2.8e-05,0.0
L41U1|U110,발곡,의정부,의정부경량전철㈜,일반역,1,0.0,2.4e-05,0.0
S2801|3107,검단호수공원,인천지하철 1호선,인천교통공사,일반역,1,0.0,2.5e-05,0.000488
S2802|3201,검단오류,인천지하철 2호선,인천교통공사,일반역,1,0.0,2.2e-05,1e-06
L41U1|U125,탑석,의정부,의정부경량전철㈜,일반역,1,0.0,2e-05,0.0
S28M1|106,용유역,자기부상철도,인천광역시 인천국제공항공사,일반역,1,0.0,1.5e-05,0.0
S1109|4138,중앙보훈병원,수도권  도시철도 9호선,서울시메트로9호선㈜,일반역,1,0.0,2.9e-05,0.0
S1102|0216,잠실(송파구청),2호선,서울교통공사,환승역,2,0.0,3.4e-05,0.0
S1102|0201,시청,2호선,서울교통공사,환승역,2,0.0,4e-05,0.000233
S1109|4101,개화,서울 도시철도 9호선,서울특별시 서울시메트로9호선㈜,일반역,1,0.0,3.1e-05,0.090058
S1109|4102,김포공항,서울 도시철도 9호선,서울특별시 서울시메트로9호선㈜,환승역,4,0.0,3.3e-05,0.371925
S1107|0746,가산디지털단지,7호선,서울교통공사,환승역,2,0.0,3.7e-05,1e-06
I4103|1708,금정역,안산과천선,한국철도공사,환승역,2,0.0,2.3e-05,0.0
I41K5|1511,여주역,경강선,한국철도공사,일반역,1,0.0,1.1e-05,0.0
S1108|0809,암사역사공원,8호선,서울교통공사,일반역,1,0.0,2.8e-05,0.0
L11UI|S110,북한산우이,우이신설선,우이신설경전철운영㈜,일반역,1,0.0,2.8e-05,0.0
I1103|0352,오금,3호선,서울교통공사,환승역,2,0.0,3.1e-05,0.0
I1103|0349,수서,3호선,서울교통공사,환승역,2,0.0,3.2e-05,0.0
I4105|1853,모란역,분당선,한국철도공사,환승역,2,0.0,2.8e-05,0.0
I4105|1857,정자역,분당선,한국철도공사,환승역,2,0.0,2.6e-05,0.0
I4105|1858,미금역,분당선,한국철도공사,환승역,2,0.0,2.5e-05,0.0
L41G1|G100,양촌역,김포도시철도,김포골드라인에스알에스㈜,일반역,1,0.0,1.9e-05,1e-06
S1108|808,장자호수공원,8호선,구리도시공사,일반역,1,0.0,2.8e-05,1e-06
I1101|1813,구일역,경인선,한국철도공사,일반역,1,0.0,3e-05,7e-06
I4105|1847,서울숲역,분당선,한국철도공사,일반역,1,0.0,3.4e-05,0.0
S1105|0544,군자(능동),5호선,서울교통공사,환승역,2,0.0,3.6e-05,0.0
I1101|1812,인천역,경인선,한국철도공사,환승역,1,0.0,2.1e-05,0.0
S1106|0613,독바위,6호선,서울교통공사,일반역,2,0.0,3.4e-05,1.6e-05
S1105|0526,여의도,5호선,서울교통공사,환승역,3,0.0,4.1e-05,5.3e-05
S1108|806,동구릉,8호선,구리도시공사,일반역,1,0.0,2.8e-05,1e-06
I1104|0434,남태령,4호선,서울교통공사,일반역,1,0.0,3.5e-05,0.0
I4108|1953,대곡역,경의중앙선,한국철도공사,환승역,2,0.0,2.5e-05,0.0
I4106|1949,지축역,일산선,한국철도공사,일반역,2,0.0,3.1e-05,5e-06
I4102|1919,연천역,경원선,한국철도공사,일반역,1,0.0,1.2e-05,0.0
S1105|0510,방화,5호선,서울교통공사,일반역,1,0.0,3.1e-05,0.025184
I1104|0426,서울역,4호선,서울교통공사,환승역,4,0.0,4.1e-05,0.002944
I1104|0422,동대문역사문화공원(DDP),4호선,서울교통공사,환승역,2,0.0,4e-05,1.6e-05
I4106|1958,대화역,일산선,한국철도공사,일반역,1,0.0,2.1e-05,0.0
I1103|0340,교대(법원·검찰청),3호선,서울교통공사,환승역,2,0.0,3.8e-05,0.0
L11SL|S411,관악산,수도권 경량도시철도 신림선,남서울경전철 주식회사,일반역,1,0.0,3.4e-05,0.0
L11SL|S402,대방,수도권 경량도시철도 신림선,남서울경전철 주식회사,환승역,2,0.0,4e-05,3e-05
L11SL|S401,샛강,수도권 경량도시철도 신림선,남서울경전철 주식회사,환승역,2,0.0,4e-05,2.9e-05
I4104|0405,진접역,진접선,남양주도시공사,일반역,1,0.0,2e-05,0.0
S4108|805,다산역,수도권 광역철도 8호선,남양주도시공사,일반역,1,0.0,2.7e-05,0.0
S4108|804,별내역,수도권 광역철도 8호선,남양주도시공사,환승역,2,0.0,2.9e-05,1e-06
I11D1|D019,광교(경기대),신분당선,경기도 신분당선,도시철도 일반역,1,0.0,1.9e-05,0.0
I41WS|4815,원시역,서해선,한국철도공사,일반역,1,0.0,2e-05,0.0
