node_id,역사명,노선명,운행빈도,KRIC승하차,카드승하차,카드출처
I1101|1801,개봉역,경인선,1200.0,41170.3,27551.79,seoul_od
I1101|1802,오류동역,경인선,1128.0,20662.4,11880.51,seoul_od
I1101|1803,역곡역,경인선,952.0,48120.9,22543.72,seoul_od
I1101|1804,부천역,경인선,1070.0,60652.3,23849.27,seoul_od
I1101|1805,송내역,경인선,1189.0,46179.8,18477.08,seoul_od
I1101|1806,부평역,경인선,1113.0,110429.4,17821.589999999997,seoul_od
I1101|1807,백운역,경인선,1043.0,12839.2,3981.84,seoul_od
I1101|1808,동암역,경인선,1330.0,28538.9,10056.67,seoul_od
I1101|1809,주안역,경인선,930.0,51325.4,11397.470000000001,seoul_od
I1101|1810,제물포역,경인선,1212.0,19846.0,5900.75,seoul_od
I1101|1811,동인천역,경인선,943.0,25052.7,6250.48,seoul_od
I1101|1812,인천역,경인선,351.0,11670.1,1131.1100000000001,seoul_od
I1101|1813,구일역,경인선,1196.0,12674.9,9121.31,seoul_od
I1101|1815,부개역,경인선,1076.0,15358.1,5161.52,seoul_od
I1101|1816,간석역,경인선,1051.0,10404.2,2943.6099999999997,seoul_od
I1101|1817,도원역,경인선,1220.0,6493.7,1026.29,seoul_od
I1101|1821,온수역,경인선,1003.0,11131.4,6393.71,seoul_od
I1101|1822,중동역,경인선,1189.0,16352.4,6769.200000000001,seoul_od
I1101|1823,도화역,경인선,1049.0,7526.0,1461.56,seoul_od
I1101|4804,소사역,경인선,952.0,58177.3,6725.360000000001,seoul_od
I1103|0319,지축,3호선,248.0,14722.3,,none
I1103|0320,구파발,3호선,614.0,42042.3,42916.19,seoul_od
I1103|0321,연신내,3호선,980.0,69691.5,70910.85,seoul_od
I1103|0322,불광,3호선,495.0,33668.6,32410.91,seoul_od
I1103|0323,녹번,3호선,1970.0,27808.1,26935.25,seoul_od
I1103|0324,홍제,3호선,1970.0,34259.6,33637.59,seoul_od
I1103|0325,무악재,3호선,1970.0,8178.2,7808.17,seoul_od
I1103|0326,독립문,3호선,1976.0,16025.9,14855.970000000001,seoul_od
I1103|0327,경복궁(정부서울청사),3호선,1982.0,53719.6,47553.34,seoul_od
I1103|0328,안국,3호선,1183.0,55024.9,50030.119999999995,seoul_od
I1103|0329,종로3가,3호선,0.0,23582.0,22772.64,seoul_od
I1103|0330,을지로3가,3호선,0.0,23371.5,25289.07,seoul_od
I1103|0331,충무로,3호선,621.0,0.0,0.0,seoul_od
I1103|0332,동대입구,3호선,385.0,23078.4,18424.0,seoul_od
I1103|0333,약수,3호선,384.0,24319.8,24030.61,seoul_od
I1103|0334,금호,3호선,382.0,15164.9,14738.869999999999,seoul_od
I1103|0335,옥수,3호선,382.0,17958.0,17713.239999999998,seoul_od
I1103|0336,압구정,3호선,684.0,60812.7,62364.47,seoul_od
I1103|0337,신사,3호선,986.0,52938.7,51368.82,seoul_od
I1103|0338,잠원,3호선,493.0,11353.8,13636.45,seoul_od
I1103|0339,고속터미널,3호선,0.0,99526.2,101956.4,seoul_od
I1103|0340,교대(법원·검찰청),3호선,192.0,24569.3,24320.12,seoul_od
I1103|0341,남부터미널(예술의전당),3호선,576.0,59535.6,59747.66,seoul_od
I1103|0342,양재(서초구청),3호선,991.0,71317.5,70282.73999999999,seoul_od
I1103|0343,매봉,3호선,990.0,23237.8,23189.690000000002,seoul_od
I1103|0344,도곡,3호선,382.0,11534.9,10963.16,seoul_od
I1103|0345,대치,3호선,1177.0,24092.4,25840.68,seoul_od
I1103|0346,학여울,3호선,1972.0,4937.9,4196.5599999999995,seoul_od
I1103|0347,대청,3호선,1972.0,19938.6,18853.28,seoul_od
I1103|0348,일원,3호선,1156.0,20503.6,20534.38,seoul_od
I1103|0349,수서,3호선,170.0,36850.8,35289.56,seoul_od
I1103|0350,가락시장,3호선,163.0,17183.0,16647.19,seoul_od
I1103|0351,경찰병원,3호선,496.0,13972.0,14615.86,seoul_od
I1103|0352,오금,3호선,0.0,11691.4,11780.529999999999,seoul_od
I1104|0409,불암산,4호선,615.0,17986.1,17519.57,seoul_od
I1104|0410,상계,4호선,1407.0,36737.0,35791.66,seoul_od
I1104|0411,노원,4호선,1174.0,43051.3,43249.59,seoul_od
I1104|0412,창동,4호선,457.0,53980.3,49217.13,seoul_od
I1104|0413,쌍문,4호선,1437.0,54273.1,53589.47,seoul_od
I1104|0414,수유(강북구청),4호선,2424.0,66362.7,65174.32,seoul_od
I1104|0415,미아(서울사이버대학),4호선,1684.0,30294.1,29150.760000000002,seoul_od
I1104|0416,미아사거리,4호선,944.0,50294.7,49873.25,seoul_od
I1104|0417,길음,4호선,708.0,41327.4,39114.600000000006,seoul_od
I1104|0418,성신여대입구(돈암),4호선,472.0,43386.1,42037.11,seoul_od
I1104|0419,한성대입구(삼선교),4호선,710.0,28095.2,25510.019999999997,seoul_od
I1104|0420,혜화,4호선,948.0,73272.8,73087.53,seoul_od
I1104|0421,동대문,4호선,1199.0,37071.4,40366.18,seoul_od
I1104|0422,동대문역사문화공원(DDP),4호선,0.0,36933.9,39937.06,seoul_od
I1104|0423,충무로,4호선,474.0,60048.7,59679.42,seoul_od
I1104|0424,명동,4호선,1455.0,75158.5,77439.93,seoul_od
I1104|0425,회현(남대문시장),4호선,1692.0,55103.4,56165.03,seoul_od
I1104|0426,서울역,4호선,472.0,34744.2,34769.41,seoul_od
I1104|0427,숙대입구(갈월),4호선,944.0,29545.3,28540.559999999998,seoul_od
I1104|0428,삼각지(전쟁기념관),4호선,1212.0,14488.6,14534.04,seoul_od
I1104|0429,신용산,4호선,1684.0,42844.3,46967.86,seoul_od
I1104|0430,이촌(국립중앙박물관),4호선,708.0,21891.2,24006.260000000002,seoul_od
I1104|0431,동작(현충원),4호선,472.0,4638.5,3403.2799999999997,seoul_od
I1104|0432,총신대입구(이수),4호선,708.0,39443.7,38060.26,seoul_od
I1104|0433,사당,4호선,605.0,48393.3,46664.74,seoul_od
I1104|0434,남태령,4호선,1201.0,2633.1,2329.9700000000003,seoul_od
I11D1|D004,신사,신분당선,330.0,15133.2,15038.720000000001,seoul_od
I11D1|D005,논현,신분당선,660.0,9251.8,10157.05,seoul_od
I11D1|D006,신논현,신분당선,660.0,20670.5,22309.02,seoul_od
I11D1|D007,강남,신분당선,660.0,38497.9,40890.51,seoul_od
I11D1|D008,양재(서초구청),신분당선,660.0,17759.2,17912.53,seoul_od
I11D1|D009,양재시민의숲(매헌),신분당선,660.0,22913.1,24147.309999999998,seoul_od
I11D1|D010,청계산입구,신분당선,660.0,9520.3,8670.99,seoul_od
I11D1|D011,판교,신분당선,659.0,60381.3,63985.3,seoul_od
I11D1|D012,정자,신분당선,944.0,14837.6,15847.2,seoul_od
I11D1|D013,미금,신분당선,939.0,25960.8,19199.52,seoul_od
I11D1|D014,동천,신분당선,648.0,17787.7,12155.220000000001,seoul_od
I11D1|D015,수지구청,신분당선,648.0,27096.2,16408.329999999998,seoul_od
I11D1|D016,성복,신분당선,648.0,30918.5,18916.940000000002,seoul_od
I11D1|D017,상현,신분당선,648.0,17195.1,10290.24,seoul_od
I11D1|D018,광교중앙(아주대),신분당선,648.0,22615.5,15216.44,seoul_od
I11D1|D019,광교(경기대),신분당선,324.0,6390.8,3376.62,seoul_od
I28A1|A01,서울,인천국제공항선,365.0,78726.4,27062.489999999998,seoul_od
I28A1|A02,공덕,인천국제공항선,730.0,36047.0,7284.45,seoul_od
I28A1|A03,홍대입구,인천국제공항선,730.0,76719.3,32991.84,seoul_od
I28A1|A04,디지털미디어시티,인천국제공항선,729.0,48071.9,25849.11,seoul_od
I28A1|A042,마곡나루,인천국제공항선,728.0,42107.2,29337.85,seoul_od
I28A1|A05,김포공항,인천국제공항선,728.0,97207.8,13855.369999999999,seoul_od
I28A1|A06,계양,인천국제공항선,728.0,61835.2,17811.77,seoul_od
I28A1|A07,검암,인천국제공항선,638.0,46755.4,11651.92,seoul_od
I28A1|A071,청라국제도시,인천국제공항선,548.0,14271.8,15035.84,seoul_od
I28A1|A072,영종,인천국제공항선,548.0,8800.4,9211.779999999999,seoul_od
I28A1|A08,운서,인천국제공항선,548.0,19551.1,21661.33,seoul_od
I28A1|A09,공항화물청사,인천국제공항선,548.0,3631.8,3742.58,seoul_od
I28A1|A10,인천공항1터미널,인천국제공항선,548.0,35379.8,28664.629999999997,seoul_od
I28A1|A11,인천공항2터미널,인천국제공항선,274.0,18769.7,21685.52,seoul_od
I28K1|1755,한대앞역,수인선,487.0,9172.1,,none
I28K1|1756,중앙역,수인선,862.0,35986.6,,none
I28K1|1757,고잔역,수인선,862.0,16036.6,,none
I28K1|1758,초지역,수인선,614.0,28900.4,,none
I28K1|1759,안산역,수인선,434.0,23577.3,,none
I28K1|1760,능길역,수인선,0.0,3894.4,,none
I28K1|1761,정왕역,수인선,402.0,19463.8,,none
I28K1|1762,오이도역,수인선,665.0,15335.3,,none
I28K1|1873,고색역,수인선,180.0,9947.7,993.46,seoul_od
I28K1|1874,오목천역,수인선,360.0,7944.7,508.92,seoul_od
I28K1|1875,어천역,수인선,360.0,3053.1,190.60000000000002,seoul_od
I28K1|1876,야목역,수인선,360.0,1259.1,111.99000000000001,seoul_od
I28K1|1877,사리역,수인선,360.0,8966.3,801.78,seoul_od
I28K1|1878,달월역,수인선,526.0,166.9,8.06,seoul_od
I28K1|1879,월곶역,수인선,263.0,5971.7,241.26,seoul_od
I28K1|1880,소래포구역,수인선,0.0,11430.4,739.54,seoul_od
I28K1|1881,인천논현역,수인선,0.0,10272.8,511.84000000000003,seoul_od
I28K1|1882,호구포역,수인선,0.0,6945.2,387.94000000000005,seoul_od
I28K1|1883,남동인더스파크역,수인선,0.0,3835.4,102.89,seoul_od
I28K1|1884,원인재역,수인선,263.0,36131.0,673.29,seoul_od
I28K1|1885,연수역,수인선,526.0,8822.8,426.40999999999997,seoul_od
I28K1|1886,송도역,수인선,526.0,4648.3,317.89,seoul_od
I28K1|1888,인하대역,수인선,526.0,13204.2,445.6,seoul_od
I28K1|1889,숭의역,수인선,526.0,7934.5,268.65999999999997,seoul_od
I28K1|1890,신포역,수인선,263.0,3469.7,52.56,seoul_od
I28K1|1891,인천역,수인선,0.0,8058.4,275.58000000000004,seoul_od
I4101|0124,청량리(서울시립대입구),1호선,264.0,45442.5,45418.93,seoul_od
I4101|0125,제기동,1호선,998.0,32942.8,30455.34,seoul_od
I4101|0126,신설동,1호선,1468.0,27145.9,28186.33,seoul_od
I4101|0127,동묘앞,1호선,966.0,21161.3,21005.11,seoul_od
I4101|0128,동대문,1호선,472.0,24459.6,27265.56,seoul_od
I4101|0129,종로5가,1호선,968.0,45732.0,46003.009999999995,seoul_od
I4101|0130,종로3가,1호선,480.0,48819.3,45829.619999999995,seoul_od
I4101|0131,종각,1호선,1684.0,73662.3,76101.86,seoul_od
I4101|0132,시청,1호선,1196.0,51781.4,51184.14,seoul_od
I4101|0133,서울역,1호선,474.0,139310.6,165925.85,seoul_od
I4101|1002,남영역,경부선,1177.0,17766.6,11288.08,seoul_od
I4101|1003,용산역,경부선,1935.0,56865.8,58110.16,seoul_od
I4101|1004,노량진역,경부선,1516.0,93280.8,11059.74,seoul_od
I4101|1005,대방역,경부선,1590.0,43182.9,12924.55,seoul_od
I4101|1006,영등포역,경부선,1777.0,80023.2,44006.11,seoul_od
I4101|1007,신도림역,경부선,1890.0,7045.0,3018.59,seoul_od
I4101|1032,신길역,경부선,1664.0,11814.1,10238.21,seoul_od
I4101|1701,구로역,경부선,1695.0,21853.2,16104.59,seoul_od
I4101|1702,가산디지털단지역,경부선,282.0,28061.0,16354.54,seoul_od
I4101|1703,금천구청역,경부선,529.0,19401.9,10745.36,seoul_od
I4101|1704,석수역,경부선,825.0,14528.8,7202.4,seoul_od
I4101|1705,관악역,경부선,1196.0,12867.4,5938.82,seoul_od
I4101|1706,안양역,경부선,1186.0,45631.7,16379.46,seoul_od
I4101|1707,명학역,경부선,1075.0,15226.1,4815.78,seoul_od
I4101|1708,금정역,경부선,964.0,24847.6,21628.46,seoul_od
I4101|1709,군포역,경부선,1084.0,11666.3,3264.8599999999997,seoul_od
I4101|1710,의왕역,경부선,838.0,16464.5,3822.17,seoul_od
I4101|1711,성균관대역,경부선,456.0,28579.3,7098.76,seoul_od
I4101|1712,화서역,경부선,702.0,22916.7,4775.51,seoul_od
I4101|1713,수원역,경부선,964.0,97120.2,12182.43,seoul_od
I4101|1714,독산역,경부선,396.0,28768.9,16211.41,seoul_od
I4101|1715,세류역,경부선,1075.0,6671.4,1553.9,seoul_od
I4101|1716,병점역,경부선,1191.0,29937.2,5768.86,seoul_od
I4101|1717,세마역,경부선,730.0,6144.5,811.45,seoul_od
I4101|1718,오산대역,경부선,730.0,7397.3,817.36,seoul_od
I4101|1719,오산역,경부선,710.0,21542.6,3047.5,seoul_od
I4101|1720,진위역,경부선,714.0,2987.2,330.78,seoul_od
I4101|1721,송탄역,경부선,714.0,8714.1,1020.22,seoul_od
I4101|1722,서정리역,경부선,479.0,15657.2,2305.48,seoul_od
I4101|1723,평택지제역,경부선,248.0,8146.5,712.31,seoul_od
I4101|1724,평택역,경부선,529.0,27438.5,3041.16,seoul_od
I4101|1725,성환역,경부선,760.0,10733.2,651.24,seoul_od
I4101|1726,직산역,경부선,710.0,1994.3,156.22,seoul_od
I4101|1727,두정역,경부선,747.0,16071.4,1490.28,seoul_od
I4101|1729,당정역,경부선,1204.0,11309.9,2981.21,seoul_od
I4101|1749,서동탄역,경부선,243.0,2450.4,633.72,seoul_od
I4101|1750,광명역,경부선,40.0,6102.2,3141.98,seoul_od
I4102|1003,용산역,경원선,0.0,35306.3,,none
I4102|1008,이촌역,경원선,0.0,4855.6,4213.1900000000005,seoul_od
I4102|1009,서빙고역,경원선,310.0,4430.5,2491.4300000000003,seoul_od
I4102|1010,한남역,경원선,620.0,6401.2,3076.77,seoul_od
I4102|1011,옥수역,경원선,620.0,20.8,69.13,seoul_od
I4102|1012,응봉역,경원선,465.0,3172.0,1652.6,seoul_od
I4102|1013,왕십리역,경원선,311.0,10204.6,20139.36,seoul_od
I4102|1014,청량리역,경원선,20.0,121549.2,21541.480000000003,seoul_od
I4102|1015,회기역,경원선,228.0,25713.7,,none
I4102|1016,외대앞역,경원선,1178.0,20386.9,15498.439999999999,seoul_od
I4102|1017,신이문역,경원선,1483.0,14827.3,11077.130000000001,seoul_od
I4102|1018,석계역,경원선,692.0,14460.3,12290.42,seoul_od
I4102|1019,광운대역,경원선,483.0,15802.7,10211.119999999999,seoul_od
I4102|1020,월계역,경원선,932.0,12872.4,7226.790000000001,seoul_od
I4102|1021,녹천역,경원선,648.0,7402.7,5080.54,seoul_od
I4102|1022,창동역,경원선,0.0,7.4,,none
I4102|1901,방학역,경원선,644.0,18625.5,10900.400000000001,seoul_od
I4102|1902,도봉역,경원선,964.0,10634.1,6778.110000000001,seoul_od
I4102|1903,도봉산역,경원선,640.0,10864.1,7521.049999999999,seoul_od
I4102|1904,망월사역,경원선,643.0,16497.4,7581.24,seoul_od
I4102|1905,회룡역,경원선,653.0,34496.3,14761.76,seoul_od
I4102|1906,의정부역,경원선,837.0,38088.3,18735.22,seoul_od
I4102|1907,가능역,경원선,1016.0,11914.8,5750.469999999999,seoul_od
I4102|1908,녹양역,경원선,1016.0,8224.3,3817.73,seoul_od
I4102|1909,양주역,경원선,628.0,14560.0,7211.86,seoul_od
I4102|1910,덕계역,경원선,444.0,11376.8,5925.17,seoul_od
I4102|1911,덕정역,경원선,661.0,12369.6,4608.92,seoul_od
I4102|1912,지행역,경원선,474.0,12645.8,4502.129999999999,seoul_od
I4102|1913,동두천중앙역,경원선,259.0,5731.3,1870.08,seoul_od
I4102|1914,보산역,경원선,448.0,2969.2,867.0899999999999,seoul_od
I4102|1915,동두천역,경원선,528.0,3817.8,922.21,seoul_od
I4102|1916,소요산역,경원선,316.0,4492.8,1361.4,seoul_od
I4102|1917,청산역,경원선,226.0,282.0,76.09,seoul_od
I4102|1918,전곡역,경원선,226.0,2769.1,727.42,seoul_od
I4102|1919,연천역,경원선,113.0,2737.8,725.6700000000001,seoul_od
I4103|1450,선바위역,안산과천선,850.0,12951.1,10253.64,seoul_od
I4103|1451,경마공원역,안산과천선,504.0,9238.5,6468.76,seoul_od
I4103|1452,대공원역,안산과천선,850.0,12778.4,3278.13,seoul_od
I4103|1453,과천역,안산과천선,850.0,9356.5,5754.18,seoul_od
I4103|1454,정부과천청사역,안산과천선,504.0,22934.0,13881.46,seoul_od
I4103|1455,인덕원역,안산과천선,504.0,46084.5,29278.22,seoul_od
I4103|1456,평촌역,안산과천선,504.0,30285.0,15384.91,seoul_od
I4103|1457,범계역,안산과천선,724.0,52323.8,24713.4,seoul_od
I4103|1708,금정역,안산과천선,948.0,26697.7,0.0,seoul_od
I4103|1751,산본역,안산과천선,1076.0,31329.8,10221.810000000001,seoul_od
I4103|1752,대야미역,안산과천선,1203.0,8964.6,2211.3,seoul_od
I4103|1753,반월역,안산과천선,1201.0,8161.2,1964.77,seoul_od
I4103|1754,상록수역,안산과천선,1073.0,28551.6,8976.51,seoul_od
I4103|1755,한대앞역,안산과천선,946.0,15372.0,4380.6,seoul_od
I4103|1756,중앙역,안산과천선,698.0,35986.6,8731.41,seoul_od
I4103|1757,고잔역,안산과천선,698.0,16036.6,4245.2,seoul_od
I4103|1758,초지역,안산과천선,698.0,28900.4,2439.5299999999997,seoul_od
I4103|1759,안산역,안산과천선,349.0,23577.3,3891.25,seoul_od
I4103|1760,능길역,안산과천선,0.0,3894.4,825.22,seoul_od
I4103|1761,정왕역,안산과천선,299.0,19463.8,2925.77,seoul_od
I4103|1762,오이도역,안산과천선,299.0,11455.7,2522.0299999999997,seoul_od
I4103|1763,수리산역,안산과천선,1202.0,6816.5,2235.88,seoul_od
I4104|0405,진접역,진접선,434.0,9891.3,7638.860000000001,seoul_od
I4104|0406,오남역,진접선,592.0,10212.0,8184.84,seoul_od
I4104|0408,별내별가람역,진접선,316.0,12154.0,9968.59,seoul_od
I4105|1013,왕십리역,분당선,569.0,18772.0,,none
I4105|1023,선릉역,분당선,291.0,24605.6,17328.14,seoul_od
I4105|1024,한티역,분당선,582.0,29465.0,24618.93,seoul_od
I4105|1025,도곡역,분당선,582.0,11659.0,10128.900000000001,seoul_od
I4105|1026,구룡역,분당선,873.0,6376.7,4194.03,seoul_od
I4105|1027,개포동역,분당선,582.0,8071.6,5387.43,seoul_od
I4105|1028,대모산입구역,분당선,0.0,10050.4,6451.52,seoul_od
I4105|1030,수서역,분당선,0.0,29346.7,23262.46,seoul_od
I4105|1031,복정역,분당선,291.0,4.7,0.0,seoul_od
I4105|1846,수원역(분당),분당선,0.0,67759.4,920.3199999999999,seoul_od
I4105|1847,서울숲역,분당선,569.0,23196.9,14775.66,seoul_od
I4105|1848,압구정로데오역,분당선,0.0,36193.3,26634.36,seoul_od
I4105|1849,강남구청역,분당선,0.0,16945.5,12450.02,seoul_od
I4105|1850,선정릉역,분당선,0.0,11794.0,8537.34,seoul_od
I4105|1851,가천대역,분당선,873.0,20864.3,7284.84,seoul_od
I4105|1852,태평역,분당선,873.0,24158.5,10470.650000000001,seoul_od
I4105|1853,모란역,분당선,582.0,37802.2,13557.83,seoul_od
I4105|1854,야탑역,분당선,582.0,47060.6,19018.75,seoul_od
I4105|1855,서현역,분당선,873.0,42458.9,14342.74,seoul_od
I4105|1856,수내역,분당선,873.0,23124.7,7472.38,seoul_od
I4105|1857,정자역,분당선,582.0,46896.5,16021.3,seoul_od
I4105|1858,미금역,분당선,582.0,41163.9,5804.08,seoul_od
I4105|1859,오리역,분당선,873.0,18383.9,5784.27,seoul_od
I4105|1860,이매역,분당선,582.0,8124.3,3112.84,seoul_od
I4105|1861,보정역,분당선,724.0,4193.5,1329.48,seoul_od
I4105|1862,죽전역,분당선,944.0,26442.9,6822.09,seoul_od
I4105|1863,구성역,분당선,724.0,11840.9,6944.4,seoul_od
I4105|1864,신갈역,분당선,724.0,8183.9,2589.77,seoul_od
I4105|1865,기흥역,분당선,724.0,35028.4,3644.36,seoul_od
I4105|1866,상갈역,분당선,724.0,9384.8,1742.27,seoul_od
I4105|1867,청명역,분당선,724.0,8248.6,1329.17,seoul_od
I4105|1868,영통역,분당선,724.0,16639.0,1833.2,seoul_od
I4105|1869,망포역,분당선,362.0,25877.8,4230.8,seoul_od
I4105|1870,매탄권선역,분당선,0.0,9810.4,1470.78,seoul_od
I4105|1871,수원시청역,분당선,0.0,26415.7,3058.89,seoul_od
I4105|1872,매교역,분당선,0.0,9697.1,1232.71,seoul_od
I4106|1948,원흥역,일산선,1320.0,19849.6,12611.810000000001,seoul_od
I4106|1949,지축역,일산선,491.0,2.4,14468.66,seoul_od
I4106|1950,삼송역,일산선,1275.0,36004.6,24831.04,seoul_od
I4106|1951,원당역,일산선,1320.0,21313.4,14073.01,seoul_od
I4106|1952,화정역,일산선,924.0,32512.8,17003.58,seoul_od
I4106|1953,대곡역,일산선,264.0,5492.1,17995.5,seoul_od
I4106|1954,백석역,일산선,924.0,19260.6,8938.46,seoul_od
I4106|1955,마두역,일산선,1320.0,14163.4,6919.48,seoul_od
I4106|1956,정발산역,일산선,1320.0,14252.2,5891.41,seoul_od
I4106|1957,주엽역,일산선,1320.0,16271.8,7869.0,seoul_od
I4106|1958,대화역,일산선,660.0,20663.6,9321.89,seoul_od
I4108|1014,청량리역,경의중앙선,460.0,101919.8,,none
I4108|1015,회기역,경의중앙선,628.0,24857.5,33213.44,seoul_od
I4108|1019,광운대역,경의중앙선,8.0,15802.7,,none
I4108|1201,중랑역,경의중앙선,668.0,10172.3,5886.87,seoul_od
I4108|1202,상봉역,경의중앙선,814.0,8615.7,6945.93,seoul_od
I4108|1203,망우역,경의중앙선,304.0,12021.8,7039.75,seoul_od
I4108|1204,양원역,경의중앙선,0.0,5751.7,3319.8,seoul_od
I4108|1205,구리역,경의중앙선,304.0,14151.8,6915.87,seoul_od
I4108|1206,도농역,경의중앙선,304.0,16942.2,9464.880000000001,seoul_od
I4108|1207,양정역,경의중앙선,0.0,955.0,394.31,seoul_od
I4108|1208,덕소역,경의중앙선,186.0,10261.1,4821.42,seoul_od
I4108|1209,도심역,경의중앙선,372.0,4626.1,2172.71,seoul_od
I4108|1210,팔당역,경의중앙선,352.0,1909.0,298.86,seoul_od
I4108|1211,운길산역,경의중앙선,332.0,1880.8,436.35,seoul_od
I4108|1212,양수역,경의중앙선,332.0,3896.4,1513.58,seoul_od
I4108|1213,신원역,경의중앙선,332.0,406.6,93.16,seoul_od
I4108|1214,국수역,경의중앙선,332.0,1404.7,443.4,seoul_od
I4108|1215,아신역,경의중앙선,332.0,1157.4,395.89,seoul_od
I4108|1216,오빈역,경의중앙선,332.0,592.0,242.73,seoul_od
I4108|1217,양평역,경의중앙선,332.0,6824.3,2141.11,seoul_od
I4108|1218,원덕역,경의중앙선,332.0,764.7,269.75,seoul_od
I4108|1219,용문역,경의중앙선,189.0,4676.7,1516.8899999999999,seoul_od
I4108|1220,지평역,경의중앙선,23.0,129.8,28.35,seoul_od
I4108|1251,서울역(경의선),경의중앙선,325.0,70623.9,3064.98,seoul_od
I4108|1252,신촌역,경의중앙선,156.0,6824.2,458.07000000000005,seoul_od
I4108|1261,효창공원앞역,경의중앙선,0.0,16181.1,4163.68,seoul_od
I4108|1262,공덕역,경의중앙선,303.0,12637.6,3133.57,seoul_od
I4108|1263,서강대역,경의중앙선,303.0,4366.6,1457.02,seoul_od
I4108|1264,홍대입구역,경의중앙선,0.0,51725.0,1309.28,seoul_od
I4108|1265,가좌역,경의중앙선,78.0,10148.3,6399.9400000000005,seoul_od
I4108|1266,디지털미디어시티역,경의중앙선,0.0,6047.5,3135.69,seoul_od
I4108|1267,수색역,경의중앙선,0.0,5821.5,2593.1000000000004,seoul_od
I4108|1268,한국항공대,경의중앙선,0.0,4786.8,1508.52,seoul_od
I4108|1269,강매역,경의중앙선,377.0,5451.6,3065.23,seoul_od
I4108|1270,행신역,경의중앙선,754.0,14078.4,6817.62,seoul_od
I4108|1271,능곡역,경의중앙선,747.0,5904.9,3820.11,seoul_od
I4108|1272,곡산역,경의중앙선,692.0,1171.1,412.33,seoul_od
I4108|1273,백마역,경의중앙선,692.0,13422.1,6539.2,seoul_od
I4108|1274,풍산역,경의중앙선,692.0,11732.4,5304.9400000000005,seoul_od
I4108|1275,일산역,경의중앙선,678.0,19600.1,7916.05,seoul_od
I4108|1276,탄현역,경의중앙선,664.0,13607.5,6003.29,seoul_od
I4108|1277,야당역,경의중앙선,664.0,14904.3,4325.09,seoul_od
I4108|1278,운정역,경의중앙선,664.0,12280.8,4397.16,seoul_od
I4108|1279,금릉역,경의중앙선,664.0,9059.4,2472.33,seoul_od
I4108|1280,금촌역,경의중앙선,664.0,12319.5,3247.89,seoul_od
I4108|1282,월롱역,경의중앙선,664.0,3536.1,680.29,seoul_od
I4108|1283,파주역,경의중앙선,664.0,2390.0,492.31000000000006,seoul_od
I4108|1284,문산역,경의중앙선,340.0,11164.2,3067.7700000000004,seoul_od
I4108|1285,임진강역,경의중앙선,8.0,92.5,13.83,seoul_od
I4108|1286,운천역,경의중앙선,16.0,7.9,2.13,seoul_od
I4108|1953,대곡역,경의중앙선,716.0,9932.3,,none
I41K2|1203,망우역,경춘선,392.0,11804.1,,none
I41K2|1311,신내역,경춘선,412.0,3932.1,3988.46,seoul_od
I41K2|1312,갈매역,경춘선,412.0,4708.5,2599.17,seoul_od
I41K2|1313,별내역,경춘선,412.0,4372.9,1534.33,seoul_od
I41K2|1314,퇴계원역,경춘선,412.0,5922.8,2792.2,seoul_od
I41K2|1315,사릉역,경춘선,412.0,3887.6,1616.01,seoul_od
I41K2|1316,금곡역,경춘선,206.0,3070.3,1036.97,seoul_od
I41K2|1317,평내호평역,경춘선,0.0,11756.0,4999.95,seoul_od
I41K2|1318,천마산역,경춘선,199.0,2949.0,1099.32,seoul_od
I41K2|1319,마석역,경춘선,381.0,7919.0,2766.12,seoul_od
I41K2|1320,대성리역,경춘선,364.0,1153.1,782.29,seoul_od
I41K2|1321,청평역,경춘선,364.0,3566.1,1225.54,seoul_od
I41K2|1322,상천역,경춘선,364.0,607.2,159.3,seoul_od
I41K2|1323,가평역,경춘선,364.0,4633.4,1650.9,seoul_od
I41K2|1324,굴봉산역,경춘선,364.0,297.8,82.79,seoul_od
I41K2|1325,백양리역,경춘선,364.0,307.8,49.58,seoul_od
I41K2|1326,강촌역,경춘선,364.0,1077.6,294.64,seoul_od
I41K2|1327,김유정역,경춘선,364.0,1084.1,243.98000000000002,seoul_od
I41K2|1328,남춘천역,경춘선,364.0,6579.0,2225.17,seoul_od
I41K2|1329,춘천역,경춘선,182.0,3748.1,1091.6399999999999,seoul_od
I41K5|1501,판교역,경강선,0.0,33926.1,2445.39,seoul_od
I41K5|1502,이매역,경강선,0.0,27342.1,336.12,seoul_od
I41K5|1503,삼동역,경강선,0.0,4079.2,1391.5700000000002,seoul_od
I41K5|1504,경기광주역,경강선,0.0,14672.4,5560.44,seoul_od
I41K5|1505,초월역,경강선,220.0,6663.9,2497.48,seoul_od
I41K5|1506,곤지암역,경강선,220.0,4890.2,1352.7,seoul_od
I41K5|1507,신둔도예촌역,경강선,0.0,2854.4,1025.9,seoul_od
I41K5|1508,이천역,경강선,220.0,6459.4,1819.06,seoul_od
I41K5|1509,부발역,경강선,220.0,4783.8,1598.79,seoul_od
I41K5|1510,세종대왕릉역,경강선,0.0,758.8,237.37,seoul_od
I41K5|1511,여주역,경강선,0.0,6742.6,2145.94,seoul_od
I41K5|1512,성남역,경강선,0.0,2095.3,1717.4499999999998,seoul_od
I41WS|1271,능곡역,서해선,320.0,4281.5,,none
I41WS|1272,곡산역,서해선,248.0,1171.1,,none
I41WS|1273,백마역,서해선,248.0,13422.1,,none
I41WS|1274,풍산역,서해선,248.0,11732.4,,none
I41WS|1275,일산역,서해선,124.0,15074.5,,none
I41WS|1953,대곡역,서해선,708.0,9932.3,,none
I41WS|1980,김포공항역,서해선,0.0,44825.1,1202.71,seoul_od
I41WS|1981,원종역,서해선,0.0,9535.2,3929.94,seoul_od
I41WS|1982,부천종합운동장역,서해선,0.0,26005.3,2881.5,seoul_od
I41WS|4804,소사역,서해선,0.0,47708.2,4459.98,seoul_od
I41WS|4805,소새울역,서해선,0.0,6302.9,1665.3400000000001,seoul_od
I41WS|4806,시흥대야역,서해선,0.0,7027.7,2609.29,seoul_od
I41WS|4807,신천역,서해선,0.0,14612.3,4784.74,seoul_od
I41WS|4808,신현역,서해선,0.0,3196.3,691.3800000000001,seoul_od
I41WS|4809,시흥시청역,서해선,0.0,7298.1,1837.69,seoul_od
I41WS|4810,시흥능곡역,서해선,0.0,8328.7,1875.3200000000002,seoul_od
I41WS|4811,달미역,서해선,320.0,3346.5,777.6700000000001,seoul_od
I41WS|4812,선부역,서해선,320.0,9171.1,1942.5700000000002,seoul_od
I41WS|4813,초지역,서해선,251.0,24061.2,648.29,seoul_od
I41WS|4814,시우역,서해선,320.0,2190.4,217.32999999999998,seoul_od
I41WS|4815,원시역,서해선,320.0,4082.5,478.95,seoul_od
I4401|1401,봉명역,장항선,288.0,2470.6,115.06,seoul_od
I4401|1402,쌍용(나사렛대)역,장항선,168.0,5185.4,316.21000000000004,seoul_od
I4401|1403,아산역,장항선,288.0,7957.9,236.70999999999998,seoul_od
I4401|1404,탕정역,장항선,408.0,3837.1,165.26999999999998,seoul_od
I4401|1405,배방역,장항선,288.0,2535.3,178.85,seoul_od
I4401|1407,온양온천역,장항선,158.0,10000.9,729.96,seoul_od
I4401|1408,신창(순천향대)역,장항선,74.0,4470.7,173.14999999999998,seoul_od
I4401|1728,천안역,경부선,596.0,14594.4,1589.99,seoul_od
L11SL|S401,샛강,수도권 경량도시철도 신림선,374.0,5907.5,6093.16,seoul_od
L11SL|S402,대방,수도권 경량도시철도 신림선,748.0,5608.9,5913.57,seoul_od
L11SL|S403,서울지방병무청,수도권 경량도시철도 신림선,748.0,6492.6,6454.99,seoul_od
L11SL|S404,보라매,수도권 경량도시철도 신림선,748.0,8217.6,8722.89,seoul_od
L11SL|S405,보라매공원,수도권 경량도시철도 신림선,748.0,5210.3,4872.13,seoul_od
L11SL|S406,보라매병원,수도권 경량도시철도 신림선,758.0,15405.7,16281.779999999999,seoul_od
L11SL|S407,당곡,수도권 경량도시철도 신림선,768.0,9425.8,9394.369999999999,seoul_od
L11SL|S408,신림,수도권 경량도시철도 신림선,768.0,4946.8,5283.79,seoul_od
L11SL|S409,서원,수도권 경량도시철도 신림선,768.0,6637.3,6896.5599999999995,seoul_od
L11SL|S410,서울대벤처타운,수도권 경량도시철도 신림선,768.0,18616.1,18634.39,seoul_od
L11SL|S411,관악산,수도권 경량도시철도 신림선,384.0,6434.5,6851.48,seoul_od
L11UI|S110,북한산우이,우이신설선,516.0,6210.5,5915.66,seoul_od
L11UI|S111,솔밭공원,우이신설선,516.0,5033.6,4995.47,seoul_od
L11UI|S112,4.19민주묘지,우이신설선,0.0,6932.3,5771.41,seoul_od
L11UI|S113,가오리,우이신설선,516.0,8347.3,8359.25,seoul_od
L11UI|S114,화계,우이신설선,1032.0,7016.6,6931.98,seoul_od
L11UI|S115,삼양,우이신설선,1032.0,4821.5,5012.38,seoul_od
L11UI|S116,삼양사거리,우이신설선,1032.0,5078.3,5503.63,seoul_od
L11UI|S117,솔샘,우이신설선,1032.0,10992.3,10602.01,seoul_od
L11UI|S118,북한산보국문,우이신설선,1032.0,11928.9,10825.23,seoul_od
L11UI|S119,정릉,우이신설선,1032.0,8936.4,8465.35,seoul_od
L11UI|S120,성신여대입구,우이신설선,1032.0,7658.1,7523.5599999999995,seoul_od
L11UI|S121,보문,우이신설선,1032.0,3509.5,3513.08,seoul_od
L11UI|S122,신설동,우이신설선,516.0,4655.4,4619.65,seoul_od
L41E1|Y110,기흥(백남준아트센터),에버라인,132.0,4638.5,536.3499999999999,seoul_od
L41E1|Y111,강남대,에버라인,264.0,3749.8,210.28,seoul_od
L41E1|Y112,지석,에버라인,264.0,2343.5,264.24,seoul_od
L41E1|Y113,어정,에버라인,264.0,3108.8,267.03999999999996,seoul_od
L41E1|Y114,동백(용인세브란스),에버라인,264.0,6393.5,631.2,seoul_od
L41E1|Y115,초당,에버라인,264.0,2268.2,175.19,seoul_od
L41E1|Y116,삼가,에버라인,264.0,2436.2,188.35,seoul_od
L41E1|Y117,시청·용인대,에버라인,264.0,,201.78,seoul_od
L41E1|Y118,명지대,에버라인,264.0,4369.2,231.75,seoul_od
L41E1|Y119,김량장,에버라인,264.0,3881.3,203.12,seoul_od
L41E1|Y120,용인중앙시장(용인예술과학대),에버라인,264.0,6224.3,293.07,seoul_od
L41E1|Y121,고진,에버라인,264.0,2455.8,130.1,seoul_od
L41E1|Y122,보평,에버라인,264.0,2574.6,96.05,seoul_od
L41E1|Y123,둔전,에버라인,264.0,4037.4,143.68,seoul_od
L41E1|Y124,전대·에버랜드,에버라인,132.0,,248.95,seoul_od
L41G1|G100,양촌역,김포도시철도,201.0,803.1,384.06,seoul_od
L41G1|G101,구래역,김포도시철도,718.0,18095.0,7120.23,seoul_od
L41G1|G102,마산역,김포도시철도,1034.0,5289.6,1890.2,seoul_od
L41G1|G103,장기역,김포도시철도,1035.0,13845.7,5004.15,seoul_od
L41G1|G104,운양역,김포도시철도,1036.0,10201.9,3711.8999999999996,seoul_od
L41G1|G105,걸포북변역,김포도시철도,1036.0,9234.9,4001.3900000000003,seoul_od
L41G1|G106,사우역,김포도시철도,1036.0,13885.8,5028.41,seoul_od
L41G1|G107,풍무역,김포도시철도,1036.0,10328.2,5519.73,seoul_od
L41G1|G108,고촌역,김포도시철도,978.0,10543.3,5882.84,seoul_od
L41G1|G109,김포공항역,김포도시철도,460.0,3080.3,2258.24,seoul_od
L41U1|U110,발곡,의정부,439.0,6287.1,1218.62,seoul_od
L41U1|U111,회룡,의정부,878.0,20277.3,115.66,seoul_od
L41U1|U112,범골,의정부,878.0,5420.3,913.3,seoul_od
L41U1|U113,경전철의정부,의정부,878.0,5632.2,75.72,seoul_od
L41U1|U114,의정부시청,의정부,878.0,3452.7,446.51,seoul_od
L41U1|U115,흥선,의정부,878.0,4789.7,540.69,seoul_od
L41U1|U117,의정부중앙,의정부,878.0,7334.7,307.1,seoul_od
L41U1|U118,동오,의정부,878.0,4993.2,626.3,seoul_od
L41U1|U119,새말,의정부,878.0,3344.1,605.21,seoul_od
L41U1|U120,경기도청북부청사,의정부,878.0,5967.8,706.23,seoul_od
L41U1|U121,효자,의정부,878.0,1981.9,261.91,seoul_od
L41U1|U122,곤제,의정부,878.0,2623.3,294.89,seoul_od
L41U1|U123,어룡,의정부,878.0,4896.2,709.31,seoul_od
L41U1|U124,송산,의정부,878.0,4428.5,488.8,seoul_od
L41U1|U125,탑석,의정부,439.0,3110.9,222.75,seoul_od
S1102|0201,시청,2호선,1209.0,48327.2,50098.45,seoul_od
S1102|0202,을지로입구,2호선,958.0,96987.8,102997.88,seoul_od
S1102|0203,을지로3가,2호선,1342.0,48116.1,50736.13,seoul_od
S1102|0204,을지로4가,2호선,958.0,27738.3,28822.239999999998,seoul_od
S1102|0205,동대문역사문화공원(DDP),2호선,1432.0,33586.4,32858.29,seoul_od
S1102|0206,신당,2호선,958.0,29799.4,30106.46,seoul_od
S1102|0207,상왕십리,2호선,958.0,27424.8,27479.59,seoul_od
S1102|0208,왕십리(성동구청),2호선,958.0,30010.3,29215.2,seoul_od
S1102|0209,한양대,2호선,958.0,22924.4,16572.98,seoul_od
S1102|0210,뚝섬,2호선,958.0,49274.5,48830.55,seoul_od
S1102|0211,성수,2호선,1184.0,102309.1,119856.36,seoul_od
S1102|0212,건대입구,2호선,958.0,75238.5,73556.23,seoul_od
S1102|0213,구의(광진구청),2호선,958.0,50257.7,56474.869999999995,seoul_od
S1102|0214,강변(동서울터미널),2호선,958.0,52728.5,50665.13,seoul_od
S1102|0215,잠실나루,2호선,958.0,27382.9,28948.08,seoul_od
S1102|0216,잠실(송파구청),2호선,958.0,157128.7,156341.82,seoul_od
S1102|0217,잠실새내,2호선,958.0,46006.8,45756.43,seoul_od
S1102|0218,종합운동장,2호선,958.0,28642.3,34238.87,seoul_od
S1102|0219,삼성(무역센터),2호선,958.0,103809.0,101007.74,seoul_od
S1102|0220,선릉,2호선,1249.0,97919.9,101292.59,seoul_od
S1102|0221,역삼,2호선,958.0,95407.3,98160.67000000001,seoul_od
S1102|0222,강남,2호선,958.0,151930.5,159976.4,seoul_od
S1102|0223,교대(법원·검찰청),2호선,1150.0,62157.1,62306.44,seoul_od
S1102|0224,서초,2호선,958.0,41087.0,41402.05,seoul_od
S1102|0225,방배,2호선,958.0,32551.0,29215.39,seoul_od
S1102|0226,사당,2호선,1428.0,86854.6,85111.14,seoul_od
S1102|0227,낙성대(강감찬),2호선,958.0,52893.2,53628.16,seoul_od
S1102|0228,서울대입구(관악구청),2호선,958.0,88416.2,88711.62,seoul_od
S1102|0229,봉천,2호선,958.0,45837.7,45900.44,seoul_od
S1102|0230,신림,2호선,958.0,106133.8,107282.20999999999,seoul_od
S1102|0231,신대방,2호선,958.0,47845.0,46752.479999999996,seoul_od
S1102|0232,구로디지털단지,2호선,958.0,106675.3,108136.56,seoul_od
S1102|0233,대림(구로구청),2호선,958.0,47772.6,46885.36,seoul_od
S1102|0234,신도림,2호선,1178.0,95805.8,90050.08,seoul_od
S1102|0235,문래,2호선,958.0,44388.3,43881.5,seoul_od
S1102|0236,영등포구청,2호선,958.0,43448.8,44210.37,seoul_od
S1102|0237,당산,2호선,958.0,37970.2,37144.990000000005,seoul_od
S1102|0238,합정,2호선,958.0,66231.1,64928.009999999995,seoul_od
S1102|0239,홍대입구,2호선,958.0,152989.8,153433.39,seoul_od
S1102|0240,신촌(지하),2호선,958.0,75449.2,73403.63,seoul_od
S1102|0241,이대,2호선,958.0,34259.2,30517.96,seoul_od
S1102|0242,아현,2호선,958.0,20579.0,19974.82,seoul_od
S1102|0243,충정로(경기대입구),2호선,958.0,19642.2,19440.2,seoul_od
S1105|0510,방화,5호선,395.0,13400.0,13628.09,seoul_od
S1105|0511,개화산,5호선,790.0,11520.6,11336.22,seoul_od
S1105|0512,김포공항,5호선,790.0,20699.1,22773.809999999998,seoul_od
S1105|0513,송정,5호선,790.0,12100.1,11994.380000000001,seoul_od
S1105|0514,마곡,5호선,790.0,26189.6,32431.54,seoul_od
S1105|0515,발산,5호선,790.0,44858.8,46488.39,seoul_od
S1105|0516,우장산,5호선,790.0,28573.0,28587.239999999998,seoul_od
S1105|0517,화곡,5호선,791.0,52674.5,53066.93,seoul_od
S1105|0518,까치산,5호선,1014.0,52127.9,51852.97,seoul_od
S1105|0519,신정(은행정),5호선,792.0,23521.5,23738.949999999997,seoul_od
S1105|0520,목동,5호선,792.0,32836.8,32310.300000000003,seoul_od
S1105|0521,오목교(목동운동장앞),5호선,792.0,41783.7,41974.8,seoul_od
S1105|0522,양평,5호선,792.0,15054.8,15947.44,seoul_od
S1105|0523,영등포구청,5호선,792.0,9576.7,9626.71,seoul_od
S1105|0524,영등포시장,5호선,792.0,23424.6,21660.43,seoul_od
S1105|0525,신길,5호선,792.0,9813.1,10032.619999999999,seoul_od
S1105|0526,여의도,5호선,792.0,54596.8,56144.2,seoul_od
S1105|0527,여의나루,5호선,792.0,27823.5,27460.51,seoul_od
S1105|0528,마포,5호선,792.0,27779.3,28640.58,seoul_od
S1105|0529,공덕,5호선,792.0,27716.1,27637.300000000003,seoul_od
S1105|0530,애오개,5호선,792.0,12414.1,12293.01,seoul_od
S1105|0531,충정로(경기대입구),5호선,792.0,9154.1,9456.84,seoul_od
S1105|0532,서대문,5호선,792.0,36280.3,33804.89,seoul_od
S1105|0533,광화문(세종문화회관),5호선,792.0,66955.5,66333.76999999999,seoul_od
S1105|0534,종로3가(탑골공원),5호선,1664.0,31452.1,29645.79,seoul_od
S1105|0535,을지로4가,5호선,792.0,12440.6,12911.939999999999,seoul_od
S1105|0536,동대문역사문화공원(DDP),5호선,1029.0,6385.3,6522.85,seoul_od
S1105|0537,청구,5호선,792.0,6664.3,6529.7,seoul_od
S1105|0538,신금호,5호선,792.0,12425.1,11965.48,seoul_od
S1105|0539,행당,5호선,792.0,14542.6,14044.68,seoul_od
S1105|0540,왕십리(성동구청),5호선,794.0,9584.4,9818.01,seoul_od
S1105|0541,마장,5호선,796.0,11127.6,10951.16,seoul_od
S1105|0542,답십리,5호선,796.0,30145.5,28911.83,seoul_od
S1105|0543,장한평,5호선,796.0,37595.6,37871.5,seoul_od
S1105|0544,군자(능동),5호선,794.0,24477.7,24415.83,seoul_od
S1105|0545,아차산(어린이대공원후문),5호선,792.0,29026.6,26509.96,seoul_od
S1105|0546,광나루(장신대),5호선,792.0,21894.0,19880.14,seoul_od
S1105|0547,천호(풍납토성),5호선,791.0,39173.3,40953.44,seoul_od
S1105|0548,강동,5호선,815.0,35682.9,35105.009999999995,seoul_od
S1105|0549,길동,5호선,418.0,17482.5,17970.949999999997,seoul_od
S1105|0550,굽은다리(강동구민회관앞),5호선,418.0,18983.3,18124.34,seoul_od
S1105|0551,명일,5호선,418.0,16042.2,15319.11,seoul_od
S1105|0552,고덕,5호선,418.0,19746.1,19108.739999999998,seoul_od
S1105|0553,상일동,5호선,397.0,27304.6,26498.559999999998,seoul_od
S1105|0554,강일,5호선,376.0,11345.5,11006.57,seoul_od
S1105|0555,미사,5호선,376.0,35272.8,35058.33,seoul_od
S1105|0556,하남풍산,5호선,377.0,8968.2,8937.900000000001,seoul_od
S1105|0557,하남시청(덕풍∙신장),5호선,378.0,16415.1,15996.240000000002,seoul_od
S1105|0558,하남검단산,5호선,189.0,12958.8,12592.43,seoul_od
S1105|P549,둔촌동,5호선,423.0,24278.2,25529.05,seoul_od
S1105|P550,올림픽공원(한국체대),5호선,424.0,10345.3,10541.14,seoul_od
S1105|P551,방이,5호선,424.0,14703.3,15152.869999999999,seoul_od
S1105|P552,오금,5호선,757.0,7054.2,6972.27,seoul_od
S1105|P553,개롱,5호선,424.0,12931.7,12322.7,seoul_od
S1105|P554,거여,5호선,424.0,19030.8,18723.04,seoul_od
S1105|P555,마천,5호선,212.0,13216.8,12740.09,seoul_od
S1106|0610,응암,6호선,658.0,34350.7,33695.84,seoul_od
S1106|0611,역촌,6호선,330.0,8119.6,8538.4,seoul_od
S1106|0612,불광,6호선,1310.0,9166.3,9494.970000000001,seoul_od
S1106|0613,독바위,6호선,330.0,5449.4,5157.34,seoul_od
S1106|0614,연신내,6호선,330.0,0.0,0.0,seoul_od
S1106|0615,구산,6호선,330.0,14087.2,13973.89,seoul_od
S1106|0616,새절(신사),6호선,660.0,23552.3,23226.96,seoul_od
S1106|0617,증산(명지대앞),6호선,664.0,18126.7,17231.47,seoul_od
S1106|0618,디지털미디어시티,6호선,664.0,28707.3,27864.23,seoul_od
S1106|0619,월드컵경기장(성산),6호선,664.0,12284.1,10638.55,seoul_od
S1106|0620,마포구청,6호선,664.0,27075.6,26979.11,seoul_od
S1106|0621,망원,6호선,664.0,33181.9,33024.22,seoul_od
S1106|0622,합정,6호선,664.0,26953.0,26390.800000000003,seoul_od
S1106|0623,상수,6호선,664.0,22002.4,21386.489999999998,seoul_od
S1106|0624,광흥창(서강),6호선,664.0,18030.6,17926.300000000003,seoul_od
S1106|0625,대흥(서강대앞),6호선,662.0,18861.9,18222.58,seoul_od
S1106|0626,공덕,6호선,660.0,35424.2,36021.2,seoul_od
S1106|0627,효창공원앞,6호선,660.0,14103.9,13546.65,seoul_od
S1106|0628,삼각지(전쟁기념관),6호선,1132.0,14859.1,14140.86,seoul_od
S1106|0629,녹사평(용산구청),6호선,660.0,10839.1,10446.11,seoul_od
S1106|0630,이태원,6호선,660.0,25480.9,24042.27,seoul_od
S1106|0631,한강진,6호선,660.0,22852.0,20511.84,seoul_od
S1106|0632,버티고개,6호선,660.0,4423.5,4270.469999999999,seoul_od
S1106|0633,약수,6호선,660.0,7301.4,7010.96,seoul_od
S1106|0634,청구,6호선,660.0,7208.0,7227.89,seoul_od
S1106|0635,신당,6호선,660.0,16523.1,16591.89,seoul_od
S1106|0636,동묘앞,6호선,904.0,18149.2,21856.07,seoul_od
S1106|0637,창신,6호선,660.0,6379.9,5939.360000000001,seoul_od
S1106|0638,보문,6호선,660.0,15388.6,14834.15,seoul_od
S1106|0639,안암(고대병원앞),6호선,661.0,25333.7,21503.58,seoul_od
S1106|0640,고려대(종암),6호선,662.0,16928.9,15225.21,seoul_od
S1106|0641,월곡(동덕여대),6호선,662.0,22628.2,20553.35,seoul_od
S1106|0642,상월곡(한국과학기술연구원),6호선,661.0,12268.6,11495.02,seoul_od
S1106|0643,돌곶이,6호선,660.0,20770.2,22157.22,seoul_od
S1106|0644,석계,6호선,660.0,24294.7,18706.54,seoul_od
S1106|0645,태릉입구,6호선,660.0,12288.2,11312.39,seoul_od
S1106|0646,화랑대(서울여대입구),6호선,660.0,20246.3,18196.260000000002,seoul_od
S1106|0647,봉화산(서울의료원),6호선,448.0,16148.2,15208.21,seoul_od
S1106|0648,신내,6호선,118.0,0.0,0.0,seoul_od
S1107|0709,장암,7호선,170.0,3994.0,3931.04,seoul_od
S1107|0710,도봉산,7호선,566.0,18881.1,17627.64,seoul_od
S1107|0711,수락산,7호선,793.0,24407.7,24594.28,seoul_od
S1107|0712,마들,7호선,794.0,25097.7,24555.690000000002,seoul_od
S1107|0713,노원,7호선,794.0,40328.9,41106.95,seoul_od
S1107|0714,중계,7호선,794.0,27120.1,26040.87,seoul_od
S1107|0715,하계,7호선,794.0,33794.4,31722.79,seoul_od
S1107|0716,공릉(서울과학기술대),7호선,794.0,23970.6,22646.08,seoul_od
S1107|0717,태릉입구,7호선,795.0,16708.6,15657.09,seoul_od
S1107|0718,먹골,7호선,796.0,19696.8,19770.11,seoul_od
S1107|0719,중화,7호선,796.0,20567.8,20892.260000000002,seoul_od
S1107|0720,상봉,7호선,796.0,33574.2,34294.54,seoul_od
S1107|0721,면목,7호선,796.0,28113.9,26977.21,seoul_od
S1107|0722,사가정,7호선,796.0,30972.7,30278.989999999998,seoul_od
S1107|0723,용마산(용마폭포공원),7호선,796.0,11040.8,10658.720000000001,seoul_od
S1107|0724,중곡,7호선,796.0,20336.7,20354.059999999998,seoul_od
S1107|0725,군자(능동),7호선,796.0,26339.2,27362.02,seoul_od
S1107|0726,어린이대공원(세종대),7호선,796.0,32144.6,26387.41,seoul_od
S1107|0727,건대입구,7호선,796.0,28101.8,27583.6,seoul_od
S1107|0728,자양(뚝섬한강공원),7호선,796.0,19452.8,19240.68,seoul_od
S1107|0729,청담,7호선,796.0,35307.0,35866.369999999995,seoul_od
S1107|0730,강남구청,7호선,796.0,31529.5,32387.120000000003,seoul_od
S1107|0731,학동,7호선,796.0,42026.7,42093.86,seoul_od
S1107|0732,논현,7호선,796.0,35521.4,36687.96,seoul_od
S1107|0733,반포,7호선,796.0,12649.2,12786.89,seoul_od
S1107|0734,고속터미널,7호선,796.0,32432.6,32202.72,seoul_od
S1107|0735,내방,7호선,796.0,27464.9,28255.059999999998,seoul_od
S1107|0736,이수,7호선,796.0,32260.5,32782.91,seoul_od
S1107|0737,남성,7호선,796.0,21182.6,20606.82,seoul_od
S1107|0738,숭실대입구(살피재),7호선,796.0,26609.0,22480.33,seoul_od
S1107|0739,상도,7호선,796.0,23238.4,21486.879999999997,seoul_od
S1107|0740,장승배기,7호선,796.0,17866.8,18803.86,seoul_od
S1107|0741,신대방삼거리,7호선,796.0,28237.3,28253.41,seoul_od
S1107|0742,보라매,7호선,796.0,13309.1,12903.45,seoul_od
S1107|0743,신풍,7호선,795.0,22362.0,22111.16,seoul_od
S1107|0744,대림(구로구청),7호선,794.0,18314.8,18445.739999999998,seoul_od
S1107|0745,남구로,7호선,794.0,28444.2,29422.17,seoul_od
S1107|0746,가산디지털단지,7호선,794.0,75961.0,79326.13,seoul_od
S1107|0747,철산,7호선,794.0,41789.7,42880.3,seoul_od
S1107|0748,광명사거리,7호선,794.0,41341.9,43522.49,seoul_od
S1107|0749,천왕,7호선,794.0,21826.6,21936.339999999997,seoul_od
S1107|0750,온수(성공회대입구),7호선,901.0,18210.8,16540.17,seoul_od
S1107|3753,까치울,도시철도 7호선,1008.0,12602.8,6166.889999999999,seoul_od
S1107|3754,부천종합운동장,도시철도 7호선,1008.0,5939.7,2190.13,seoul_od
S1107|3755,춘의,도시철도 7호선,1008.0,18587.0,8423.74,seoul_od
S1107|3756,신중동,도시철도 7호선,1008.0,30057.1,13693.53,seoul_od
S1107|3757,부천시청,도시철도 7호선,1008.0,27982.3,11874.29,seoul_od
S1107|3758,상동,도시철도 7호선,1008.0,29295.0,10478.18,seoul_od
S1107|3759,삼산체육관,도시철도 7호선,1008.0,11800.1,4782.12,seoul_od
S1107|3760,굴포천,도시철도 7호선,1008.0,18615.3,7133.48,seoul_od
S1107|3761,부평구청,도시철도 7호선,1008.0,13058.7,5118.0,seoul_od
S1107|3762,산곡,도시철도 7호선,1008.0,19225.0,8055.639999999999,seoul_od
S1107|3763,석남(거북시장),도시철도 7호선,504.0,14489.0,4868.91,seoul_od
S1108|0809,암사역사공원,8호선,640.0,11771.1,12632.82,seoul_od
S1108|0810,암사,8호선,640.0,30190.2,29552.29,seoul_od
S1108|0811,천호(풍납토성),8호선,640.0,36264.0,38274.25,seoul_od
S1108|0812,강동구청,8호선,640.0,20407.0,20414.04,seoul_od
S1108|0813,몽촌토성(평화의문),8호선,640.0,14644.5,16509.54,seoul_od
S1108|0814,잠실(송파구청),8호선,640.0,41552.2,42810.59,seoul_od
S1108|0815,석촌,8호선,640.0,18468.5,18898.77,seoul_od
S1108|0816,송파,8호선,640.0,18582.7,18815.85,seoul_od
S1108|0817,가락시장,8호선,639.0,17203.8,17077.98,seoul_od
S1108|0818,문정,8호선,638.0,41614.5,43399.19,seoul_od
S1108|0819,장지,8호선,638.0,31803.5,33156.26,seoul_od
S1108|0820,복정,8호선,638.0,17289.1,15982.119999999999,seoul_od
S1108|0821,남위례,8호선,638.0,14365.0,14908.1,seoul_od
S1108|0822,산성,8호선,638.0,12065.2,11706.54,seoul_od
S1108|0823,남한산성입구(성남법원·검찰청),8호선,638.0,24135.4,20839.36,seoul_od
S1108|0824,단대오거리,8호선,638.0,22635.9,21743.46,seoul_od
S1108|0825,신흥,8호선,638.0,10439.2,10869.689999999999,seoul_od
S1108|0826,수진,8호선,638.0,10506.2,10252.73,seoul_od
S1108|0827,모란,8호선,319.0,9360.3,8712.3,seoul_od
S1108|806,동구릉,8호선,319.0,,8419.02,seoul_od
S1108|807,구리(구리전통시장),8호선,639.0,,12664.220000000001,seoul_od
S1108|808,장자호수공원,8호선,640.0,,13173.529999999999,seoul_od
S1109|4101,개화,서울 도시철도 9호선,248.0,4141.7,4039.62,seoul_od
S1109|4102,김포공항,서울 도시철도 9호선,496.0,16921.7,16757.57,seoul_od
S1109|4103,공항시장,서울 도시철도 9호선,496.0,5845.8,5761.84,seoul_od
S1109|4104,신방화,서울 도시철도 9호선,496.0,13210.7,13195.71,seoul_od
S1109|4105,마곡나루(서울식물원),서울 도시철도 9호선,498.0,27962.2,30790.43,seoul_od
S1109|4106,양천향교,서울 도시철도 9호선,500.0,20078.4,21245.28,seoul_od
S1109|4107,가양,서울 도시철도 9호선,498.0,41994.0,40834.56,seoul_od
S1109|4108,증미,서울 도시철도 9호선,496.0,14498.7,14936.77,seoul_od
S1109|4109,등촌,서울 도시철도 9호선,496.0,23551.9,24204.09,seoul_od
S1109|4110,염창,서울 도시철도 9호선,498.0,33341.7,34321.380000000005,seoul_od
S1109|4111,신목동,서울 도시철도 9호선,500.0,8169.5,8321.28,seoul_od
S1109|4112,선유도,서울 도시철도 9호선,500.0,16062.2,16279.21,seoul_od
S1109|4113,당산,서울 도시철도 9호선,498.0,35923.0,37218.78,seoul_od
S1109|4114,국회의사당,서울 도시철도 9호선,496.0,32544.0,32804.93,seoul_od
S1109|4115,여의도,서울 도시철도 9호선,498.0,55736.6,58382.45,seoul_od
S1109|4116,샛강,서울 도시철도 9호선,500.0,12122.6,12767.71,seoul_od
S1109|4117,노량진,서울 도시철도 9호선,500.0,51740.3,52837.990000000005,seoul_od
S1109|4118,노들,서울 도시철도 9호선,500.0,9342.7,8857.369999999999,seoul_od
S1109|4119,흑석(중앙대입구),서울 도시철도 9호선,500.0,18460.1,16675.949999999997,seoul_od
S1109|4120,동작(현충원),서울 도시철도 9호선,500.0,3753.5,3236.63,seoul_od
S1109|4121,구반포,서울 도시철도 9호선,500.0,3391.2,4937.47,seoul_od
S1109|4122,신반포,서울 도시철도 9호선,500.0,8918.3,8751.64,seoul_od
S1109|4123,고속터미널,서울 도시철도 9호선,500.0,37184.8,37677.72,seoul_od
S1109|4124,사평,서울 도시철도 9호선,500.0,7878.2,7855.77,seoul_od
S1109|4125,신논현,서울 도시철도 9호선,500.0,61333.7,63850.19,seoul_od
S1109|4126,언주,수도권  도시철도 9호선,500.0,21538.1,23074.5,seoul_od
S1109|4127,선정릉,수도권  도시철도 9호선,791.0,19470.2,19910.98,seoul_od
S1109|4128,삼성중앙,수도권  도시철도 9호선,500.0,14912.8,15396.490000000002,seoul_od
S1109|4129,봉은사,수도권  도시철도 9호선,500.0,44481.8,46882.33,seoul_od
S1109|4130,종합운동장,수도권  도시철도 9호선,500.0,10479.9,10493.150000000001,seoul_od
S1109|4131,삼전,수도권  도시철도 9호선,500.0,15593.2,16052.46,seoul_od
S1109|4132,석촌고분,수도권  도시철도 9호선,500.0,14000.8,14438.3,seoul_od
S1109|4133,석촌,수도권  도시철도 9호선,500.0,17934.6,18646.65,seoul_od
S1109|4134,송파나루,수도권  도시철도 9호선,500.0,11978.1,12459.68,seoul_od
S1109|4135,한성백제,수도권  도시철도 9호선,500.0,6038.7,6515.370000000001,seoul_od
S1109|4136,올림픽공원(한국체대),수도권  도시철도 9호선,500.0,18497.3,21544.32,seoul_od
S1109|4137,둔촌오륜,수도권  도시철도 9호선,500.0,8076.8,8709.31,seoul_od
S1109|4138,중앙보훈병원,수도권  도시철도 9호선,250.0,22375.9,23394.379999999997,seoul_od
S1121|2111,용답,2호선,452.0,6078.7,5520.870000000001,seoul_od
S1121|2112,신답,2호선,452.0,3367.0,3508.31,seoul_od
S1121|2113,용두(동대문구청),2호선,452.0,5053.0,4339.1,seoul_od
S1121|2114,신설동,2호선,226.0,7698.6,7663.280000000001,seoul_od
S1122|2341,도림천,2호선,442.0,2675.8,2479.88,seoul_od
S1122|2342,양천구청,2호선,444.0,13418.9,12739.14,seoul_od
S1122|2343,신정네거리,2호선,444.0,19915.8,18611.28,seoul_od
S2801|3107,검단호수공원,인천지하철 1호선,274.0,620.4,927.94,seoul_od
S2801|3108,신검단중앙,인천지하철 1호선,548.0,3834.3,5326.74,seoul_od
S2801|3109,"아라(북부법원, 검찰청)",인천지하철 1호선,548.0,8210.5,9865.0,seoul_od
S2801|3110,계양,인천지하철 1호선,550.0,6144.3,1139.06,seoul_od
S2801|3111,귤현,인천지하철 1호선,552.0,2239.3,146.16,seoul_od
S2801|3112,박촌,인천지하철 1호선,583.0,6641.5,1543.52,seoul_od
S2801|3113,임학,인천지하철 1호선,614.0,13903.9,4404.200000000001,seoul_od
S2801|3114,계산,인천지하철 1호선,614.0,17544.3,3946.41,seoul_od
S2801|3115,경인교대입구,인천지하철 1호선,614.0,9718.6,1927.5700000000002,seoul_od
S2801|3116,작전,인천지하철 1호선,613.0,25094.8,5752.15,seoul_od
S2801|3117,갈산,인천지하철 1호선,612.0,14720.6,2436.73,seoul_od
S2801|3118,부평구청,인천지하철 1호선,612.0,11735.4,2065.17,seoul_od
S2801|3119,부평시장,인천지하철 1호선,612.0,23168.3,4351.24,seoul_od
S2801|3120,부평,인천지하철 1호선,612.0,13087.8,1382.42,seoul_od
S2801|3121,동수,인천지하철 1호선,612.0,8237.7,1388.9699999999998,seoul_od
S2801|3122,부평삼거리,인천지하철 1호선,612.0,,368.51,seoul_od
S2801|3123,간석오거리,인천지하철 1호선,612.0,18628.2,1942.77,seoul_od
S2801|3124,인천시청,인천지하철 1호선,612.0,9377.2,1144.22,seoul_od
S2801|3125,예술회관,인천지하철 1호선,611.0,20712.8,2507.12,seoul_od
S2801|3126,인천터미널,인천지하철 1호선,610.0,24503.1,2274.7799999999997,seoul_od
S2801|3127,문학경기장,인천지하철 1호선,610.0,5932.0,900.13,seoul_od
S2801|3128,선학,인천지하철 1호선,610.0,10501.5,1073.67,seoul_od
S2801|3129,신연수,인천지하철 1호선,611.0,9045.3,924.71,seoul_od
S2801|3130,원인재,인천지하철 1호선,612.0,4867.7,479.76,seoul_od
S2801|3131,동춘,인천지하철 1호선,612.0,17480.1,1509.04,seoul_od
S2801|3132,동막,인천지하철 1호선,610.0,8250.1,804.12,seoul_od
S2801|3133,캠퍼스타운,인천지하철 1호선,608.0,10147.6,1417.62,seoul_od
S2801|3134,테크노파크,인천지하철 1호선,608.0,20276.6,1587.73,seoul_od
S2801|3135,지식정보단지,인천지하철 1호선,608.0,8203.4,750.47,seoul_od
S2801|3136,인천대입구,인천지하철 1호선,607.0,14415.2,1561.4699999999998,seoul_od
S2801|3137,센트럴파크,인천지하철 1호선,606.0,6986.2,780.8,seoul_od
S2801|3138,국제업무지구,인천지하철 1호선,604.0,4646.1,601.88,seoul_od
S2801|3139,송도달빛축제공원,인천지하철 1호선,301.0,9140.7,1028.0900000000001,seoul_od
S2802|3201,검단오류,인천지하철 2호선,464.0,4518.4,540.3499999999999,seoul_od
S2802|3202,왕길,인천지하철 2호선,928.0,4435.1,949.84,seoul_od
S2802|3203,검단사거리,인천지하철 2호선,928.0,15107.7,3299.42,seoul_od
S2802|3204,마전,인천지하철 2호선,928.0,7451.2,2291.8999999999996,seoul_od
S2802|3205,완정,인천지하철 2호선,928.0,13113.9,3287.96,seoul_od
S2802|3206,독정,인천지하철 2호선,928.0,8393.6,2839.6099999999997,seoul_od
S2802|3207,검암,인천지하철 2호선,928.0,7948.7,3786.05,seoul_od
S2802|3208,검바위,인천지하철 2호선,928.0,5753.4,1042.6100000000001,seoul_od
S2802|3209,아시아드경기장,인천지하철 2호선,928.0,8257.6,1298.99,seoul_od
S2802|3210,서구청,인천지하철 2호선,929.0,15205.8,2413.25,seoul_od
S2802|3211,가정(루원시티),인천지하철 2호선,930.0,20544.1,4665.76,seoul_od
S2802|3212,가정중앙시장,인천지하철 2호선,930.0,11626.5,1672.1399999999999,seoul_od
S2802|3213,석남(거북시장),인천지하철 2호선,930.0,5226.2,735.51,seoul_od
S2802|3214,서부여성회관,인천지하철 2호선,930.0,7378.1,1031.56,seoul_od
S2802|3215,인천가좌,인천지하철 2호선,930.0,7379.9,971.0799999999999,seoul_od
S2802|3216,가재울,인천지하철 2호선,930.0,7009.3,905.27,seoul_od
S2802|3217,주안국가산단,인천지하철 2호선,930.0,4331.2,319.95000000000005,seoul_od
S2802|3218,주안,인천지하철 2호선,929.0,14362.2,2079.47,seoul_od
S2802|3219,시민공원,인천지하철 2호선,928.0,19144.7,2012.3799999999999,seoul_od
S2802|3220,석바위시장,인천지하철 2호선,928.0,9427.2,1023.3499999999999,seoul_od
S2802|3221,인천시청,인천지하철 2호선,928.0,6214.7,437.09000000000003,seoul_od
S2802|3222,석천사거리,인천지하철 2호선,928.0,8784.7,1164.92,seoul_od
S2802|3223,모래내시장,인천지하철 2호선,928.0,15367.6,1217.46,seoul_od
S2802|3224,만수,인천지하철 2호선,928.0,9079.8,628.0799999999999,seoul_od
S2802|3225,남동구청,인천지하철 2호선,928.0,7845.5,479.53999999999996,seoul_od
S2802|3226,인천대공원,인천지하철 2호선,928.0,5542.6,86.11,seoul_od
S2802|3227,운연,인천지하철 2호선,464.0,2269.1,109.74000000000001,seoul_od
S28M1|101,인천국제공항역,자기부상철도,0.0,,,none
S28M1|102,장기주차장역,자기부상철도,0.0,,,none
S28M1|103,합동청사역,자기부상철도,0.0,,,none
S28M1|104,파라다이스시티역,자기부상철도,0.0,,,none
S28M1|105,워터파크역,자기부상철도,0.0,,,none
S28M1|106,용유역,자기부상철도,0.0,,,none
S4108|804,별내역,수도권 광역철도 8호선,0.0,14757.8,11416.009999999998,seoul_od
S4108|805,다산역,수도권 광역철도 8호선,0.0,18689.1,13230.189999999999,seoul_od
