역A,노선A,역B,노선B,구간유형,거리_m,평일운행횟수,구간매개중심성,효율저하율_%,승객가중효율저하율_%,단절유발,분리규모
도봉산,7호선,망월사역,경원선,운행,2377,323,0.075405,3.6089,4.7599,1,31
망월사역,경원선,회룡역,경원선,운행,1505,323,0.073069,3.4745,4.6188,1,30
성신여대입구(돈암),4호선,정릉,우이신설선,운행,1142,258,0.024996,2.2551,3.1464,1,10
회룡,의정부,범골,의정부,운행,490,439,0.03237,1.8124,2.8167,1,13
북한산보국문,우이신설선,정릉,우이신설선,운행,1160,516,0.022526,1.9665,2.7541,1,9
시흥대야역,서해선,신천역,서해선,운행,1381,,0.091581,3.5821,2.6799,1,38
신현역,서해선,시흥시청역,서해선,운행,3472,,0.086991,3.2944,2.6799,1,36
시흥시청역,서해선,시흥능곡역,서해선,운행,1291,,0.084687,3.1866,2.6799,1,35
시흥능곡역,서해선,달미역,서해선,운행,2335,,0.082376,3.0786,2.6799,1,34
신천역,서해선,신현역,서해선,운행,3334,,0.089289,3.4252,2.6799,1,37
소사역,경인선,소새울역,서해선,운행,1591,,0.096145,3.9323,2.6799,1,40
소새울역,서해선,시흥대야역,서해선,운행,2037,,0.093866,3.745,2.6799,1,39
달미역,서해선,선부역,서해선,운행,1603,320,0.080059,2.9863,2.6274,1,33
초지역,수인선,선부역,서해선,운행,1594,,0.077735,2.9041,2.58,1,32
범골,의정부,경전철의정부,의정부,운행,954,439,0.029919,1.6459,2.5442,1,12
경전철의정부,의정부,의정부시청,의정부,운행,775,439,0.027461,1.5006,2.3185,1,11
솔샘,우이신설선,북한산보국문,우이신설선,운행,1013,516,0.020048,1.712,2.2953,1,8
안국,3호선,종로3가(탑골공원),5호선,운행,1000,192,0.027787,0.8544,2.2184,0,0
의정부시청,의정부,흥선,의정부,운행,487,439,0.024996,1.3627,2.1069,1,10
고촌역,김포도시철도,김포공항,5호선,운행,5129,518,0.022526,1.1814,1.9098,1,9
삼양사거리,우이신설선,솔샘,우이신설선,운행,621,516,0.017565,1.4809,1.8782,1,7
흥선,의정부,의정부중앙,의정부,운행,1097,439,0.022526,1.2115,1.8617,1,9
경복궁(정부서울청사),3호선,안국,3호선,운행,1100,991,0.025444,0.6537,1.8535,0,0
중앙역,수인선,고잔역,수인선,운행,1400,780,0.042113,1.5056,1.7879,1,17
철산,7호선,가산디지털단지역,경부선,운행,1400,199,0.216803,1.6449,1.7638,0,0
철산,7호선,광명사거리,7호선,운행,1300,397,0.215459,1.5486,1.663,0,0
의정부중앙,의정부,동오,의정부,운행,671,439,0.020048,1.0798,1.658,1,8
풍무역,김포도시철도,고촌역,김포도시철도,운행,3549,518,0.020048,1.008,1.607,1,8
곡산역,경의중앙선,백마역,경의중앙선,운행,1600,470,0.039687,1.85,1.604,1,16
한대앞역,안산과천선,중앙역,수인선,운행,1600,392,0.037255,1.2822,1.5767,1,15
광명사거리,7호선,천왕,7호선,운행,1700,397,0.214127,1.4792,1.5652,0,0
온수(성공회대입구),7호선,온수역,경인선,환승,0,,0.211503,1.4637,1.5346,0,0
천왕,7호선,온수(성공회대입구),7호선,운행,1500,269,0.212809,1.4447,1.5228,0,0
삼양,우이신설선,삼양사거리,우이신설선,운행,657,516,0.015075,1.2513,1.4475,1,6
동오,의정부,새말,의정부,운행,729,439,0.017565,0.9452,1.4452,1,7
역곡역,경인선,소사역,경인선,운행,1300,295,0.2053,1.3831,1.4313,0,0
인천시청,인천지하철 2호선,석천사거리,인천지하철 2호선,운행,782,235,0.015075,0.9967,1.4312,1,6
역곡역,경인선,온수역,경인선,운행,1900,295,0.206241,1.3697,1.4209,0,0
독립문,3호선,경복궁(정부서울청사),3호선,운행,1600,991,0.02371,0.5054,1.382,0,0
백마역,경의중앙선,풍산역,경의중앙선,운행,1700,470,0.034816,1.5596,1.3655,1,14
사우역,김포도시철도,풍무역,김포도시철도,운행,1442,518,0.017565,0.8624,1.3553,1,7
의정부역,경원선,가능역,경원선,운행,1200,507,0.03237,1.3009,1.3543,1,13
정자,신분당선,미금,신분당선,운행,1800,452,0.095892,1.4774,1.3422,0,0
대곡역,일산선,백석역,일산선,운행,2380,132,0.012578,0.6783,1.2562,1,5
검암,인천국제공항선,독정,인천지하철 2호선,운행,1767,233,0.015075,0.8686,1.2481,1,6
새말,의정부,경기도청북부청사,의정부,운행,699,439,0.015075,0.8128,1.2349,1,6
수원역,경부선,세류역,경부선,운행,2900,297,0.054147,1.3342,1.2203,1,22
석천사거리,인천지하철 2호선,모래내시장,인천지하철 2호선,운행,821,464,0.012578,0.8091,1.2126,1,5
망우역,경의중앙선,양원역,경의중앙선,운행,1700,,0.049353,2.4509,1.2107,1,20
구리(구리전통시장),8호선,양원역,경의중앙선,운행,3200,,0.046946,2.2226,1.2107,1,19
반월역,안산과천선,상록수역,안산과천선,운행,3700,600,0.029919,0.9495,1.1908,1,12
상계,4호선,노원,4호선,운행,1200,950,0.012578,0.8497,1.1828,1,5
신내,6호선,갈매역,경춘선,운행,2569,103,0.049353,2.1799,1.1652,1,20
원인재,인천지하철 1호선,동춘,인천지하철 1호선,운행,1058,306,0.022526,1.1692,1.1631,1,9
풍산역,경의중앙선,일산역,경의중앙선,운행,1900,470,0.029919,1.2799,1.1349,1,12
가산디지털단지역,경부선,독산역,경부선,운행,2000,129,0.074128,1.1133,1.1156,0,0
무악재,3호선,독립문,3호선,운행,1100,985,0.022065,0.4157,1.1094,0,0
걸포북변역,김포도시철도,사우역,김포도시철도,운행,1757,518,0.015075,0.719,1.0987,1,6
백석역,일산선,마두역,일산선,운행,1400,660,0.010075,0.5365,1.083,1,4
완정,인천지하철 2호선,독정,인천지하철 2호선,운행,922,464,0.012578,0.7212,1.0775,1,5
세류역,경부선,병점역,경부선,운행,4300,593,0.051753,1.2351,1.0748,1,21
독산역,경부선,광명역,경부선,운행,5577,,0.071984,0.9302,1.0728,0,0
금천구청역,경부선,광명역,경부선,운행,1900,40,0.069852,0.8236,1.0653,0,0
가능역,경원선,녹양역,경원선,운행,1300,509,0.029919,1.1502,1.0631,1,12
경기도청북부청사,의정부,효자,의정부,운행,628,439,0.012578,0.6816,1.0246,1,5
금천구청역,경부선,석수역,경부선,운행,1900,222,0.067721,0.7291,1.0244,0,0
대야미역,안산과천선,반월역,안산과천선,운행,2000,601,0.027461,0.8575,1.0114,1,11
양평,5호선,영등포구청,5호선,운행,800,198,0.024097,0.8214,1.0114,0,0
화계,우이신설선,삼양,우이신설선,운행,805,516,0.012578,1.0255,1.0107,1,5
동춘,인천지하철 1호선,동막,인천지하철 1호선,운행,967,306,0.020048,1.019,1.0099,1,8
길음,4호선,성신여대입구(돈암),4호선,운행,1300,236,0.084159,0.4955,0.992,0,0
오류동역,경인선,온수역,경인선,운행,1300,346,0.007566,0.6097,0.9873,1,3
병점역,경부선,서동탄역,경부선,운행,2400,243,0.049353,1.1505,0.9519,1,20
일산역,경의중앙선,탄현역,경의중앙선,운행,1700,332,0.024996,1.011,0.9485,1,10
모래내시장,인천지하철 2호선,만수,인천지하철 2호선,운행,1080,464,0.010075,0.6308,0.9291,1,4
세마역,경부선,서동탄역,경부선,운행,1205,,0.046946,1.071,0.918,1,19
석수역,경부선,관악역,경부선,운행,1900,603,0.06564,0.646,0.9143,0,0
홍제,3호선,무악재,3호선,운행,900,985,0.021111,0.3537,0.8957,0,0
세마역,경부선,오산대역,경부선,운행,2700,375,0.044533,0.9857,0.8653,1,18
동막,인천지하철 1호선,캠퍼스타운,인천지하철 1호선,운행,1508,304,0.017565,0.8751,0.8604,1,7
오목교(목동운동장앞),5호선,양평,5호선,운행,1000,396,0.022049,0.668,0.8563,0,0
마전,인천지하철 2호선,완정,인천지하철 2호선,운행,744,464,0.010075,0.5757,0.8504,1,4
운양역,김포도시철도,걸포북변역,김포도시철도,운행,3135,518,0.012578,0.5813,0.8476,1,5
부천역,경인선,중동역,경인선,운행,1100,594,0.141058,0.6938,0.8318,0,0
신반포,서울 도시철도 9호선,고속터미널,서울 도시철도 9호선,운행,756,125,0.125168,1.1463,0.83,0,0
미아사거리,4호선,길음,4호선,운행,1500,472,0.081982,0.3566,0.8283,0,0
대야미역,안산과천선,수리산역,안산과천선,운행,2600,602,0.024996,0.7678,0.8248,1,10
동작(현충원),서울 도시철도 9호선,구반포,서울 도시철도 9호선,운행,806,124,0.125411,1.1149,0.8192,0,0
신림,수도권 경량도시철도 신림선,서원,수도권 경량도시철도 신림선,운행,802,192,0.007566,0.7936,0.8167,1,3
인천시청,인천지하철 1호선,예술회관,인천지하철 1호선,운행,927,153,0.072493,0.97,0.8159,0,0
구반포,서울 도시철도 9호선,신반포,서울 도시철도 9호선,운행,813,250,0.12518,1.1066,0.8094,0,0
마두역,일산선,정발산역,일산선,운행,900,660,0.007566,0.402,0.8053,1,3
효자,의정부,곤제,의정부,운행,691,439,0.010075,0.547,0.8043,1,4
탄현역,경의중앙선,야당역,경의중앙선,운행,2100,332,0.022526,0.8795,0.7993,1,9
오리역,분당선,죽전역,분당선,운행,1800,582,0.076938,0.9821,0.7861,0,0
녹양역,경원선,양주역,경원선,운행,1600,507,0.027461,1.0055,0.7789,1,11
부평역,경인선,부개역,경인선,운행,1200,306,0.13556,0.6708,0.7775,0,0
오산대역,경부선,오산역,경부선,운행,2700,355,0.042113,0.9066,0.7687,1,17
관악역,경부선,안양역,경부선,운행,2400,593,0.063573,0.5727,0.7659,0,0
송내역,경인선,부개역,경인선,운행,1000,594,0.137391,0.6557,0.7635,0,0
약수,3호선,금호,3호선,운행,800,191,0.038253,0.8089,0.7626,0,0
송내역,경인선,중동역,경인선,운행,1700,595,0.139221,0.6563,0.7612,0,0
미금,신분당선,동천,신분당선,운행,1700,162,0.015075,0.7738,0.7568,1,6
구파발,3호선,연신내,3호선,운행,2000,490,0.016435,0.4694,0.7517,0,0
예술회관,인천지하철 1호선,인천터미널,인천지하철 1호선,운행,832,305,0.070156,0.8955,0.7489,0,0
별내역,경춘선,퇴계원역,경춘선,운행,1600,103,0.039687,1.4305,0.7446,1,16
캠퍼스타운,인천지하철 1호선,테크노파크,인천지하철 1호선,운행,823,304,0.015075,0.7488,0.7286,1,6
미아(서울사이버대학),4호선,미아사거리,4호선,운행,1400,472,0.079819,0.2686,0.7079,0,0
목동,5호선,오목교(목동운동장앞),5호선,운행,900,396,0.020058,0.5517,0.7013,0,0
중곡,7호선,군자(능동),7호선,운행,1100,199,0.075655,0.8967,0.7009,0,0
보정역,분당선,죽전역,분당선,운행,1300,362,0.074807,0.9272,0.6891,0,0
오산역,경부선,진위역,경부선,운행,4000,355,0.039687,0.8302,0.6759,1,16
계양,인천지하철 1호선,김포공항역,서해선,운행,6061,182,0.0691,0.7164,0.6759,0,0
기흥(백남준아트센터),에버라인,기흥역,분당선,환승,0,,0.037255,1.5791,0.6746,1,15
인천터미널,인천지하철 1호선,문학경기장,인천지하철 1호선,운행,782,305,0.067814,0.8341,0.6745,0,0
만수,인천지하철 2호선,남동구청,인천지하철 2호선,운행,866,464,0.007566,0.4662,0.6623,1,3
녹번,3호선,홍제,3호선,운행,1600,985,0.020676,0.3076,0.6619,0,0
야당역,경의중앙선,운정역,경의중앙선,운행,1500,332,0.020048,0.7591,0.6609,1,8
서울지방병무청,수도권 경량도시철도 신림선,대방역,경부선,운행,877,182,0.07231,0.6117,0.6541,0,0
개봉역,경인선,오류동역,경인선,운행,1000,601,0.00505,0.3995,0.6504,1,2
산본역,안산과천선,수리산역,안산과천선,운행,1100,600,0.022526,0.6866,0.649,1,9
증산(명지대앞),6호선,디지털미디어시티역,경의중앙선,운행,900,166,0.025524,0.6317,0.6453,0,0
퇴계원역,경춘선,사릉역,경춘선,운행,3300,206,0.037255,1.2455,0.645,1,15
안양역,경부선,명학역,경부선,운행,2200,593,0.061601,0.5138,0.6411,0,0
잠실(송파구청),8호선,석촌,8호선,운행,800,160,0.074343,0.8068,0.6402,0,0
기흥(백남준아트센터),에버라인,강남대,에버라인,운행,991,132,0.034816,1.4373,0.6371,1,14
용마산(용마폭포공원),7호선,중곡,7호선,운행,900,398,0.073895,0.8284,0.6337,0,0
동천,신분당선,수지구청,신분당선,운행,2100,324,0.012578,0.6225,0.6296,1,5
장기역,김포도시철도,운양역,김포도시철도,운행,1703,518,0.010075,0.4595,0.6289,1,4
서울지방병무청,수도권 경량도시철도 신림선,보라매,수도권 경량도시철도 신림선,운행,669,182,0.071126,0.5742,0.6273,0,0
녹번,3호선,불광,6호선,운행,1100,490,0.020458,0.3081,0.6186,0,0
보정역,분당선,구성역,분당선,운행,1600,362,0.072675,0.8779,0.6182,0,0
양주역,경원선,덕계역,경원선,운행,5300,121,0.024996,0.8673,0.6118,1,10
창동,4호선,쌍문,4호선,운행,1400,225,0.074672,0.2209,0.6108,0,0
양정역,경의중앙선,덕소역,경의중앙선,운행,2300,,0.03237,1.1774,0.6072,1,13
도농역,경의중앙선,양정역,경의중앙선,운행,3700,,0.034816,1.3263,0.6072,1,14
문학경기장,인천지하철 1호선,선학,인천지하철 1호선,운행,888,305,0.065471,0.7804,0.6066,0,0
대치,3호선,도곡역,분당선,운행,800,191,0.008379,0.247,0.6034,0,0
검단사거리,인천지하철 2호선,마전,인천지하철 2호선,운행,1035,464,0.007566,0.4255,0.6032,1,3
건대입구,2호선,구의(광진구청),2호선,운행,1540,239,0.074035,0.564,0.6025,0,0
수유(강북구청),4호선,미아(서울사이버대학),4호선,운행,1500,1212,0.078033,0.2168,0.6023,0,0
성수,2호선,건대입구,2호선,운행,1259,239,0.038112,0.5821,0.6008,0,0
천호(풍납토성),5호선,강동,5호선,운행,800,395,0.023729,0.7619,0.5941,0,0
테크노파크,인천지하철 1호선,지식정보단지,인천지하철 1호선,운행,1078,304,0.012578,0.6193,0.5922,1,5
진위역,경부선,송탄역,경부선,운행,3800,359,0.037255,0.76,0.5893,1,15
사가정,7호선,용마산(용마폭포공원),7호선,운행,800,398,0.072153,0.7903,0.5827,0,0
새절(신사),6호선,증산(명지대앞),6호선,운행,900,332,0.02313,0.5405,0.5821,0,0
강남대,에버라인,지석,에버라인,운행,909,132,0.03237,1.3224,0.5804,1,13
가오리,우이신설선,화계,우이신설선,운행,818,516,0.010075,0.8096,0.5791,1,4
곤제,의정부,어룡,의정부,운행,878,439,0.007566,0.4114,0.5787,1,3
불암산,4호선,상계,4호선,운행,1175,457,0.010075,0.6271,0.5776,1,4
주안역,경인선,도화역,경인선,운행,1200,290,0.019715,0.3454,0.5764,0,0
신정(은행정),5호선,목동,5호선,운행,800,396,0.01808,0.4584,0.5749,0,0
쌍문,4호선,수유(강북구청),4호선,운행,1300,1212,0.076273,0.2026,0.5699,0,0
덕소역,경의중앙선,도심역,경의중앙선,운행,1500,186,0.029919,1.04,0.5627,1,12
구성역,분당선,신갈역,분당선,운행,1600,362,0.070537,0.8395,0.5606,0,0
부평,인천지하철 1호선,동수,인천지하철 1호선,운행,720,153,0.097336,0.6065,0.5605,0,0
면목,7호선,상봉역,경의중앙선,운행,800,199,0.073184,0.7938,0.5601,0,0
구산,6호선,새절(신사),6호선,운행,900,,0.020736,0.4765,0.5545,0,0
면목,7호선,사가정,7호선,운행,900,398,0.072595,0.7751,0.5533,0,0
연신내,3호선,구산,6호선,운행,1400,165,0.019757,0.4341,0.5496,0,0
선학,인천지하철 1호선,신연수,인천지하철 1호선,운행,1090,305,0.063122,0.7376,0.5489,0,0
범계역,안산과천선,산본역,안산과천선,운행,3866,,0.020048,0.5983,0.5478,1,8
당산,2호선,선유도,서울 도시철도 9호선,운행,837,126,0.057767,0.666,0.5439,0,0
서원,수도권 경량도시철도 신림선,서울대벤처타운,수도권 경량도시철도 신림선,운행,696,384,0.00505,0.5175,0.5373,1,2
신당,6호선,동묘앞,6호선,운행,700,165,0.087193,0.4958,0.5327,0,0
사릉역,경춘선,금곡역,경춘선,운행,3600,206,0.034816,1.0897,0.5315,1,14
구의(광진구청),2호선,강변(동서울터미널),2호선,운행,900,479,0.072448,0.5088,0.531,0,0
부평,인천지하철 1호선,부평역,경인선,환승,0,,0.102824,0.5273,0.5303,0,0
서울,인천국제공항선,남영역,경부선,운행,1387,239,0.022462,0.2754,0.5276,0,0
지석,에버라인,어정,에버라인,운행,876,132,0.029919,1.2097,0.526,1,12
안암(고대병원앞),6호선,보문,우이신설선,운행,800,165,0.036246,0.4938,0.5247,0,0
신용산,4호선,삼각지(전쟁기념관),6호선,운행,1200,236,0.045234,0.6458,0.523,0,0
운정역,경의중앙선,금릉역,경의중앙선,운행,3100,332,0.017565,0.6394,0.5218,1,7
덕계역,경원선,덕정역,경원선,운행,2900,323,0.022526,0.7567,0.5208,1,9
보라매,수도권 경량도시철도 신림선,신대방삼거리,7호선,운행,800,199,0.009781,0.3937,0.5178,0,0
디지털미디어시티,인천국제공항선,수색역,경의중앙선,운행,600,,0.077578,0.9646,0.5165,0,0
수색역,경의중앙선,한국항공대,경의중앙선,운행,3400,,0.075255,0.7683,0.5165,0,0
한국항공대,경의중앙선,강매역,경의중앙선,운행,2400,,0.072931,0.6636,0.5165,0,0
노량진,서울 도시철도 9호선,노들,서울 도시철도 9호선,운행,1079,125,0.095602,0.6167,0.5156,0,0
평촌역,안산과천선,범계역,안산과천선,운행,1300,252,0.017565,0.5255,0.5149,1,7
신갈역,분당선,기흥역,분당선,운행,1400,362,0.068393,0.8131,0.5143,0,0
신연수,인천지하철 1호선,원인재,인천지하철 1호선,운행,821,306,0.060779,0.7161,0.5101,0,0
동수,인천지하철 1호선,부평삼거리,인천지하철 1호선,운행,1061,306,0.095153,0.5465,0.5101,0,0
송탄역,경부선,서정리역,경부선,운행,2200,355,0.034816,0.6948,0.5073,1,14
청라국제도시,인천국제공항선,검암,인천지하철 2호선,운행,4689,134,0.027461,0.9917,0.5016,1,11
대치,3호선,학여울,3호선,운행,800,986,0.006203,0.1569,0.4935,0,0
양재시민의숲(매헌),신분당선,양재(서초구청),3호선,운행,1600,165,0.085333,0.5961,0.4877,0,0
개화산,5호선,김포공항역,서해선,운행,1200,395,0.00505,0.4669,0.4861,1,2
흑석(중앙대입구),서울 도시철도 9호선,동작(현충원),서울 도시철도 9호선,운행,1456,126,0.094457,0.5984,0.4844,0,0
노들,서울 도시철도 9호선,흑석(중앙대입구),서울 도시철도 9호선,운행,1021,250,0.094405,0.5835,0.483,0,0
신용산,4호선,이촌(국립중앙박물관),4호선,운행,700,472,0.044094,0.6185,0.4825,0,0
평내호평역,경춘선,천마산역,경춘선,운행,4200,,0.029919,0.8335,0.4817,1,12
금곡역,경춘선,평내호평역,경춘선,운행,4000,,0.03237,0.9536,0.4817,1,13
정발산역,일산선,주엽역,일산선,운행,1600,660,0.00505,0.2626,0.4793,1,2
수지구청,신분당선,성복,신분당선,운행,1700,324,0.010075,0.4859,0.4787,1,4
도심역,경의중앙선,팔당역,경의중앙선,운행,4200,186,0.027461,0.9034,0.476,1,11
청량리역,경원선,회기역,경원선,운행,1400,22,0.015305,0.3402,0.4742,0,0
강매역,경의중앙선,행신역,경의중앙선,운행,1000,377,0.070608,0.5974,0.4738,0,0
어정,에버라인,동백(용인세브란스),에버라인,운행,1024,132,0.027461,1.0966,0.4729,1,11
부평삼거리,인천지하철 1호선,간석오거리,인천지하철 1호선,운행,1283,306,0.092976,0.5136,0.4728,0,0
간석오거리,인천지하철 1호선,인천시청,인천지하철 1호선,운행,1148,153,0.090966,0.5131,0.4718,0,0
제물포역,경인선,도화역,경인선,운행,1000,584,0.017245,0.273,0.4692,0,0
강변(동서울터미널),2호선,잠실나루,2호선,운행,1800,479,0.071097,0.4813,0.4692,0,0
까치산,5호선,신정(은행정),5호선,운행,1300,396,0.016774,0.3782,0.463,0,0
지식정보단지,인천지하철 1호선,인천대입구,인천지하철 1호선,운행,1059,304,0.010075,0.4949,0.4606,1,4
압구정,3호선,신사,3호선,운행,1500,493,0.033926,0.4988,0.4599,0,0
석촌,8호선,송파,8호선,운행,1300,160,0.074304,0.5357,0.4587,0,0
신목동,서울 도시철도 9호선,선유도,서울 도시철도 9호선,운행,1190,250,0.05577,0.5272,0.4533,0,0
옥수,3호선,압구정,3호선,운행,2100,191,0.033132,0.4785,0.4527,0,0
금정역,경부선,군포역,경부선,운행,2200,297,0.055776,0.3737,0.4506,0,0
서정리역,경부선,평택지제역,경부선,운행,4800,124,0.03237,0.6279,0.4505,1,13
인덕원역,안산과천선,평촌역,안산과천선,운행,1600,252,0.015075,0.4485,0.4486,1,6
태릉입구,6호선,석계역,경원선,운행,1000,166,0.026558,0.4955,0.448,0,0
송파,8호선,가락시장,8호선,운행,900,161,0.072582,0.5149,0.4467,0,0
천마산역,경춘선,마석역,경춘선,운행,2200,199,0.027461,0.7272,0.4448,1,11
이촌(국립중앙박물관),4호선,동작(현충원),4호선,운행,1300,236,0.044805,0.5982,0.4439,0,0
강동,5호선,길동,5호선,운행,900,209,0.021265,0.6239,0.4429,0,0
합정,6호선,당산,서울 도시철도 9호선,운행,1962,239,0.047855,0.4745,0.4388,0,0
공덕,인천국제공항선,마포,5호선,운행,800,198,0.12374,0.4473,0.4362,0,0
건대입구,7호선,자양(뚝섬한강공원),7호선,운행,1000,198,0.029416,0.5235,0.4298,0,0
평택지제역,경부선,평택역,경부선,운행,3700,124,0.029919,0.5671,0.4243,1,12
동백(용인세브란스),에버라인,초당,에버라인,운행,1100,132,0.024996,0.9857,0.4214,1,10
인천시청,인천지하철 1호선,인천시청,인천지하철 2호선,환승,0,,0.025118,0.3912,0.4198,0,0
신설동,1호선,동묘앞,1호선,운행,700,575,0.030367,0.3867,0.4197,0,0
회룡,의정부,회룡역,경원선,환승,0,,0.036582,0.2489,0.4194,0,0
계양,인천지하철 1호선,검암,인천지하철 2호선,운행,5354,227,0.04685,0.4096,0.4194,0,0
디지털미디어시티,6호선,마곡나루(서울식물원),서울 도시철도 9호선,운행,6581,182,0.095911,0.4017,0.4137,0,0
여의나루,5호선,여의도,서울 도시철도 9호선,운행,1000,198,0.123612,0.4085,0.4127,0,0
광화문(세종문화회관),5호선,종로3가(탑골공원),5호선,운행,1200,198,0.072208,0.3428,0.4112,0,0
까치산,5호선,신정네거리,2호선,운행,1900,222,0.007566,0.6073,0.4076,1,3
영등포역,경부선,신길역,경부선,운행,800,669,0.120122,0.2412,0.4073,0,0
마산역,김포도시철도,장기역,김포도시철도,운행,2239,517,0.007566,0.3397,0.4069,1,3
청담,7호선,강남구청역,분당선,운행,1100,199,0.030108,0.528,0.4061,0,0
팔당역,경의중앙선,운길산역,경의중앙선,운행,6400,166,0.024996,0.7853,0.4037,1,10
샛강,서울 도시철도 9호선,노량진,서울 도시철도 9호선,운행,1176,125,0.114191,0.4377,0.4024,0,0
안암(고대병원앞),6호선,고려대(종암),6호선,운행,900,331,0.034467,0.3595,0.4013,0,0
청라국제도시,인천국제공항선,영종,인천국제공항선,운행,10143,274,0.024996,0.8531,0.3987,1,10
검암,인천국제공항선,검암,인천지하철 2호선,환승,0,,0.027915,0.3435,0.3979,0,0
금릉역,경의중앙선,금촌역,경의중앙선,운행,2100,332,0.015075,0.5325,0.3973,1,6
덕정역,경원선,지행역,경원선,운행,5600,338,0.020048,0.6526,0.3943,1,8
외대앞역,경원선,신이문역,경원선,운행,800,990,0.010018,0.2038,0.3938,0,0
봉천,2호선,신림,2호선,운행,1088,239,0.056988,0.2953,0.3904,0,0
군포역,경부선,당정역,경부선,운행,1600,602,0.053856,0.3346,0.3881,0,0
어린이대공원(세종대),7호선,건대입구,7호선,운행,800,200,0.068425,0.4991,0.3866,0,0
남동구청,인천지하철 2호선,인천대공원,인천지하철 2호선,운행,1454,464,0.00505,0.3021,0.3865,1,2
지축,3호선,삼송역,일산선,운행,1693,311,0.009451,0.1854,0.3856,0,0
장승배기,7호선,신대방삼거리,7호선,운행,1200,398,0.008392,0.2655,0.3823,0,0
정부과천청사역,안산과천선,인덕원역,안산과천선,운행,3000,252,0.012578,0.3712,0.382,1,5
동묘앞,1호선,동대문,1호선,운행,600,232,0.081378,0.319,0.3794,0,0
마석역,경춘선,대성리역,경춘선,운행,7400,182,0.024996,0.6222,0.3764,1,10
동작(현충원),4호선,동작(현충원),서울 도시철도 9호선,환승,0,,0.042179,0.5695,0.3736,0,0
건대입구,2호선,건대입구,7호선,환승,0,,0.056976,0.4208,0.3731,0,0
창동,4호선,방학역,경원선,운행,1700,643,0.062664,0.1837,0.3727,0,0
염창,서울 도시철도 9호선,신목동,서울 도시철도 9호선,운행,797,250,0.054451,0.4352,0.3726,0,0
자양(뚝섬한강공원),7호선,청담,7호선,운행,2000,398,0.029141,0.4751,0.3714,0,0
초당,에버라인,삼가,에버라인,운행,2223,132,0.022526,0.8753,0.3711,1,9
보라매공원,수도권 경량도시철도 신림선,보라매병원,수도권 경량도시철도 신림선,운행,557,374,0.01373,0.3208,0.3711,0,0
종로5가,1호선,종로3가,1호선,운행,900,240,0.083941,0.2767,0.3707,0,0
평택역,경부선,성환역,경부선,운행,9400,405,0.027461,0.5076,0.3707,1,11
군자(능동),7호선,어린이대공원(세종대),7호선,운행,1100,199,0.066786,0.4697,0.3682,0,0
4.19민주묘지,우이신설선,가오리,우이신설선,운행,922,,0.007566,0.6006,0.3671,1,3
솔밭공원,우이신설선,4.19민주묘지,우이신설선,운행,727,,0.00505,0.4016,0.3671,1,2
동대문,1호선,종로5가,1호선,운행,800,240,0.083243,0.2758,0.3661,0,0
어룡,의정부,송산,의정부,운행,644,439,0.00505,0.2828,0.3642,1,2
여의나루,5호선,마포,5호선,운행,1800,396,0.123151,0.3633,0.3609,0,0
석계,6호선,신이문역,경원선,운행,1463,497,0.008264,0.2014,0.3599,0,0
능곡역,서해선,곡산역,경의중앙선,운행,3424,,0.063624,0.4368,0.3589,0,0
왕길,인천지하철 2호선,검단사거리,인천지하철 2호선,운행,1459,464,0.00505,0.2786,0.3566,1,2
양재시민의숲(매헌),신분당선,청계산입구,신분당선,운행,2900,330,0.08333,0.4406,0.3565,0,0
길동,5호선,굽은다리(강동구민회관앞),5호선,운행,800,209,0.018794,0.506,0.3535,0,0
계양,인천국제공항선,"아라(북부법원, 검찰청)",인천지하철 1호선,운행,3045,139,0.007566,0.4838,0.3525,1,3
시청,1호선,서울역(경의선),경의중앙선,운행,1100,240,0.0164,0.2681,0.3505,0,0
운길산역,경의중앙선,양수역,경의중앙선,운행,1900,166,0.022526,0.6888,0.3469,1,9
동묘앞,6호선,창신,6호선,운행,600,165,0.133287,0.303,0.3376,0,0
제물포역,경인선,도원역,경인선,운행,1000,628,0.014767,0.2125,0.3368,0,0
안산역,수인선,초지역,서해선,운행,1800,395,0.020048,0.8957,0.3361,1,8
모란,8호선,야탑역,분당선,운행,2300,291,0.053101,0.4009,0.3351,0,0
서울대입구(관악구청),2호선,봉천,2호선,운행,1000,479,0.055778,0.2483,0.3343,0,0
학여울,3호선,대청,3호선,운행,900,986,0.004551,0.0949,0.3332,0,0
인천대입구,인천지하철 1호선,센트럴파크,인천지하철 1호선,운행,828,303,0.007566,0.3749,0.3331,1,3
성복,신분당선,상현,신분당선,운행,2100,324,0.007566,0.3548,0.3329,1,3
가정중앙시장,인천지하철 2호선,석남(거북시장),인천지하철 2호선,운행,1146,234,0.012066,0.2164,0.3288,0,0
과천역,안산과천선,정부과천청사역,안산과천선,운행,1000,252,0.010075,0.3061,0.3285,1,4
공릉(서울과학기술대),7호선,태릉입구,7호선,운행,800,199,0.040961,0.3123,0.3282,0,0
별내별가람역,진접선,불암산,4호선,운행,3281,158,0.007566,0.4186,0.3279,1,3
송정,5호선,김포공항역,서해선,운행,1200,395,0.008273,0.2623,0.3277,0,0
삼가,에버라인,시청·용인대,에버라인,운행,991,132,0.020048,0.7819,0.3261,1,8
주안,인천지하철 2호선,주안역,경인선,환승,0,,0.008238,0.2154,0.324,0,0
아차산(어린이대공원후문),5호선,광나루(장신대),5호선,운행,1500,396,0.020756,0.3267,0.3232,0,0
서대문,5호선,광화문(세종문화회관),5호선,운행,1100,396,0.072105,0.2732,0.3231,0,0
신길,5호선,신길역,경부선,환승,0,,0.122145,0.2296,0.3222,0,0
대성리역,경춘선,청평역,경춘선,운행,7500,182,0.022526,0.5347,0.321,1,9
남영역,경부선,용산역,경부선,운행,1700,1177,0.021514,0.1903,0.3201,0,0
야탑역,분당선,이매역,분당선,운행,1700,291,0.053504,0.3914,0.32,0,0
지행역,경원선,동두천중앙역,경원선,운행,1000,136,0.017565,0.5703,0.3195,1,7
마장,5호선,답십리,5호선,운행,1000,398,0.024222,0.2802,0.318,0,0
영등포역,경부선,신도림역,경부선,운행,1000,742,0.119725,0.2033,0.3178,0,0
태릉입구,7호선,먹골,7호선,운행,900,198,0.043188,0.2954,0.3174,0,0
용산역,경부선,노량진역,경부선,운행,1500,595,0.022468,0.2001,0.3154,0,0
고속터미널,3호선,내방,7호선,운행,2200,199,0.007784,0.281,0.3142,0,0
춘의,도시철도 7호선,신중동,도시철도 7호선,운행,964,504,0.033263,0.1955,0.3136,0,0
사당,2호선,낙성대(강감찬),2호선,운행,1700,479,0.056091,0.2445,0.3135,0,0
천호(풍납토성),5호선,암사,8호선,운행,1400,160,0.00505,0.4441,0.3125,1,2
제기동,1호선,신설동,1호선,운행,900,575,0.01568,0.2689,0.3113,0,0
몽촌토성(평화의문),8호선,잠실(송파구청),8호선,운행,1600,320,0.020839,0.371,0.3073,0,0
영등포구청,5호선,당산,서울 도시철도 9호선,운행,1245,239,0.043816,0.321,0.3072,0,0
등촌,서울 도시철도 9호선,염창,서울 도시철도 9호선,운행,996,248,0.053126,0.36,0.3069,0,0
보라매병원,수도권 경량도시철도 신림선,당곡,수도권 경량도시철도 신림선,운행,459,384,0.012188,0.2761,0.3067,0,0
낙성대(강감찬),2호선,서울대입구(관악구청),2호선,운행,1000,479,0.055867,0.2329,0.3065,0,0
상왕십리,2호선,왕십리(성동구청),5호선,운행,752,239,0.042343,0.2943,0.3054,0,0
성환역,경부선,직산역,경부선,운행,5400,355,0.024996,0.4574,0.3047,1,10
김포공항역,서해선,원종역,서해선,운행,4300,,0.052966,0.3249,0.3028,0,0
원종역,서해선,부천종합운동장역,서해선,운행,2100,,0.051846,0.3245,0.3028,0,0
복정,8호선,가천대역,분당선,운행,2400,291,0.061707,0.2842,0.3019,0,0
영종,인천국제공항선,운서,인천국제공항선,운행,3444,274,0.022526,0.7553,0.3008,1,9
의왕역,경부선,당정역,경부선,운행,2600,602,0.051942,0.2993,0.3,0,0
동묘앞,1호선,동묘앞,6호선,환승,0,,0.056912,0.2925,0.2969,0,0
고려대(종암),6호선,월곡(동덕여대),6호선,운행,800,331,0.032694,0.2719,0.2961,0,0
화곡,5호선,까치산,5호선,운행,1200,396,0.011512,0.2141,0.2953,0,0
원인재,인천지하철 1호선,남동인더스파크역,수인선,운행,1000,,0.027461,1.1852,0.2952,1,11
인천논현역,수인선,호구포역,수인선,운행,1300,,0.022526,0.8871,0.2952,1,9
소래포구역,수인선,인천논현역,수인선,운행,1000,,0.020048,0.7549,0.2952,1,8
월곶역,수인선,소래포구역,수인선,운행,1300,,0.017565,0.6222,0.2952,1,7
호구포역,수인선,남동인더스파크역,수인선,운행,1300,,0.024996,1.0287,0.2952,1,10
부평시장,인천지하철 1호선,부평,인천지하철 1호선,운행,890,153,0.037271,0.2715,0.2948,0,0
굴포천,도시철도 7호선,부평구청,도시철도 7호선,운행,895,252,0.024091,0.1882,0.2941,0,0
태릉입구,6호선,태릉입구,7호선,환승,0,,0.020957,0.3099,0.2924,0,0
가락시장,8호선,문정,8호선,운행,800,159,0.062894,0.3448,0.2922,0,0
양수역,경의중앙선,신원역,경의중앙선,운행,4700,166,0.020048,0.5911,0.2907,1,8
부평구청,인천지하철 1호선,부평시장,인천지하철 1호선,운행,1153,153,0.035702,0.2568,0.2867,0,0
기흥역,분당선,상갈역,분당선,운행,1900,362,0.033315,0.3712,0.2864,0,0
부평구청,인천지하철 1호선,부평구청,도시철도 7호선,환승,0,,0.030306,0.2442,0.2852,0,0
가정(루원시티),인천지하철 2호선,가정중앙시장,인천지하철 2호선,운행,820,465,0.011983,0.1821,0.2852,0,0
시청·용인대,에버라인,명지대,에버라인,운행,1021,132,0.017565,0.6863,0.2814,1,7
중화,7호선,상봉역,경의중앙선,운행,1000,199,0.045954,0.2914,0.2808,0,0
먹골,7호선,중화,7호선,운행,900,398,0.044443,0.2732,0.2804,0,0
창동,4호선,녹천역,경원선,운행,1000,643,0.004535,0.0979,0.2786,0,0
동두천중앙역,경원선,보산역,경원선,운행,1400,123,0.015075,0.4805,0.2771,1,6
상도,7호선,장승배기,7호선,운행,900,398,0.007067,0.1904,0.2762,0,0
석바위시장,인천지하철 2호선,인천시청,인천지하철 2호선,운행,811,236,0.009525,0.2201,0.2753,0,0
용두(동대문구청),2호선,신설동,2호선,운행,1200,226,0.022516,0.2803,0.2753,0,0
청계산입구,신분당선,판교,신분당선,운행,8200,166,0.081378,0.3458,0.2747,0,0
금촌역,경의중앙선,월롱역,경의중앙선,운행,4100,332,0.012578,0.4278,0.2744,1,5
신도림역,경부선,구로역,경부선,운행,1500,742,0.148882,0.2261,0.2737,0,0
굽은다리(강동구민회관앞),5호선,명일,5호선,운행,800,209,0.016316,0.3986,0.2737,0,0
부천종합운동장역,서해선,소사역,경인선,운행,2573,,0.029701,0.2829,0.2734,0,0
청평역,경춘선,상천역,경춘선,운행,4800,182,0.020048,0.4592,0.273,1,8
주안국가산단,인천지하철 2호선,주안,인천지하철 2호선,운행,948,236,0.008853,0.1787,0.2719,0,0
도곡,3호선,구룡역,분당선,운행,600,291,0.028847,0.2856,0.2715,0,0
명동,4호선,회현(남대문시장),4호선,운행,700,1218,0.112906,0.1189,0.2705,0,0
가천대역,분당선,태평역,분당선,운행,1000,582,0.05978,0.2543,0.27,0,0
도곡,3호선,도곡역,분당선,환승,0,,0.018813,0.2091,0.2693,0,0
신길,5호선,여의도,서울 도시철도 9호선,운행,1000,198,0.133721,0.2342,0.2692,0,0
주안,인천지하철 2호선,시민공원,인천지하철 2호선,운행,786,235,0.005044,0.1962,0.2691,0,0
서초,2호선,방배,2호선,운행,1700,479,0.055296,0.2255,0.2678,0,0
당곡,수도권 경량도시철도 신림선,신림,수도권 경량도시철도 신림선,운행,600,192,0.010703,0.2451,0.2677,0,0
선릉,2호선,한티역,분당선,운행,1000,291,0.022029,0.2821,0.2676,0,0
돌곶이,6호선,석계역,경원선,운행,800,166,0.027963,0.2538,0.2671,0,0
증미,서울 도시철도 9호선,등촌,서울 도시철도 9호선,운행,816,248,0.051808,0.3122,0.265,0,0
강동구청,8호선,몽촌토성(평화의문),8호선,운행,900,320,0.019194,0.325,0.2644,0,0
신중동,도시철도 7호선,부천시청,도시철도 7호선,운행,1124,504,0.031433,0.1591,0.2634,0,0
합정,2호선,합정,6호선,환승,0,,0.02869,0.2558,0.2619,0,0
삼산체육관,도시철도 7호선,굴포천,도시철도 7호선,운행,937,504,0.025928,0.1556,0.2618,0,0
노량진,서울 도시철도 9호선,노량진역,경부선,환승,0,,0.023518,0.1985,0.2614,0,0
원흥역,일산선,삼송역,일산선,운행,2100,660,0.007128,0.1122,0.2612,0,0
송정,5호선,마곡,5호선,운행,1100,395,0.007441,0.2032,0.2609,0,0
버티고개,6호선,약수,6호선,운행,1000,165,0.006036,0.2592,0.2606,0,0
문래,2호선,영등포구청,5호선,운행,692,239,0.036768,0.2518,0.2599,0,0
부평역,경인선,백운역,경인선,운행,1500,290,0.033228,0.1637,0.2595,0,0
광나루(장신대),5호선,천호(풍납토성),5호선,운행,2000,395,0.019168,0.285,0.2592,0,0
도곡,3호선,한티역,분당선,운행,700,291,0.020276,0.2513,0.259,0,0
갈산,인천지하철 1호선,부평구청,인천지하철 1호선,운행,933,153,0.006075,0.2473,0.2581,0,0
신사,신분당선,신사,3호선,환승,0,,0.028703,0.3201,0.2574,0,0
검암,인천국제공항선,검바위,인천지하철 2호선,운행,963,232,0.016534,0.1901,0.2564,0,0
시민공원,인천지하철 2호선,석바위시장,인천지하철 2호선,운행,1007,464,0.007284,0.1929,0.2541,0,0
동대문역사문화공원(DDP),5호선,신당,6호선,운행,969,239,0.105795,0.2348,0.2541,0,0
충무로,4호선,명동,4호선,운행,1300,237,0.112682,0.1217,0.254,0,0
의왕역,경부선,성균관대역,경부선,운행,2900,236,0.05015,0.2763,0.2529,0,0
홍대입구,2호선,신촌(지하),2호선,운행,1181,238,0.114801,0.3076,0.252,0,0
문정,8호선,장지,8호선,운행,900,319,0.06098,0.2859,0.2517,0,0
하계,7호선,공릉(서울과학기술대),7호선,운행,1300,397,0.038778,0.2239,0.2511,0,0
방학역,경원선,도봉역,경원선,운행,1300,644,0.060366,0.1418,0.2495,0,0
안산역,수인선,능길역,수인선,운행,2200,,0.015075,0.6539,0.2494,1,6
능길역,수인선,정왕역,수인선,운행,2900,,0.010075,0.4276,0.2494,1,4
우장산,5호선,화곡,5호선,운행,1000,395,0.010194,0.1823,0.249,0,0
직산역,경부선,두정역,경부선,운행,3800,355,0.022526,0.411,0.2464,1,9
부천시청,도시철도 7호선,상동,도시철도 7호선,운행,933,504,0.029602,0.1437,0.2461,0,0
삼각지(전쟁기념관),4호선,삼각지(전쟁기념관),6호선,환승,0,,0.036259,0.3704,0.245,0,0
부평구청,도시철도 7호선,산곡,도시철도 7호선,운행,1578,252,0.019703,0.1756,0.2449,0,0
노원,4호선,중계,7호선,운행,1100,198,0.034508,0.1831,0.2445,0,0
올림픽공원(한국체대),수도권  도시철도 9호선,둔촌오륜,수도권  도시철도 9호선,운행,814,125,0.00505,0.4732,0.2436,1,2
상동,도시철도 7호선,삼산체육관,도시철도 7호선,운행,973,504,0.027765,0.1413,0.2435,0,0
광운대역,경원선,월계역,경원선,운행,1093,284,0.008798,0.1275,0.2421,0,0
신사,신분당선,논현,신분당선,운행,700,165,0.027864,0.3063,0.2421,0,0
신도림,2호선,문래,2호선,운행,1067,221,0.035622,0.2202,0.2416,0,0
내방,7호선,이수,7호선,운행,1072,398,0.006708,0.1966,0.2415,0,0
신림,수도권 경량도시철도 신림선,신림,2호선,환승,0,,0.010818,0.2251,0.2409,0,0
신원역,경의중앙선,국수역,경의중앙선,운행,2900,166,0.017565,0.5049,0.2405,1,7
검바위,인천지하철 2호선,아시아드경기장,인천지하철 2호선,운행,1081,464,0.015171,0.1673,0.2404,0,0
신도림,2호선,신도림역,경부선,환승,0,,0.034227,0.1551,0.239,0,0
달월역,수인선,월곶역,수인선,운행,1500,263,0.015075,0.494,0.2385,1,6
아시아드경기장,인천지하철 2호선,서구청,인천지하철 2호선,운행,838,464,0.013846,0.1583,0.2385,0,0
가양,서울 도시철도 9호선,증미,서울 도시철도 9호선,운행,640,248,0.050841,0.2817,0.2383,0,0
성균관대역,경부선,화서역,경부선,운행,2600,220,0.048613,0.2663,0.2379,0,0
명지대,에버라인,김량장,에버라인,운행,741,132,0.015075,0.5931,0.2378,1,6
상갈역,분당선,청명역,분당선,운행,2800,362,0.031945,0.3276,0.2377,0,0
방배,2호선,사당,2호선,운행,1600,479,0.055437,0.1994,0.2373,0,0
양천구청,2호선,신정네거리,2호선,운행,1700,222,0.00505,0.3926,0.2342,1,2
개롱,5호선,거여,5호선,운행,900,212,0.00505,0.4391,0.234,1,2
구로역,경부선,가산디지털단지역,경부선,운행,1100,153,0.147752,0.2061,0.2317,0,0
화서역,경부선,수원역,경부선,운행,2100,297,0.04734,0.2688,0.2316,0,0
마곡나루(서울식물원),서울 도시철도 9호선,양천향교,서울 도시철도 9호선,운행,1228,250,0.048997,0.2726,0.2315,0,0
상월곡(한국과학기술연구원),6호선,돌곶이,6호선,운행,800,330,0.029333,0.2184,0.2315,0,0
신검단중앙,인천지하철 1호선,"아라(북부법원, 검찰청)",인천지하철 1호선,운행,1736,274,0.00505,0.3171,0.2303,1,2
가재울,인천지하철 2호선,주안국가산단,인천지하철 2호선,운행,1199,465,0.007278,0.1433,0.2294,0,0
뚝섬,2호선,성수,2호선,운행,800,479,0.019047,0.2035,0.2283,0,0
대공원역,안산과천선,과천역,안산과천선,운행,1000,598,0.007566,0.2356,0.2281,1,3
상천역,경춘선,가평역,경춘선,운행,7100,182,0.017565,0.3882,0.2281,1,7
오남역,진접선,별내별가람역,진접선,운행,7846,158,0.00505,0.2474,0.228,1,2
서구청,인천지하철 2호선,가정(루원시티),인천지하철 2호선,운행,2120,465,0.012623,0.1509,0.2273,0,0
삼각지(전쟁기념관),4호선,효창공원앞,6호선,운행,900,165,0.040695,0.3442,0.2259,0,0
마곡,5호선,발산,5호선,운행,1200,395,0.008344,0.1721,0.2258,0,0
한양대,2호선,뚝섬,2호선,운행,1100,479,0.019667,0.1985,0.2256,0,0
서울역,1호선,숙대입구(갈월),4호선,운행,900,236,0.013321,0.2219,0.2255,0,0
중계,7호선,하계,7호선,운행,1000,397,0.036602,0.1881,0.2249,0,0
월곡(동덕여대),6호선,상월곡(한국과학기술연구원),6호선,운행,1400,331,0.030933,0.2128,0.2241,0,0
발산,5호선,우장산,5호선,운행,1100,395,0.009259,0.1668,0.224,0,0
서부여성회관,인천지하철 2호선,인천가좌,인천지하철 2호선,운행,1150,465,0.00795,0.1376,0.2229,0,0
합정,2호선,망원,6호선,운행,1000,332,0.026168,0.2066,0.2227,0,0
답십리,5호선,장한평,5호선,운행,1200,398,0.023332,0.2143,0.2177,0,0
인천가좌,인천지하철 2호선,가재울,인천지하철 2호선,운행,996,465,0.005787,0.1334,0.2173,0,0
양천향교,서울 도시철도 9호선,가양,서울 도시철도 9호선,운행,1449,250,0.049894,0.2551,0.2162,0,0
성수,2호선,용답,2호선,운행,800,226,0.02002,0.2271,0.2159,0,0
불광,3호선,역촌,6호선,운행,1100,165,0.00505,0.4526,0.2148,1,2
청구,6호선,신당,6호선,운행,800,165,0.022417,0.2083,0.2144,0,0
도봉산,7호선,도봉역,경원선,운행,1081,323,0.058068,0.1331,0.2136,0,0
청명역,분당선,영통역,분당선,운행,1100,362,0.030671,0.3067,0.213,0,0
혜화,4호선,동대문,4호선,운행,900,474,0.0041,0.1322,0.2128,0,0
국회의사당,서울 도시철도 9호선,여의도,서울 도시철도 9호선,운행,899,124,0.048447,0.2968,0.2127,0,0
신답,2호선,용두(동대문구청),2호선,운행,900,226,0.021479,0.2119,0.2117,0,0
개봉역,경인선,구일역,경인선,운행,1400,599,0.002528,0.1945,0.2111,1,1
작전,인천지하철 1호선,갈산,인천지하철 1호선,운행,1464,306,0.005844,0.1925,0.2105,0,0
선릉,2호선,선정릉역,분당선,운행,700,,0.031286,0.2854,0.2103,0,0
운서,인천국제공항선,공항화물청사,인천국제공항선,운행,4024,274,0.020048,0.6644,0.2087,1,8
아현,2호선,충정로(경기대입구),5호선,운행,661,239,0.056701,0.177,0.2072,0,0
보산역,경원선,동두천역,경원선,운행,1600,325,0.012578,0.3907,0.2058,1,5
당산,2호선,당산,서울 도시철도 9호선,환승,0,,0.027051,0.2922,0.2046,0,0
장한평,5호선,군자(능동),7호선,운행,1500,200,0.022897,0.2082,0.2025,0,0
센트럴파크,인천지하철 1호선,국제업무지구,인천지하철 1호선,운행,948,303,0.00505,0.2518,0.2013,1,2
동인천역,경인선,도원역,경인선,운행,1400,592,0.01229,0.1606,0.201,0,0
명일,5호선,고덕,5호선,운행,1200,209,0.013833,0.2987,0.2006,0,0
강남구청,7호선,선정릉역,분당선,운행,700,,0.021453,0.3309,0.2003,0,0
강남구청,7호선,강남구청역,분당선,환승,0,,0.025409,0.366,0.2003,0,0
월계역,경원선,녹천역,경원선,운행,1400,648,0.006622,0.0864,0.2001,0,0
숭실대입구(살피재),7호선,상도,7호선,운행,900,398,0.006158,0.1395,0.1991,0,0
곡산역,경의중앙선,대곡역,서해선,운행,1700,234,0.022202,0.2058,0.1962,0,0
구래역,김포도시철도,마산역,김포도시철도,운행,1459,517,0.00505,0.2277,0.1953,1,2
상현,신분당선,광교중앙(아주대),신분당선,운행,2300,324,0.00505,0.2312,0.1952,1,2
석남(거북시장),인천지하철 2호선,산곡,도시철도 7호선,운행,2404,504,0.017443,0.1348,0.1952,0,0
석계,6호선,석계역,경원선,환승,0,,0.009999,0.132,0.1936,0,0
김량장,에버라인,용인중앙시장(용인예술과학대),에버라인,운행,927,132,0.012578,0.4934,0.1932,1,5
국수역,경의중앙선,아신역,경의중앙선,운행,4100,166,0.015075,0.4214,0.1923,1,6
동대문,1호선,동대문,4호선,환승,0,,0.005956,0.1456,0.1916,0,0
용답,2호선,신답,2호선,운행,1000,226,0.020717,0.1923,0.1899,0,0
가평역,경춘선,굴봉산역,경춘선,운행,4700,182,0.015075,0.3252,0.1881,1,6
청량리(서울시립대입구),1호선,제기동,1호선,운행,1000,264,0.014118,0.1997,0.1871,0,0
구로디지털단지,2호선,대림(구로구청),7호선,운행,941,239,0.055535,0.1478,0.1868,0,0
당산,2호선,국회의사당,서울 도시철도 9호선,운행,1538,124,0.046943,0.2406,0.1861,0,0
두정역,경부선,천안역,경부선,운행,3100,392,0.020048,0.3669,0.1858,1,8
숙대입구(갈월),4호선,삼각지(전쟁기념관),6호선,운행,1000,236,0.013103,0.1896,0.1858,0,0
북한산우이,우이신설선,솔밭공원,우이신설선,운행,754,516,0.002528,0.2021,0.1853,1,1
경인교대입구,인천지하철 1호선,작전,인천지하철 1호선,운행,890,307,0.006939,0.1721,0.1851,0,0
백운역,경인선,동암역,경인선,운행,1700,578,0.030815,0.1104,0.185,0,0
을지로입구,2호선,을지로3가,2호선,운행,733,239,0.010341,0.1537,0.1843,0,0
사리역,수인선,달월역,수인선,운행,13998,,0.012578,0.3687,0.1832,1,5
서울,인천국제공항선,공덕,6호선,운행,1909,182,0.101259,0.1913,0.1831,0,0
이수,7호선,남성,7호선,운행,943,398,0.006107,0.1424,0.1828,0,0
공덕,5호선,대흥(서강대앞),6호선,운행,1000,166,0.007899,0.1947,0.1803,0,0
영통역,분당선,망포역,분당선,운행,1500,362,0.029538,0.284,0.18,0,0
발곡,의정부,회룡,의정부,운행,578,439,0.002528,0.2013,0.1794,1,1
주안역,경인선,간석역,경인선,운행,1200,290,0.026802,0.1069,0.1788,0,0
한강진,6호선,버티고개,6호선,운행,1000,330,0.005883,0.1648,0.1761,0,0
보라매,수도권 경량도시철도 신림선,신풍,7호선,운행,900,199,0.056397,0.1784,0.1752,0,0
귤현,인천지하철 1호선,박촌,인천지하철 1호선,운행,1444,276,0.01197,0.1778,0.1737,0,0
복정,8호선,남위례,8호선,운행,900,160,0.01141,0.1884,0.1732,0,0
대청,3호선,일원,3호선,운행,1100,986,0.002932,0.0607,0.1725,0,0
서울대벤처타운,수도권 경량도시철도 신림선,관악산,수도권 경량도시철도 신림선,운행,1020,384,0.002528,0.2505,0.1715,1,1
계산,인천지하철 1호선,경인교대입구,인천지하철 1호선,운행,755,307,0.008065,0.1616,0.1701,0,0
삼각지(전쟁기념관),4호선,녹사평(용산구청),6호선,운행,1200,165,0.0074,0.1931,0.1701,0,0
매탄권선역,분당선,수원시청역,분당선,운행,1400,,0.029103,0.2597,0.1663,0,0
수원역,경부선,수원역(분당),분당선,환승,0,,0.02982,0.2903,0.1663,0,0
망포역,분당선,매탄권선역,분당선,운행,1800,,0.029218,0.2671,0.1663,0,0
수원시청역,분당선,매교역,분당선,운행,1400,,0.029077,0.256,0.1663,0,0
수원역(분당),분당선,매교역,분당선,운행,1500,,0.029205,0.2574,0.1663,0,0
월롱역,경의중앙선,파주역,경의중앙선,운행,2200,332,0.010075,0.335,0.1651,1,4
태릉입구,6호선,화랑대(서울여대입구),6호선,운행,800,166,0.01494,0.2158,0.1631,0,0
홍대입구,2호선,합정,6호선,운행,1236,239,0.026225,0.2076,0.1622,0,0
주엽역,일산선,대화역,일산선,운행,1400,660,0.002528,0.1313,0.1621,1,1
석촌,수도권  도시철도 9호선,송파나루,수도권  도시철도 9호선,운행,779,125,0.020106,0.3176,0.1614,0,0
동대문역사문화공원(DDP),2호선,충무로,4호선,운행,700,237,0.103391,0.1237,0.1614,0,0
한남역,경원선,옥수역,경원선,운행,1600,310,0.002528,0.2955,0.161,1,1
을지로3가,2호선,충무로,3호선,운행,700,192,0.011506,0.1363,0.1606,0,0
신금호,5호선,청구,6호선,운행,900,396,0.006414,0.123,0.1601,0,0
이촌(국립중앙박물관),4호선,서빙고역,경원선,운행,1700,310,0.002528,0.2967,0.1592,1,1
박촌,인천지하철 1호선,임학,인천지하철 1호선,운행,1093,307,0.010619,0.1594,0.1592,0,0
임학,인천지하철 1호선,계산,인천지하철 1호선,운행,922,307,0.009288,0.1552,0.159,0,0
방화,5호선,개화산,5호선,운행,900,395,0.002528,0.2289,0.1589,1,1
석촌,8호선,석촌,수도권  도시철도 9호선,환승,0,,0.020573,0.3009,0.1578,0,0
야목역,수인선,사리역,수인선,운행,4700,180,0.010075,0.2876,0.1575,1,4
동암역,경인선,간석역,경인선,운행,1500,586,0.028805,0.093,0.1553,0,0
보문,우이신설선,신설동,우이신설선,운행,1048,258,0.011144,0.1296,0.153,0,0
공덕,인천국제공항선,애오개,5호선,운행,1100,198,0.021549,0.1918,0.1529,0,0
노원,4호선,마들,7호선,운행,1200,198,0.028923,0.1303,0.151,0,0
굴봉산역,경춘선,백양리역,경춘선,운행,2900,182,0.012578,0.2659,0.1505,1,5
마포구청,6호선,망원,6호선,운행,800,332,0.024491,0.1433,0.1498,0,0
용인중앙시장(용인예술과학대),에버라인,고진,에버라인,운행,875,132,0.010075,0.3943,0.1493,1,4
이대,2호선,아현,2호선,운행,900,479,0.055498,0.1301,0.1489,0,0
아신역,경의중앙선,오빈역,경의중앙선,운행,2800,166,0.012578,0.3447,0.1478,1,5
불광,3호선,불광,6호선,환승,0,,0.00628,0.0913,0.147,0,0
신풍,7호선,대림(구로구청),7호선,운행,1400,199,0.055219,0.1372,0.1469,0,0
남성,7호선,숭실대입구(살피재),7호선,운행,2000,398,0.005972,0.1086,0.1452,0,0
가락시장,3호선,경찰병원,3호선,운행,800,163,0.018102,0.2313,0.1445,0,0
초지역,수인선,시우역,서해선,운행,1257,,0.00505,0.2727,0.1443,1,2
충무로,3호선,동대입구,3호선,운행,900,192,0.020157,0.1471,0.1423,0,0
원흥역,일산선,원당역,일산선,운행,2900,660,0.004804,0.0639,0.1418,0,0
고덕,5호선,상일동,5호선,운행,1100,209,0.011343,0.219,0.1417,0,0
논현,신분당선,신논현,신분당선,운행,800,165,0.024696,0.1951,0.1388,0,0
봉명역,장항선,천안역,경부선,운행,1300,204,0.017565,0.3269,0.1381,1,7
잠실새내,2호선,종합운동장,수도권  도시철도 9호선,운행,823,239,0.020628,0.1691,0.1374,0,0
애오개,5호선,충정로(경기대입구),5호선,운행,900,198,0.020512,0.1587,0.1372,0,0
동대입구,3호선,약수,3호선,운행,700,193,0.019952,0.1448,0.1341,0,0
송산,의정부,탑석,의정부,운행,427,439,0.002528,0.1521,0.1328,1,1
이태원,6호선,한강진,6호선,운행,800,330,0.005927,0.1302,0.1316,0,0
신논현,신분당선,강남,2호선,운행,900,165,0.022775,0.1755,0.1305,0,0
상봉,7호선,중랑역,경의중앙선,운행,800,173,0.05955,0.2952,0.13,0,0
영등포시장,5호선,신길,5호선,운행,1100,198,0.01317,0.115,0.1295,0,0
정왕역,수인선,오이도역,수인선,운행,1400,701,0.00505,0.2236,0.1288,1,2
인천대공원,인천지하철 2호선,운연,인천지하철 2호선,운행,1151,464,0.002528,0.1509,0.1287,1,1
종로3가,1호선,종각,1호선,운행,800,240,0.005278,0.0604,0.1277,0,0
선정릉,수도권  도시철도 9호선,삼성중앙,수도권  도시철도 9호선,운행,893,125,0.046754,0.233,0.1275,0,0
잠실새내,2호선,잠실(송파구청),8호선,운행,1626,239,0.02041,0.1472,0.1274,0,0
이매역,경강선,삼동역,경강선,운행,6900,,0.022526,0.7807,0.1258,1,9
삼동역,경강선,경기광주역,경강선,운행,4900,,0.020048,0.6467,0.1258,1,8
경기광주역,경강선,초월역,경강선,운행,5000,,0.017565,0.5315,0.1258,1,7
녹사평(용산구청),6호선,이태원,6호선,운행,1100,330,0.006132,0.1314,0.1246,0,0
공항화물청사,인천국제공항선,인천공항1터미널,인천국제공항선,운행,2553,274,0.017565,0.5848,0.1241,1,7
동작(현충원),4호선,총신대입구(이수),4호선,운행,2700,236,0.006272,0.1084,0.1234,0,0
신대방,2호선,구로디지털단지,2호선,운행,1100,479,0.054043,0.0991,0.1228,0,0
동두천역,경원선,소요산역,경원선,운행,2400,203,0.010075,0.3008,0.121,1,4
일원,3호선,수서역,분당선,운행,1800,212,0.001696,0.0606,0.1205,0,0
충무로,3호선,충무로,4호선,환승,0,,0.010981,0.1186,0.1195,0,0
잠실나루,2호선,잠실(송파구청),8호선,운행,673,239,0.071667,0.1218,0.1194,0,0
신림,2호선,신대방,2호선,운행,1469,239,0.054395,0.0987,0.1192,0,0
검단오류,인천지하철 2호선,왕길,인천지하철 2호선,운행,1258,464,0.002528,0.1395,0.119,1,1
광흥창(서강),6호선,대흥(서강대앞),6호선,운행,900,332,0.00642,0.1143,0.1163,0,0
합정,2호선,상수,6호선,운행,800,332,0.00587,0.1133,0.1163,0,0
구룡역,분당선,개포동역,분당선,운행,700,582,0.026664,0.186,0.1154,0,0
샛강,서울 도시철도 9호선,대방역,경부선,운행,469,182,0.071773,0.0913,0.1136,0,0
백양리역,경춘선,강촌역,경춘선,운행,5300,182,0.010075,0.2058,0.113,1,4
봉명역,장항선,쌍용(나사렛대)역,장항선,운행,1600,84,0.015075,0.2816,0.1127,1,6
경마공원역,안산과천선,대공원역,안산과천선,운행,1000,252,0.00505,0.1618,0.1119,1,2
교대(법원·검찰청),2호선,고속터미널,서울 도시철도 9호선,운행,1600,192,0.046639,0.1118,0.1114,0,0
어천역,수인선,야목역,수인선,운행,2600,180,0.007566,0.2132,0.1106,1,3
남위례,8호선,산성,8호선,운행,1400,319,0.008914,0.1059,0.1099,0,0
월드컵경기장(성산),6호선,마포구청,6호선,운행,800,332,0.022839,0.1139,0.1097,0,0
종로3가,1호선,종로3가(탑골공원),5호선,환승,0,,0.078843,0.0716,0.1096,0,0
동구릉,8호선,구리(구리전통시장),8호선,운행,1020,319,0.002528,0.2034,0.1095,1,1
가락시장,3호선,가락시장,8호선,환승,0,,0.017225,0.1865,0.1086,0,0
강남,2호선,교대(법원·검찰청),2호선,운행,1277,239,0.074503,0.1185,0.1084,0,0
송파나루,수도권  도시철도 9호선,한성백제,수도권  도시철도 9호선,운행,727,250,0.017674,0.2354,0.1083,0,0
암사역사공원,8호선,암사,8호선,운행,3500,320,0.002528,0.1962,0.1076,1,1
판교,신분당선,정자,신분당선,운행,3100,165,0.057645,0.1243,0.1066,0,0
경찰병원,3호선,오금,5호선,운행,800,333,0.01567,0.1934,0.1058,0,0
서현역,분당선,수내역,분당선,운행,1100,582,0.044469,0.0758,0.1052,0,0
오빈역,경의중앙선,양평역,경의중앙선,운행,2200,166,0.010075,0.2702,0.1049,1,4
고진,에버라인,보평,에버라인,운행,1638,132,0.007566,0.2908,0.1048,1,3
서울,인천국제공항선,중랑역,경의중앙선,운행,10471,,0.059556,0.2008,0.1046,0,0
월드컵경기장(성산),6호선,디지털미디어시티역,경의중앙선,운행,1100,166,0.021853,0.1171,0.1043,0,0
구리(구리전통시장),8호선,장자호수공원,8호선,운행,1723,320,0.002528,0.1919,0.1041,1,1
언주,수도권  도시철도 9호선,신논현,서울 도시철도 9호선,운행,892,124,0.062974,0.2029,0.1031,0,0
선릉,2호선,선릉역,분당선,환승,0,,0.011983,0.1544,0.1027,0,0
왕십리역,경원선,청량리역,경의중앙선,운행,2191,1,0.006718,0.116,0.101,0,0
학동,7호선,논현,7호선,운행,1000,199,0.019978,0.1618,0.101,0,0
동대문역사문화공원(DDP),5호선,청구,6호선,운행,900,198,0.007067,0.0949,0.1009,0,0
신도림,2호선,대림(구로구청),7호선,운행,1833,239,0.003265,0.0785,0.1005,0,0
화랑대(서울여대입구),6호선,봉화산(서울의료원),6호선,운행,900,330,0.0127,0.1599,0.1001,0,0
다산역,수도권 광역철도 8호선,별내역,경춘선,운행,2810,319,0.002528,0.1801,0.0986,1,1
쌍용(나사렛대)역,장항선,아산역,장항선,운행,1600,84,0.012578,0.2352,0.0986,1,5
고속터미널,서울 도시철도 9호선,사평,서울 도시철도 9호선,운행,1005,125,0.061528,0.1837,0.0985,0,0
마곡나루(서울식물원),서울 도시철도 9호선,김포공항역,서해선,운행,2138,182,0.137487,0.0938,0.098,0,0
동인천역,경인선,인천역,수인선,운행,1200,574,0.009947,0.1271,0.0964,0,0
까치울,도시철도 7호선,부천종합운동장역,서해선,운행,1187,252,0.002528,0.2146,0.0957,1,1
사평,서울 도시철도 9호선,신논현,서울 도시철도 9호선,운행,812,126,0.061534,0.186,0.0956,0,0
진접역,진접선,오남역,진접선,운행,1958,434,0.002528,0.1232,0.0954,1,1
수진,8호선,모란,8호선,운행,800,319,0.003665,0.0795,0.0952,0,0
상일동,5호선,강일,5호선,운행,800,188,0.008846,0.1534,0.0951,0,0
언주,수도권  도시철도 9호선,선정릉,수도권  도시철도 9호선,운행,934,125,0.061912,0.1877,0.0942,0,0
화정역,일산선,대곡역,일산선,운행,1922,132,0.003229,0.0625,0.0937,0,0
상수,6호선,광흥창(서강),6호선,운행,800,332,0.00603,0.091,0.0928,0,0
강남,2호선,양재(서초구청),3호선,운행,1500,165,0.087302,0.1274,0.0927,0,0
둔촌오륜,수도권  도시철도 9호선,중앙보훈병원,수도권  도시철도 9호선,운행,1366,250,0.002528,0.224,0.0921,1,1
논현,신분당선,논현,7호선,환승,0,,0.007208,0.1598,0.0916,0,0
삼성중앙,수도권  도시철도 9호선,봉은사,수도권  도시철도 9호선,운행,629,250,0.044712,0.1687,0.0915,0,0
매봉,3호선,도곡역,분당선,운행,900,193,0.022974,0.0987,0.0913,0,0
원당역,일산선,화정역,일산선,운행,2600,660,0.00248,0.048,0.0896,0,0
왕십리(성동구청),2호선,응봉역,경원선,운행,1400,155,0.002528,0.3264,0.0895,1,1
학동,7호선,강남구청역,분당선,운행,900,199,0.018947,0.1504,0.0878,0,0
초월역,경강선,곤지암역,경강선,운행,4900,220,0.015075,0.4298,0.0872,1,6
신당,2호선,신당,6호선,환승,0,,0.044718,0.1509,0.0872,0,0
시청,1호선,을지로입구,2호선,운행,481,240,0.010533,0.0561,0.087,0,0
신사,3호선,잠원,3호선,운행,900,493,0.01037,0.0764,0.0867,0,0
삼성(무역센터),2호선,선릉역,분당선,운행,1348,239,0.006558,0.1069,0.0864,0,0
논현,7호선,반포,7호선,운행,900,199,0.017885,0.1196,0.0832,0,0
잠원,3호선,고속터미널,서울 도시철도 9호선,운행,1200,192,0.010255,0.0778,0.0831,0,0
서울,인천국제공항선,신촌(지하),2호선,운행,2908,39,0.059982,0.096,0.0795,0,0
연신내,3호선,연신내,6호선,환승,0,,0.004999,0.0579,0.0793,0,0
역삼,2호선,선릉역,분당선,운행,1183,239,0.014086,0.0931,0.0787,0,0
강촌역,경춘선,김유정역,경춘선,운행,7600,182,0.007566,0.1496,0.0779,1,3
검단호수공원,인천지하철 1호선,신검단중앙,인천지하철 1호선,운행,930,274,0.002528,0.1615,0.0776,1,1
양재(서초구청),신분당선,매봉,3호선,운행,1200,192,0.024023,0.0861,0.0776,0,0
도봉산,7호선,도봉산역,경원선,환승,0,,0.026216,0.1151,0.0771,0,0
도림천,2호선,양천구청,2호선,운행,1000,222,0.002528,0.1967,0.0768,1,1
소사역,경인선,소사역,서해선,환승,0,,0.144765,0.0978,0.0765,0,0
종각,1호선,시청,1호선,운행,1000,956,0.005457,0.0361,0.0763,0,0
거여,5호선,마천,5호선,운행,900,212,0.002528,0.2166,0.076,1,1
한성대입구(삼선교),4호선,혜화,4호선,운행,1000,474,0.002423,0.0481,0.0754,0,0
을지로3가,2호선,을지로4가,2호선,운행,596,239,0.006478,0.0787,0.0753,0,0
수락산,7호선,마들,7호선,운행,1400,397,0.026625,0.0744,0.0751,0,0
아산역,장항선,탕정역,장항선,운행,1800,204,0.010075,0.1869,0.0751,1,4
성신여대입구(돈암),4호선,보문,우이신설선,운행,848,258,0.107517,0.0463,0.0733,0,0
왕십리(성동구청),2호선,행당,5호선,운행,900,199,0.00402,0.0728,0.0729,0,0
소요산역,경원선,청산역,경원선,운행,5800,113,0.007566,0.2141,0.0722,1,3
동대문역사문화공원(DDP),2호선,동대문역사문화공원(DDP),5호선,환승,0,,0.101999,0.0604,0.0722,0,0
봉화산(서울의료원),6호선,신내역,경춘선,운행,700,118,0.014076,0.1453,0.0713,0,0
종합운동장,2호선,봉은사,수도권  도시철도 9호선,운행,1247,125,0.042696,0.1306,0.0705,0,0
신내,6호선,신내역,경춘선,환승,0,,0.015478,0.1717,0.0704,0,0
시우역,서해선,원시역,서해선,운행,1394,320,0.002528,0.1326,0.0699,1,1
한성백제,수도권  도시철도 9호선,올림픽공원(한국체대),수도권  도시철도 9호선,운행,1246,125,0.015241,0.1781,0.0696,0,0
선정릉,수도권  도시철도 9호선,선정릉역,분당선,환승,0,,0.019095,0.2011,0.0688,0,0
신내,6호선,망우역,경춘선,운행,1769,103,0.043976,0.1773,0.0686,0,0
국제업무지구,인천지하철 1호선,송도달빛축제공원,인천지하철 1호선,운행,802,301,0.002528,0.1296,0.0683,1,1
금호,3호선,옥수,3호선,운행,800,191,0.0331,0.0689,0.0664,0,0
삼성(무역센터),2호선,종합운동장,수도권  도시철도 9호선,운행,1237,239,0.004529,0.0834,0.0656,0,0
응암,6호선,역촌,6호선,운행,1500,165,0.002528,0.2161,0.0654,1,1
신금호,5호선,행당,5호선,운행,900,396,0.00498,0.0573,0.0646,0,0
오목천역,수인선,어천역,수인선,운행,5100,180,0.00505,0.1385,0.0642,1,2
광교중앙(아주대),신분당선,광교(경기대),신분당선,운행,2000,324,0.002528,0.1147,0.0639,1,1
여의도,서울 도시철도 9호선,샛강,서울 도시철도 9호선,운행,619,124,0.062096,0.0631,0.0635,0,0
신흥,8호선,수진,8호선,운행,800,319,0.001168,0.0527,0.0631,0,0
보평,에버라인,둔전,에버라인,운행,1012,132,0.00505,0.1961,0.063,1,2
양평역,경의중앙선,원덕역,경의중앙선,운행,5800,166,0.007566,0.1945,0.0621,1,3
산성,8호선,남한산성입구(성남법원·검찰청),8호선,운행,1300,319,0.006961,0.0582,0.062,0,0
양재(서초구청),신분당선,양재(서초구청),3호선,환승,0,,0.004529,0.0984,0.0616,0,0
을지로3가,2호선,종로3가(탑골공원),5호선,운행,600,192,0.010632,0.0332,0.0611,0,0
노원,4호선,창동,4호선,운행,1000,224,0.015676,0.0221,0.0609,0,0
사당,2호선,남태령,4호선,운행,1100,125,0.002528,0.2715,0.0605,1,1
성신여대입구(돈암),4호선,한성대입구(삼선교),4호선,운행,1400,236,0.001354,0.0329,0.0584,0,0
약수,3호선,약수,6호선,환승,0,,0.003261,0.0858,0.058,0,0
종합운동장,2호선,종합운동장,수도권  도시철도 9호선,환승,0,,0.019587,0.1046,0.0577,0,0
충정로(경기대입구),5호선,서대문,5호선,운행,700,198,0.071533,0.0469,0.057,0,0
교대(법원·검찰청),2호선,남부터미널(예술의전당),3호선,운행,900,192,0.024033,0.0759,0.057,0,0
김포공항,5호선,김포공항역,서해선,환승,0,,0.024772,0.0272,0.057,0,0
상봉,7호선,상봉역,경의중앙선,환승,0,,0.032998,0.0973,0.0568,0,0
수락산,7호선,도봉산역,경원선,운행,1600,85,0.024327,0.0559,0.0557,0,0
회기역,경원선,회기역,경의중앙선,환승,0,,0.002148,0.0601,0.0557,0,0
파주역,경의중앙선,문산역,경의중앙선,운행,4400,332,0.007566,0.2426,0.0549,1,3
창동,4호선,창동역,경원선,환승,0,,0.002525,0.0575,0.0547,0,0
강일,5호선,미사,5호선,운행,1700,188,0.00635,0.088,0.0533,0,0
교대(법원·검찰청),2호선,서초,2호선,운행,637,239,0.056141,0.042,0.053,0,0
신둔도예촌역,경강선,이천역,경강선,운행,7800,,0.010075,0.2568,0.0522,1,4
곤지암역,경강선,신둔도예촌역,경강선,운행,6800,,0.012578,0.3376,0.0522,1,5
신논현,신분당선,신논현,서울 도시철도 9호선,환승,0,,0.006587,0.1381,0.0521,0,0
서울역,1호선,회현(남대문시장),4호선,운행,700,238,0.113297,0.0366,0.0521,0,0
부천역,경인선,소사역,서해선,운행,1094,299,0.142896,0.0452,0.0516,0,0
한양대,2호선,왕십리(성동구청),5호선,운행,892,239,0.020141,0.0418,0.0514,0,0
신포역,수인선,인천역,수인선,운행,1100,,0.005255,0.0701,0.0512,0,0
석촌고분,수도권  도시철도 9호선,석촌,수도권  도시철도 9호선,운행,958,125,0.025067,0.0979,0.0501,0,0
대방역,경부선,신길역,경부선,운행,1500,669,0.00112,0.0229,0.0499,0,0
김포공항역,김포도시철도,개화,서울 도시철도 9호선,운행,1844,124,0.002528,0.227,0.049,1,1
올림픽공원(한국체대),5호선,올림픽공원(한국체대),수도권  도시철도 9호선,환승,0,,0.010056,0.1705,0.0488,0,0
을지로4가,2호선,동대문역사문화공원(DDP),5호선,운행,712,239,0.00505,0.0468,0.0475,0,0
단대오거리,8호선,신흥,8호선,운행,800,319,0.003101,0.0393,0.0466,0,0
을지로3가,2호선,을지로3가,3호선,환승,0,,0.003431,0.088,0.0458,0,0
김유정역,경춘선,남춘천역,경춘선,운행,5900,182,0.00505,0.0985,0.0458,1,2
연신내,3호선,불광,6호선,운행,1300,490,0.014076,0.0204,0.0456,0,0
보문,6호선,보문,우이신설선,환승,0,,0.001095,0.0493,0.0444,0,0
사당,2호선,사당,4호선,환승,0,,0.006435,0.075,0.0442,0,0
천호(풍납토성),5호선,천호(풍납토성),8호선,환승,0,,0.018458,0.0767,0.0437,0,0
서울,인천국제공항선,서울역(경의선),경의중앙선,환승,0,,0.014473,0.0476,0.0432,0,0
양촌역,김포도시철도,구래역,김포도시철도,운행,1284,201,0.002528,0.1156,0.0425,1,1
청산역,경원선,전곡역,경원선,운행,3300,113,0.00505,0.1387,0.0418,1,2
노원,4호선,노원,7호선,환승,0,,0.000995,0.0491,0.0415,0,0
연수역,수인선,송도역,수인선,운행,2700,263,0.005281,0.0564,0.0412,0,0
탕정역,장항선,배방역,장항선,운행,3100,204,0.007566,0.1368,0.0409,1,3
판교역,경강선,성남역,경강선,운행,700,,0.022849,0.1136,0.0409,0,0
이매역,경강선,성남역,경강선,운행,800,,0.021946,0.1172,0.0409,0,0
판교,신분당선,판교역,경강선,환승,0,,0.023956,0.1375,0.0409,0,0
서울,인천국제공항선,서울역,1호선,환승,0,,0.112109,0.0427,0.0408,0,0
신설동,1호선,신설동,2호선,환승,0,,0.01374,0.049,0.0405,0,0
인천공항1터미널,인천국제공항선,인천공항2터미널,인천국제공항선,운행,2876,274,0.002528,0.0906,0.0404,1,1
공덕,인천국제공항선,공덕,6호선,환승,0,,0.097409,0.0491,0.04,0,0
남한산성입구(성남법원·검찰청),8호선,단대오거리,8호선,운행,1300,319,0.005034,0.0353,0.0396,0,0
시청,1호선,시청,2호선,환승,0,,0.002528,0.0536,0.0392,0,0
석계,6호선,광운대역,경원선,운행,1026,497,0.010888,0.0188,0.0391,0,0
종합운동장,2호선,삼전,수도권  도시철도 9호선,운행,1389,125,0.025656,0.0782,0.039,0,0
김포공항역,김포도시철도,공항시장,서울 도시철도 9호선,운행,795,124,0.001264,0.0609,0.0379,0,0
선바위역,안산과천선,경마공원역,안산과천선,운행,900,252,0.002528,0.0849,0.0378,1,1
신촌(지하),2호선,이대,2호선,운행,813,239,0.055123,0.033,0.0373,0,0
이매역,경강선,이매역,분당선,환승,0,,0.054323,0.0928,0.0371,0,0
신방화,서울 도시철도 9호선,마곡나루(서울식물원),서울 도시철도 9호선,운행,968,248,0.003786,0.0479,0.037,0,0
보라매,수도권 경량도시철도 신림선,보라매공원,수도권 경량도시철도 신림선,운행,599,182,0.015478,0.029,0.0362,0,0
숭의역,수인선,신포역,수인선,운행,1500,263,0.002913,0.042,0.036,0,0
아차산(어린이대공원후문),5호선,군자(능동),7호선,운행,1000,197,0.022321,0.0327,0.0359,0,0
방이,5호선,오금,5호선,운행,900,114,0.003476,0.1034,0.0358,0,0
복정,8호선,수서역,분당선,운행,3200,,0.017328,0.0307,0.0353,0,0
약수,6호선,청구,6호선,운행,700,165,0.005124,0.0396,0.0349,0,0
장지,8호선,복정,8호선,운행,900,160,0.058109,0.0373,0.0347,0,0
청구,5호선,청구,6호선,환승,0,,0.023194,0.0906,0.0342,0,0
삼전,수도권  도시철도 9호선,석촌고분,수도권  도시철도 9호선,운행,861,250,0.025227,0.0695,0.0335,0,0
신설동,1호선,신설동,우이신설선,환승,0,,0.002516,0.0353,0.0332,0,0
올림픽공원(한국체대),5호선,방이,5호선,운행,800,114,0.005217,0.103,0.0332,0,0
구리(구리전통시장),8호선,구리역,경의중앙선,환승,0,,0.00248,0.0627,0.0331,0,0
신당,2호선,상왕십리,2호선,운행,900,240,0.04308,0.0363,0.033,0,0
잠실(송파구청),2호선,잠실(송파구청),8호선,환승,0,,0.002528,0.0685,0.0329,0,0
대림(구로구청),2호선,대림(구로구청),7호선,환승,0,,0.00192,0.0759,0.0328,0,0
계양,인천국제공항선,계양,인천지하철 1호선,환승,0,,0.009,0.0581,0.0325,0,0
강남,신분당선,강남,2호선,환승,0,,0.002,0.0709,0.0321,0,0
홍대입구,2호선,홍대입구역,경의중앙선,환승,0,,0.059329,0.0383,0.0318,0,0
교대(법원·검찰청),2호선,교대(법원·검찰청),3호선,환승,0,,0.001978,0.0675,0.0316,0,0
성신여대입구(돈암),4호선,성신여대입구,우이신설선,환승,0,,0.000419,0.0421,0.0315,0,0
고속터미널,3호선,고속터미널,서울 도시철도 9호선,환승,0,,0.00828,0.037,0.0314,0,0
정자,신분당선,정자역,분당선,환승,0,,0.001722,0.0444,0.0313,0,0
미금,신분당선,미금역,분당선,환승,0,,0.002327,0.0451,0.0313,0,0
둔촌동,5호선,올림픽공원(한국체대),5호선,운행,1400,114,0.006228,0.149,0.0312,0,0
장암,7호선,도봉산역,경원선,운행,1400,85,0.002528,0.1963,0.0312,1,1
군자(능동),5호선,군자(능동),7호선,환승,0,,0.002468,0.0788,0.0309,0,0
대방,수도권 경량도시철도 신림선,대방역,경부선,환승,0,,0.000749,0.0409,0.0299,0,0
옥수,3호선,옥수역,경원선,환승,0,,0.00128,0.049,0.0294,0,0
광운대역,경원선,광운대역,경의중앙선,환승,0,,0.000246,0.039,0.0293,0,0
대모산입구역,분당선,수서역,분당선,운행,3000,,0.02338,0.0536,0.0289,0,0
개포동역,분당선,대모산입구역,분당선,운행,600,,0.025006,0.1148,0.0289,0,0
을지로4가,2호선,을지로4가,5호선,환승,0,,0.001248,0.0451,0.0285,0,0
공항시장,서울 도시철도 9호선,신방화,서울 도시철도 9호선,운행,674,248,0.002525,0.0416,0.0281,0,0
마곡나루,인천국제공항선,마곡나루(서울식물원),서울 도시철도 9호선,환승,0,,0.002496,0.0755,0.0281,0,0
모란,8호선,모란역,분당선,환승,0,,0.000301,0.0389,0.028,0,0
영등포구청,2호선,영등포구청,5호선,환승,0,,0.001485,0.0636,0.0269,0,0
동대문역사문화공원(DDP),2호선,동대문,4호선,운행,1500,237,0.000339,0.0225,0.0264,0,0
지축,3호선,구파발,3호선,운행,1359,311,0.011682,0.0139,0.0259,0,0
청량리(서울시립대입구),1호선,청량리역,경원선,환승,0,,0.011164,0.0359,0.0258,0,0
미사,5호선,하남풍산,5호선,운행,2100,188,0.003911,0.0459,0.0257,0,0
한대앞역,수인선,한대앞역,안산과천선,환승,0,,0.002487,0.0438,0.0256,0,0
이천역,경강선,부발역,경강선,운행,4500,220,0.007566,0.1863,0.0254,1,3
왕십리(성동구청),5호선,왕십리역,경원선,환승,0,,0.027919,0.0381,0.0252,0,0
왕십리(성동구청),2호선,왕십리(성동구청),5호선,환승,0,,0.004334,0.0295,0.0247,0,0
석남(거북시장),인천지하철 2호선,석남(거북시장),도시철도 7호선,환승,0,,0.002346,0.0396,0.0243,0,0
신촌(지하),2호선,신촌역,경의중앙선,환승,0,,0.002128,0.062,0.0242,0,0
공덕,5호선,공덕,6호선,환승,0,,0.004071,0.0285,0.0241,0,0
서울역,1호선,서울역(경의선),경의중앙선,환승,0,,0.002884,0.0315,0.024,0,0
보라매,수도권 경량도시철도 신림선,보라매,7호선,환승,0,,0.002471,0.0629,0.024,0,0
남구로,7호선,가산디지털단지역,경부선,운행,800,199,0.103914,0.0203,0.0239,0,0
천호(풍납토성),8호선,강동구청,8호선,운행,875,160,0.018528,0.0318,0.0238,0,0
디지털미디어시티,6호선,홍대입구역,경의중앙선,운행,3046,182,0.066687,0.0286,0.0238,0,0
원인재,인천지하철 1호선,원인재역,수인선,환승,0,,0.002503,0.0531,0.0237,0,0
종로3가,1호선,을지로3가,3호선,운행,462,192,0.00194,0.0317,0.0234,0,0
원덕역,경의중앙선,용문역,경의중앙선,운행,4800,166,0.00505,0.127,0.0233,1,2
대림(구로구청),7호선,남구로,7호선,운행,1100,199,0.105307,0.0192,0.0228,0,0
총신대입구(이수),4호선,사당,4호선,운행,1253,127,0.005935,0.0214,0.0227,0,0
공덕,인천국제공항선,공덕,5호선,환승,0,,0.001863,0.0266,0.0223,0,0
홍대입구,2호선,서강대역,경의중앙선,운행,900,,0.017942,0.0484,0.0221,0,0
고색역,수인선,오목천역,수인선,운행,1600,180,0.002528,0.0721,0.0218,1,1
인하대역,수인선,숭의역,수인선,운행,1800,263,0.000576,0.0287,0.0214,0,0
미금,신분당선,오리역,분당선,운행,1100,291,0.078868,0.02,0.0213,0,0
충정로(경기대입구),2호선,충정로(경기대입구),5호선,환승,0,,0.001693,0.0605,0.0212,0,0
양재(서초구청),신분당선,남부터미널(예술의전당),3호선,운행,1800,192,0.022273,0.0217,0.0208,0,0
송도역,수인선,인하대역,수인선,운행,2400,263,0.00281,0.0308,0.0206,0,0
마장,5호선,왕십리역,경원선,운행,625,200,0.023188,0.0203,0.0205,0,0
디지털미디어시티,6호선,디지털미디어시티역,경의중앙선,환승,0,,0.017549,0.0311,0.0204,0,0
김포공항역,김포도시철도,김포공항역,서해선,환승,0,,0.006135,0.0255,0.0204,0,0
신설동,2호선,신설동,우이신설선,환승,0,,0.010299,0.0334,0.0203,0,0
지축,3호선,지축역,일산선,환승,0,,9.9e-05,0.0331,0.0202,0,0
둔전,에버라인,전대·에버랜드,에버라인,운행,2089,132,0.002528,0.0955,0.0202,1,1
회기역,경원선,외대앞역,경원선,운행,882,188,0.011397,0.0119,0.0197,0,0
창신,6호선,보문,우이신설선,운행,900,165,0.128087,0.0144,0.0191,0,0
역삼,2호선,강남,2호선,운행,802,239,0.014639,0.0208,0.019,0,0
모란,8호선,태평역,분당선,운행,900,291,0.055619,0.0163,0.0189,0,0
가산디지털단지,7호선,가산디지털단지역,경부선,환승,0,,0.001847,0.0454,0.0183,0,0
부천종합운동장,도시철도 7호선,부천종합운동장역,서해선,환승,0,,0.00224,0.0474,0.0183,0,0
춘의,도시철도 7호선,부천종합운동장역,서해선,운행,952,252,0.034838,0.0128,0.0181,0,0
금정역,경부선,금정역,안산과천선,환승,0,,0.000298,0.0327,0.0181,0,0
초지역,수인선,초지역,서해선,환승,0,,0.021949,0.0225,0.0177,0,0
배방역,장항선,온양온천역,장항선,운행,4900,84,0.00505,0.0888,0.0174,1,2
명학역,경부선,금정역,경부선,운행,1400,297,0.057418,0.0128,0.0164,0,0
영등포구청,5호선,영등포시장,5호선,운행,900,198,0.011762,0.0134,0.0163,0,0
고속터미널,7호선,고속터미널,서울 도시철도 9호선,환승,0,,0.017779,0.0359,0.0163,0,0
가락시장,3호선,수서역,분당선,운행,1400,163,0.006619,0.0199,0.0161,0,0
공덕,5호선,서강대역,경의중앙선,운행,1900,303,0.01832,0.0317,0.0157,0,0
샛강,수도권 경량도시철도 신림선,샛강,서울 도시철도 9호선,환승,0,,0.002525,0.0612,0.0156,0,0
남춘천역,경춘선,춘천역,경춘선,운행,2700,182,0.002528,0.0507,0.0154,1,1
불광,3호선,독바위,6호선,운행,800,165,0.001223,0.0187,0.0154,0,0
회기역,경의중앙선,외대앞역,경원선,운행,800,802,0.000381,0.0048,0.0153,0,0
창신,6호선,보문,6호선,운행,742,165,0.003537,0.0239,0.0149,0,0
대곡역,서해선,대곡역,일산선,환승,0,,0.017411,0.0242,0.0137,0,0
여의도,5호선,여의도,서울 도시철도 9호선,환승,0,,0.001837,0.0572,0.0136,0,0
하남풍산,5호선,하남시청(덕풍∙신장),5호선,운행,1300,189,0.002164,0.029,0.0135,0,0
연신내,3호선,독바위,6호선,운행,900,165,0.001306,0.0192,0.0133,0,0
수서,3호선,수서역,분당선,환승,0,,0.001687,0.0513,0.0133,0,0
청량리역,경원선,청량리역,경의중앙선,환승,0,,0.005921,0.0287,0.0127,0,0
전곡역,경원선,연천역,경원선,운행,8700,113,0.002528,0.0647,0.0126,1,1
공덕,인천국제공항선,공덕역,경의중앙선,환승,0,,0.010754,0.0314,0.012,0,0
복정,8호선,복정역,분당선,환승,0,,0.001578,0.0406,0.012,0,0
이매역,경강선,서현역,분당선,운행,1141,291,0.046536,0.0116,0.0117,0,0
상봉,7호선,망우역,경의중앙선,운행,600,173,0.076986,0.0296,0.0112,0,0
효창공원앞,6호선,공덕역,경의중앙선,운행,898,1,0.017203,0.0182,0.0107,0,0
효창공원앞,6호선,효창공원앞역,경의중앙선,환승,0,,0.001072,0.0505,0.0101,0,0
디지털미디어시티,인천국제공항선,디지털미디어시티역,경의중앙선,환승,0,,0.017808,0.0309,0.01,0,0
김포공항역,김포도시철도,김포공항,5호선,환승,0,,0.000128,0.0176,0.0098,0,0
디지털미디어시티,인천국제공항선,홍대입구,2호선,운행,3217,181,0.048345,0.014,0.0096,0,0
오금,3호선,오금,5호선,환승,0,,0.002519,0.0634,0.0096,0,0
계양,인천지하철 1호선,귤현,인천지하철 1호선,운행,792,137,0.012879,0.0096,0.0096,0,0
상봉역,경의중앙선,망우역,경춘선,운행,675,103,0.017757,0.0228,0.0095,0,0
회룡,의정부,의정부역,경원선,운행,1600,328,0.000672,0.0035,0.0095,0,0
회룡역,경원선,의정부역,경원선,운행,1639,330,0.034144,0.0065,0.0094,0,0
석남(거북시장),인천지하철 2호선,서부여성회관,인천지하철 2호선,운행,770,234,0.009938,0.0048,0.0091,0,0
하남검단산,5호선,둔촌동,5호선,운행,7804,,0.003732,0.0255,0.0091,0,0
반포,7호선,고속터미널,7호선,운행,793,199,0.015891,0.0149,0.0086,0,0
갈매역,경춘선,별내역,경춘선,운행,1400,103,0.044475,0.0145,0.0085,0,0
왕십리(성동구청),2호선,왕십리역,경원선,환승,0,,0.001034,0.0206,0.0085,0,0
왕십리(성동구청),5호선,왕십리역,분당선,환승,0,,0.001536,0.0217,0.0083,0,0
공덕,6호선,공덕역,경의중앙선,환승,0,,0.009221,0.0261,0.0074,0,0
디지털미디어시티,인천국제공항선,디지털미디어시티,6호선,환승,0,,0.021546,0.0237,0.0074,0,0
서울,인천국제공항선,서울역,4호선,환승,0,,0.001367,0.0203,0.0072,0,0
하남시청(덕풍∙신장),5호선,하남검단산,5호선,운행,1600,189,0.002228,0.0206,0.0072,0,0
고잔역,수인선,초지역,수인선,운행,1556,388,0.046338,0.0065,0.0072,0,0
왕십리(성동구청),2호선,왕십리역,분당선,환승,0,,1.3e-05,0.0171,0.0069,0,0
공덕,6호선,홍대입구역,경의중앙선,운행,2685,182,0.009269,0.0117,0.0069,0,0
종로3가(탑골공원),5호선,을지로4가,5호선,운행,1000,198,0.004228,0.0077,0.0068,0,0
망우역,경의중앙선,망우역,경춘선,환승,0,,0.028594,0.0441,0.0066,0,0
서울역,1호선,서울역,4호선,환승,0,,0.000422,0.0182,0.0062,0,0
행신역,경의중앙선,능곡역,서해선,운행,1500,184,0.065855,0.0072,0.0062,0,0
왕십리(성동구청),2호선,마장,5호선,운행,700,198,0.003076,0.0056,0.0059,0,0
약수,3호선,청구,5호선,운행,683,165,0.021581,0.0123,0.0059,0,0
원인재,인천지하철 1호선,연수역,수인선,운행,900,,0.007733,0.0066,0.0055,0,0
보문,6호선,성신여대입구,우이신설선,운행,831,258,0.002519,0.0125,0.0055,0,0
공덕,5호선,효창공원앞,6호선,운행,1000,164,0.022311,0.007,0.0055,0,0
공덕,5호선,공덕역,경의중앙선,환승,0,,0.000106,0.0175,0.0055,0,0
온양온천역,장항선,신창(순천향대)역,장항선,운행,5100,74,0.002528,0.0439,0.0053,1,1
정자,신분당선,수내역,분당선,운행,1600,291,0.041595,0.0044,0.0051,0,0
별내역,수도권 광역철도 8호선,별내역,경춘선,환승,0,,5.8e-05,0.0328,0.0051,0,0
능곡역,경의중앙선,능곡역,서해선,환승,0,,9.9e-05,0.0346,0.0049,0,0
금호,3호선,옥수역,경원선,운행,900,191,0.00377,0.0062,0.0048,0,0
서울역,4호선,서울역(경의선),경의중앙선,환승,0,,0.000131,0.0188,0.0045,0,0
고잔역,수인선,초지역,서해선,운행,1500,392,0.000608,0.004,0.0041,0,0
상록수역,안산과천선,한대앞역,안산과천선,운행,1500,302,0.032329,0.0026,0.0041,0,0
고속터미널,3호선,고속터미널,7호선,환승,0,,2.6e-05,0.016,0.0039,0,0
석계역,경원선,광운대역,경의중앙선,운행,1100,294,0.002282,0.0079,0.0038,0,0
구리(구리전통시장),8호선,도농역,경의중앙선,운행,1700,,0.037207,0.0078,0.0035,0,0
신촌(지하),2호선,가좌역,경의중앙선,운행,2453,39,0.00201,0.0486,0.0034,0,0
문산역,경의중앙선,운천역,경의중앙선,운행,3700,8,0.00505,0.1589,0.0033,1,2
왕십리역,경원선,왕십리역,분당선,환승,0,,0.000467,0.0179,0.0033,0,0
불광,3호선,연신내,6호선,운행,1265,495,0.004711,0.003,0.0032,0,0
서부여성회관,인천지하철 2호선,석남(거북시장),도시철도 7호선,운행,658,231,0.000182,0.0048,0.0029,0,0
태평역,분당선,모란역,분당선,운행,866,291,0.002228,0.004,0.0028,0,0
보라매공원,수도권 경량도시철도 신림선,보라매,7호선,운행,547,192,5.8e-05,0.0066,0.0027,0,0
충정로(경기대입구),2호선,서대문,5호선,운행,702,198,0.000835,0.0057,0.0024,0,0
용문역,경의중앙선,지평역,경의중앙선,운행,3600,23,0.002528,0.0633,0.0024,1,1
영등포구청,2호선,영등포시장,5호선,운행,822,198,0.001043,0.0061,0.0023,0,0
청량리(서울시립대입구),1호선,청량리역,경의중앙선,환승,0,,0.00225,0.0245,0.0023,0,0
여의도,5호선,샛강,서울 도시철도 9호선,운행,605,1,0.000688,0.0085,0.0022,0,0
이대,2호선,신촌역,경의중앙선,운행,800,240,0.0004,0.0037,0.0021,0,0
회현(남대문시장),4호선,서울역,4호선,운행,790,236,0.000608,0.0025,0.002,0,0
고속터미널,3호선,반포,7호선,운행,900,199,0.001962,0.0026,0.002,0,0
남구로,7호선,가산디지털단지,7호선,운행,766,198,0.000682,0.0047,0.0019,0,0
계양,인천국제공항선,귤현,인천지하철 1호선,운행,811,139,0.001075,0.0032,0.0019,0,0
대방,수도권 경량도시철도 신림선,샛강,서울 도시철도 9호선,운행,566,192,0.00178,0.0063,0.0018,0,0
부천종합운동장,도시철도 7호선,춘의,도시철도 7호선,운행,927,252,0.000288,0.0025,0.0017,0,0
수내역,분당선,정자역,분당선,운행,1481,291,0.000807,0.0021,0.0016,0,0
강남,신분당선,역삼,2호선,운행,800,240,0.000528,0.0042,0.0016,0,0
창동,4호선,노원,7호선,운행,1086,1,0.00153,0.0018,0.0016,0,0
오금,5호선,개롱,5호선,운행,900,114,0.007557,0.0024,0.0014,0,0
서초,2호선,교대(법원·검찰청),3호선,운행,700,240,0.00055,0.002,0.0013,0,0
대림(구로구청),2호선,남구로,7호선,운행,1036,198,0.000608,0.0032,0.0012,0,0
을지로4가,5호선,동대문역사문화공원(DDP),5호선,운행,900,198,0.005291,0.0012,0.0012,0,0
행신역,경의중앙선,능곡역,경의중앙선,운행,1374,193,0.002429,0.0036,0.0012,0,0
임진강역,경의중앙선,운천역,경의중앙선,운행,2300,8,0.002528,0.0802,0.0011,1,1
상록수역,안산과천선,한대앞역,수인선,운행,1399,298,4.2e-05,0.001,0.001,0,0
미금역,분당선,오리역,분당선,운행,1139,291,0.000202,0.001,0.0009,0,0
수서,3호선,가락시장,8호선,운행,1567,170,0.000842,0.0029,0.0008,0,0
효창공원앞역,경의중앙선,공덕역,경의중앙선,운행,1000,165,0.001456,0.0034,0.0008,0,0
원인재역,수인선,연수역,수인선,운행,886,263,2.6e-05,0.0016,0.0007,0,0
한양대,2호선,왕십리역,분당선,운행,1000,240,0.000512,0.0012,0.0007,0,0
구파발,3호선,지축역,일산선,운행,1500,304,0.002429,0.0008,0.0006,0,0
장지,8호선,복정역,분당선,운행,985,159,0.000951,0.0021,0.0005,0,0
오금,3호선,개롱,5호선,운행,737,98,1e-05,0.0038,0.0005,0,0
군자(능동),5호선,아차산(어린이대공원후문),5호선,운행,1052,199,6.1e-05,0.0012,0.0005,0,0
별내역,수도권 광역철도 8호선,갈매역,경춘선,운행,1442,103,0.002471,0.0023,0.0004,0,0
효창공원앞,6호선,가좌역,경의중앙선,운행,5239,,0.000518,0.0042,0.0002,0,0
명학역,경부선,금정역,안산과천선,운행,1558,296,0.002231,0.0003,0.0002,0,0
샛강,수도권 경량도시철도 신림선,여의도,5호선,운행,669,125,3e-06,0.0016,0.0001,0,0
노원,7호선,창동역,경원선,운행,1144,236,3e-06,0.0006,0.0001,0,0
구리역,경의중앙선,도농역,경의중앙선,운행,1677,304,4.8e-05,0.0005,0.0001,0,0
마곡나루,인천국제공항선,김포공항,5호선,운행,2359,182,3.2e-05,0.0002,0.0001,0,0
서울숲역,분당선,압구정로데오역,분당선,운행,1900,,0.002528,0.2592,0.0,1,1
오이도역,수인선,오이도역,안산과천선,환승,0,,0.002528,0.142,0.0,1,1
부천역,경인선,소사역,경인선,운행,1500,295,0.0,0.0,0.0,0,0
정왕역,수인선,정왕역,안산과천선,환승,0,,0.002528,0.1478,0.0,1,1
능길역,수인선,능길역,안산과천선,환승,0,,0.002528,0.1569,0.0,1,1
김포공항역,김포도시철도,김포공항,서울 도시철도 9호선,환승,0,,1.3e-05,0.0173,0.0,0,0
안산역,수인선,안산역,안산과천선,환승,0,,0.002528,0.1694,0.0,1,1
김포공항,인천국제공항선,김포공항역,김포도시철도,환승,0,,1.3e-05,0.0173,0.0,0,0
홍대입구,인천국제공항선,홍대입구,2호선,환승,0,,0.001712,0.0234,0.0,0,0
홍대입구,인천국제공항선,홍대입구역,경의중앙선,환승,0,,0.000816,0.0168,0.0,0,0
김포공항,인천국제공항선,김포공항역,서해선,환승,0,,0.00248,0.02,0.0,0,0
김포공항,인천국제공항선,김포공항,서울 도시철도 9호선,환승,0,,3e-06,0.0155,0.0,0,0
김포공항,인천국제공항선,김포공항,5호선,환승,0,,3.2e-05,0.0156,0.0,0,0
서현역,분당선,이매역,분당선,운행,1400,291,0.0,0.0,0.0,0,0
강남구청,7호선,압구정로데오역,분당선,운행,1200,,0.00505,0.567,0.0,1,2
인천역,경인선,인천역,수인선,환승,0,,0.002528,0.1855,0.0,1,1
부발역,경강선,세종대왕릉역,경강선,운행,8300,,0.00505,0.1184,0.0,1,2
상왕십리,2호선,신당,6호선,운행,1176,239,0.0,0.0,0.0,0,0
동대문역사문화공원(DDP),2호선,동대문역사문화공원(DDP),4호선,환승,0,,0.001245,0.0215,0.0,0,0
시청,2호선,을지로입구,2호선,운행,699,239,0.0,0.0,0.0,0,0
사당,2호선,총신대입구(이수),4호선,운행,1800,345,0.0,0.0,0.0,0,0
천호(풍납토성),5호선,강동구청,8호선,운행,1300,160,0.0,0.0,0.0,0,0
김포공항,서울 도시철도 9호선,김포공항역,서해선,환승,0,,0.00248,0.02,0.0,0,0
잠실나루,2호선,잠실(송파구청),2호선,운행,1000,240,0.0,0.0,0.0,0,0
대곡역,경의중앙선,대곡역,서해선,환승,0,,0.002442,0.0175,0.0,0,0
곡산역,경의중앙선,곡산역,서해선,환승,0,,0.002528,0.215,0.0,1,1
백마역,경의중앙선,백마역,서해선,환승,0,,0.002528,0.2042,0.0,1,1
일산역,경의중앙선,일산역,서해선,환승,0,,0.002528,0.1826,0.0,1,1
풍산역,경의중앙선,풍산역,서해선,환승,0,,0.002528,0.1937,0.0,1,1
용산역,경부선,용산역,경원선,환승,0,,0.002528,0.365,0.0,1,1
노량진역,경부선,대방역,경부선,운행,2600,595,0.0,0.0,0.0,0,0
세종대왕릉역,경강선,여주역,경강선,운행,5400,,0.002528,0.0582,0.0,1,1
김포공항,5호선,김포공항,서울 도시철도 9호선,환승,0,,3.2e-05,0.0156,0.0,0,0
중앙역,수인선,중앙역,안산과천선,환승,0,,0.002528,0.1689,0.0,1,1
고잔역,수인선,고잔역,안산과천선,환승,0,,0.002528,0.1768,0.0,1,1
종로3가,1호선,종로3가,3호선,환승,0,,0.000858,0.023,0.0,0,0
종로3가,3호선,종로3가(탑골공원),5호선,환승,0,,0.001671,0.0221,0.0,0,0
장기주차장역,자기부상철도,합동청사역,자기부상철도,운행,454,,0.010075,0.3721,0.0,1,4
합동청사역,자기부상철도,파라다이스시티역,자기부상철도,운행,382,,0.007566,0.285,0.0,1,3
이촌(국립중앙박물관),4호선,이촌역,경원선,환승,0,,0.002528,0.3782,0.0,1,1
동대문역사문화공원(DDP),4호선,동대문역사문화공원(DDP),5호선,환승,0,,0.001283,0.0304,0.0,0,0
워터파크역,자기부상철도,용유역,자기부상철도,운행,1053,,0.002528,0.0914,0.0,1,1
파라다이스시티역,자기부상철도,워터파크역,자기부상철도,운행,2435,,0.00505,0.175,0.0,1,2
초지역,수인선,초지역,안산과천선,환승,0,,0.002439,0.0173,0.0,0,0
초지역,안산과천선,초지역,서해선,환승,0,,9e-05,0.0166,0.0,0,0
인천공항1터미널,인천국제공항선,장기주차장역,자기부상철도,운행,511,,0.012578,0.4481,0.0,1,5
대곡역,경의중앙선,대곡역,일산선,환승,0,,8.6e-05,0.0163,0.0,0,0
