node_id,역사명,노선명,운영기관,환승역,효율저하율_%,승객가중효율저하율_%,최대연결요소감소,분리유발
S1107|0710,도봉산,7호선,서울교통공사,환승역,3.6089,4.7341,31,1
I4102|1904,망월사역,경원선,한국철도공사,일반역,3.3981,4.5351,30,1
I4102|1905,회룡역,경원선,한국철도공사,환승역,3.307,4.4836,29,1
I1104|0418,성신여대입구(돈암),4호선,서울교통공사,일반역,2.8507,4.2478,10,1
I1101|4804,소사역,경인선,한국철도공사,환승역,5.0828,4.0782,40,1
L41U1|U111,회룡,의정부,의정부경량전철㈜,환승역,1.9435,2.8927,14,1
S1105|0534,종로3가(탑골공원),5호선,서울교통공사,환승역,1.4097,2.8518,0,0
L11UI|S119,정릉,우이신설선,우이신설경전철운영㈜,일반역,2.0251,2.843,9,1
I4101|1702,가산디지털단지역,경부선,한국철도공사,환승역,2.6964,2.8117,0,0
I41WS|4809,시흥시청역,서해선,한국철도공사,일반역,3.0725,2.6799,35,1
I41WS|4807,신천역,서해선,한국철도공사,일반역,3.352,2.6799,37,1
I41WS|4805,소새울역,서해선,한국철도공사,일반역,3.7047,2.6799,39,1
I41WS|4806,시흥대야역,서해선,한국철도공사,일반역,3.5182,2.6799,38,1
I41WS|4810,시흥능곡역,서해선,한국철도공사,일반역,2.9632,2.6799,34,1
I41WS|4808,신현역,서해선,한국철도공사,일반역,3.1968,2.6799,36,1
I41WS|4811,달미역,서해선,한국철도공사,일반역,2.8614,2.5512,33,1
I41WS|4812,선부역,서해선,한국철도공사,일반역,2.7761,2.5021,32,1
I28K1|1758,초지역,수인선,한국철도공사,환승역,2.8123,2.4859,31,1
L41U1|U112,범골,의정부,의정부경량전철㈜,일반역,1.5867,2.4825,12,1
L11UI|S118,북한산보국문,우이신설선,우이신설경전철운영㈜,일반역,1.7377,2.3517,8,1
L41U1|U113,경전철의정부,의정부,의정부경량전철㈜,일반역,1.4222,2.2147,11,1
I1101|1821,온수역,경인선,한국철도공사,환승역,1.8493,2.1903,3,1
I1103|0328,안국,3호선,서울교통공사,일반역,0.7673,2.0869,0,0
L41U1|U114,의정부시청,의정부,의정부경량전철㈜,일반역,1.2798,1.9956,10,1
S1105|0512,김포공항,5호선,서울교통공사,환승역,1.3043,1.9939,9,1
I41WS|1980,김포공항역,서해선,한국철도공사,환승역,2.014,1.9522,2,1
L11UI|S117,솔샘,우이신설선,우이신설경전철운영㈜,일반역,1.487,1.9028,7,1
L41U1|U115,흥선,의정부,의정부경량전철㈜,일반역,1.1325,1.7618,9,1
S1107|0747,철산,7호선,서울교통공사,일반역,1.5453,1.6571,0,0
I1103|0327,경복궁(정부서울청사),3호선,서울교통공사,일반역,0.5704,1.622,0,0
I4108|1272,곡산역,경의중앙선,한국철도공사,환승역,2.0776,1.6026,17,1
S2802|3221,인천시청,인천지하철 2호선,인천교통공사,환승역,1.1297,1.5603,6,1
L41U1|U117,의정부중앙,의정부,의정부경량전철㈜,일반역,0.9858,1.5269,8,1
S1107|0748,광명사거리,7호선,서울교통공사,일반역,1.4545,1.5266,0,0
I1104|0411,노원,4호선,서울교통공사,환승역,1.0817,1.5229,5,1
I11D1|D013,미금,신분당선,경기도 신분당선,도시철도 환승역,1.7659,1.518,6,1
S1107|0750,온수(성공회대입구),7호선,서울교통공사,환승역,1.4034,1.5048,0,0
L11UI|S116,삼양사거리,우이신설선,우이신설경전철운영㈜,일반역,1.2525,1.4718,6,1
L41G1|G108,고촌역,김포도시철도,김포골드라인에스알에스㈜,일반역,0.9372,1.4672,8,1
S1107|0749,천왕,7호선,서울교통공사,일반역,1.398,1.4653,0,0
S2801|3130,원인재,인천지하철 1호선,인천교통공사,환승역,2.3659,1.4584,20,1
I28K1|1757,고잔역,수인선,한국철도공사,환승역,1.548,1.4147,18,1
S1105|0523,영등포구청,5호선,서울교통공사,환승역,1.1913,1.3678,0,0
I1101|1803,역곡역,경인선,한국철도공사,일반역,1.3122,1.3553,0,0
I28A1|A07,검암,인천국제공항선,공항철도주식회사,환승역,0.9375,1.3346,6,1
L41U1|U118,동오,의정부,의정부경량전철㈜,일반역,0.8517,1.3175,7,1
I4103|1755,한대앞역,안산과천선,한국철도공사,환승역,1.0731,1.307,14,1
I28K1|1756,중앙역,수인선,한국철도공사,환승역,1.3149,1.3012,16,1
I4106|1953,대곡역,일산선,한국철도공사,환승역,0.6958,1.2628,5,1
I4108|1203,망우역,경의중앙선,한국철도공사,환승역,2.5239,1.2228,20,1
I11D1|D012,정자,신분당선,경기도 신분당선,도시철도 환승역,1.4241,1.213,0,0
I4102|1906,의정부역,경원선,한국철도공사,일반역,1.222,1.2124,13,1
I4108|1204,양원역,경의중앙선,한국철도공사,일반역,2.2154,1.2107,19,1
I1103|0326,독립문,3호선,서울교통공사,일반역,0.4352,1.2062,0,0
I4108|1273,백마역,경의중앙선,한국철도공사,환승역,1.6621,1.206,15,1
S1107|0725,군자(능동),7호선,서울교통공사,환승역,1.4252,1.1912,0,0
I28A1|A01,서울,인천국제공항선,공항철도주식회사,환승역,1.083,1.1823,0,0
S1106|0648,신내,6호선,서울교통공사,일반역,2.2667,1.1817,20,1
L41G1|G107,풍무역,김포도시철도,김포골드라인에스알에스㈜,일반역,0.7667,1.1734,7,1
S2802|3222,석천사거리,인천지하철 2호선,인천교통공사,일반역,0.7615,1.1482,5,1
L11SL|S404,보라매,수도권 경량도시철도 신림선,남서울경전철 주식회사,환승역,1.0188,1.1386,0,0
I1103|0321,연신내,3호선,서울교통공사,환승역,0.7749,1.1308,0,0
I4101|1713,수원역,경부선,한국철도공사,환승역,1.344,1.1286,22,1
L41U1|U119,새말,의정부,의정부경량전철㈜,일반역,0.7163,1.1023,6,1
I1104|0412,창동,4호선,서울교통공사,환승역,0.4507,1.0841,0,0
I4101|1714,독산역,경부선,한국철도공사,일반역,0.9248,1.0714,0,0
I4101|1750,광명역,경부선,한국철도공사,일반역,0.7497,1.0598,0,0
S1109|4123,고속터미널,서울 도시철도 9호선,서울특별시 서울시메트로9호선㈜,환승역,1.428,1.0531,0,0
S1106|0635,신당,6호선,서울교통공사,환승역,0.9895,1.0504,0,0
S1108|0814,잠실(송파구청),8호선,서울교통공사,환승역,1.2614,1.035,0,0
I41K2|1312,갈매역,경춘선,한국철도공사,일반역,1.9483,1.0313,19,1
L11UI|S115,삼양,우이신설선,우이신설경전철운영㈜,일반역,1.0185,1.0222,5,1
L11SL|S408,신림,수도권 경량도시철도 신림선,남서울경전철 주식회사,환승역,0.9931,1.0137,3,1
S2801|3124,인천시청,인천지하철 1호선,인천교통공사,일반역,1.1137,1.0116,0,0
I4101|1005,대방역,경부선,한국철도공사,환승역,0.7624,0.9888,0,0
I4101|1703,금천구청역,경부선,한국철도공사,일반역,0.6442,0.982,0,0
S2802|3206,독정,인천지하철 2호선,인천교통공사,일반역,0.6327,0.9648,5,1
S1105|0547,천호(풍납토성),5호선,서울교통공사,환승역,1.294,0.9628,2,1
I4108|1274,풍산역,경의중앙선,한국철도공사,환승역,1.3655,0.9624,13,1
S1108|807,구리(구리전통시장),8호선,구리도시공사,일반역,2.0481,0.9594,18,1
I1103|0325,무악재,3호선,서울교통공사,일반역,0.3542,0.9544,0,0
I1103|0333,약수,3호선,서울교통공사,환승역,1.0241,0.9489,0,0
S1109|4120,동작(현충원),서울 도시철도 9호선,서울특별시 서울시메트로9호선㈜,환승역,1.3045,0.9352,0,0
I4106|1954,백석역,일산선,한국철도공사,일반역,0.4365,0.9306,4,1
S1102|0212,건대입구,2호선,서울교통공사,환승역,0.9229,0.9258,0,0
I4102|1907,가능역,경원선,한국철도공사,일반역,1.0611,0.9225,12,1
S1105|0522,양평,5호선,서울교통공사,일반역,0.7313,0.9178,0,0
I1101|1806,부평역,경인선,한국철도공사,환승역,0.7687,0.9174,0,0
I4101|0127,동묘앞,1호선,서울교통공사,환승역,0.7769,0.9146,0,0
L41G1|G106,사우역,김포도시철도,김포골드라인에스알에스㈜,일반역,0.6187,0.9136,6,1
S2801|3131,동춘,인천지하철 1호선,인천교통공사,일반역,0.9347,0.9062,8,1
L11UI|S121,보문,우이신설선,우이신설경전철운영㈜,환승역,0.7643,0.9049,0,0
I1104|0417,길음,4호선,서울교통공사,일반역,0.4092,0.8993,0,0
I4103|1754,상록수역,안산과천선,한국철도공사,일반역,0.8181,0.8905,12,1
L41U1|U120,경기도청북부청사,의정부,의정부경량전철㈜,일반역,0.583,0.8893,5,1
S1108|0820,복정,8호선,서울교통공사,환승역,0.9123,0.8656,0,0
I4101|1749,서동탄역,경부선,한국철도공사,일반역,0.911,0.8468,19,1
S1109|4122,신반포,서울 도시철도 9호선,서울특별시 서울시메트로9호선㈜,일반역,1.1767,0.843,0,0
S1106|0634,청구,6호선,서울교통공사,환승역,0.786,0.8424,0,0
S1109|4115,여의도,서울 도시철도 9호선,서울특별시 서울시메트로9호선㈜,환승역,0.933,0.8419,0,0
S1109|4121,구반포,서울 도시철도 9호선,서울특별시 서울시메트로9호선㈜,일반역,1.1564,0.8352,0,0
I4101|1715,세류역,경부선,한국철도공사,일반역,1.0909,0.831,21,1
S1109|4105,마곡나루(서울식물원),서울 도시철도 9호선,서울특별시 서울시메트로9호선㈜,환승역,0.9188,0.8301,0,0
S2802|3223,모래내시장,인천지하철 2호선,인천교통공사,일반역,0.5698,0.8262,4,1
I4101|0126,신설동,1호선,서울교통공사,환승역,0.6744,0.8137,0,0
S1106|0636,동묘앞,6호선,서울교통공사,환승역,0.8264,0.8137,0,0
S1109|4116,샛강,서울 도시철도 9호선,서울특별시 서울시메트로9호선㈜,환승역,0.897,0.81,0,0
S2802|3207,검암,인천지하철 2호선,인천교통공사,환승역,1.1992,0.8059,11,1
I41K2|1313,별내역,경춘선,한국철도공사,환승역,1.5885,0.7944,17,1
I4108|1275,일산역,경의중앙선,한국철도공사,환승역,1.079,0.7889,11,1
S1105|0536,동대문역사문화공원(DDP),5호선,서울교통공사,환승역,0.7125,0.7883,0,0
I4101|1704,석수역,경부선,한국철도공사,일반역,0.5509,0.7654,0,0
I4101|1717,세마역,경부선,한국철도공사,일반역,0.8273,0.7543,18,1
I4105|1865,기흥역,분당선,한국철도공사,환승역,1.7253,0.7519,15,1
S1108|0815,석촌,8호선,서울교통공사,일반역,1.019,0.7511,0,0
S2801|3132,동막,인천지하철 1호선,인천교통공사,일반역,0.7812,0.7499,7,1
S1105|0521,오목교(목동운동장앞),5호선,서울교통공사,일반역,0.5833,0.7391,0,0
I1103|0334,금호,3호선,서울교통공사,일반역,0.7997,0.7373,0,0
S2801|3120,부평,인천지하철 1호선,인천교통공사,환승역,0.7353,0.7352,0,0
I1104|0416,미아사거리,4호선,서울교통공사,일반역,0.2808,0.7321,0,0
I1101|1804,부천역,경인선,한국철도공사,일반역,0.6553,0.7313,0,0
S1109|4117,노량진,서울 도시철도 9호선,서울특별시 서울시메트로9호선㈜,환승역,0.8221,0.7258,0,0
I4101|0130,종로3가,1호선,서울교통공사,환승역,0.5489,0.7184,0,0
I4101|0132,시청,1호선,서울교통공사,환승역,0.4216,0.7138,0,0
I4108|1266,디지털미디어시티역,경의중앙선,한국철도공사,환승역,0.7865,0.7117,0,0
S1102|0211,성수,2호선,서울교통공사,일반역,0.6568,0.7098,0,0
I4101|1716,병점역,경부선,한국철도공사,일반역,0.9938,0.7093,20,1
I1103|0324,홍제,3호선,서울교통공사,일반역,0.2966,0.7071,0,0
S2801|3125,예술회관,인천지하철 1호선,인천교통공사,일반역,0.8385,0.7033,0,0
I4105|1025,도곡역,분당선,한국철도공사,환승역,0.4103,0.6994,0,0
S2802|3205,완정,인천지하철 2호선,인천교통공사,일반역,0.4847,0.6984,4,1
I4102|1018,석계역,경원선,한국철도공사,환승역,0.6473,0.69,0,0
I4101|1032,신길역,경부선,한국철도공사,환승역,0.3797,0.6878,0,0
I4103|1753,반월역,안산과천선,한국철도공사,일반역,0.7075,0.6798,11,1
L11SL|S403,서울지방병무청,수도권 경량도시철도 신림선,남서울경전철 주식회사,일반역,0.6482,0.6764,0,0
S1107|0727,건대입구,7호선,서울교통공사,환승역,0.8296,0.6719,0,0
L41U1|U121,효자,의정부,의정부경량전철㈜,일반역,0.448,0.6697,4,1
I1101|1815,부개역,경인선,한국철도공사,일반역,0.5968,0.6661,0,0
I4108|1276,탄현역,경의중앙선,한국철도공사,일반역,0.7681,0.6597,9,1
I1104|0430,이촌(국립중앙박물관),4호선,서울교통공사,환승역,1.2206,0.6589,2,1
S1107|0724,중곡,7호선,서울교통공사,일반역,0.8591,0.6574,0,0
S1102|0203,을지로3가,2호선,서울교통공사,환승역,0.5216,0.6534,0,0
S1106|0628,삼각지(전쟁기념관),6호선,서울교통공사,환승역,0.8229,0.6522,0,0
S1102|0237,당산,2호선,서울교통공사,환승역,0.8568,0.6499,0,0
I1101|1822,중동역,경인선,한국철도공사,일반역,0.6048,0.6493,0,0
L41G1|G105,걸포북변역,김포도시철도,김포골드라인에스알에스㈜,일반역,0.4729,0.6486,5,1
S1106|0612,불광,6호선,서울교통공사,환승역,0.3179,0.6461,0,0
I28A1|A02,공덕,인천국제공항선,공항철도주식회사,환승역,0.7822,0.6402,0,0
I4108|1202,상봉역,경의중앙선,한국철도공사,환승역,0.9576,0.638,0,0
I1101|1809,주안역,경인선,한국철도공사,환승역,0.3709,0.6374,0,0
S1105|0518,까치산,5호선,서울교통공사,환승역,0.7613,0.633,3,1
I1104|0425,회현(남대문시장),4호선,서울교통공사,일반역,0.2509,0.632,0,0
S2801|3110,계양,인천지하철 1호선,인천교통공사,환승역,0.6894,0.6292,0,0
I4101|0128,동대문,1호선,서울교통공사,환승역,0.535,0.6271,0,0
I4101|1007,신도림역,경부선,한국철도공사,환승역,0.3791,0.6239,0,0
S1102|0223,교대(법원·검찰청),2호선,서울교통공사,환승역,0.6285,0.6221,0,0
I4102|1908,녹양역,경원선,한국철도공사,일반역,0.9074,0.6188,11,1
L41E1|Y110,기흥(백남준아트센터),에버라인,경기도 용인경전철,환승역,1.3497,0.6172,14,1
I1101|1805,송내역,경인선,한국철도공사,일반역,0.586,0.6157,0,0
I41WS|1982,부천종합운동장역,서해선,한국철도공사,환승역,0.6866,0.6103,1,1
I4108|1207,양정역,경의중앙선,한국철도공사,일반역,1.0838,0.6072,13,1
I41K2|1314,퇴계원역,경춘선,한국철도공사,일반역,1.1861,0.607,15,1
S2801|3133,캠퍼스타운,인천지하철 1호선,인천교통공사,일반역,0.6409,0.6052,6,1
S2801|3126,인천터미널,인천지하철 1호선,인천교통공사,일반역,0.7664,0.6008,0,0
S1106|0617,증산(명지대앞),6호선,서울교통공사,일반역,0.5687,0.5903,0,0
S1105|0520,목동,5호선,서울교통공사,일반역,0.4716,0.5901,0,0
S1107|0723,용마산(용마폭포공원),7호선,서울교통공사,일반역,0.8023,0.589,0,0
I1103|0337,신사,3호선,서울교통공사,일반역,0.6332,0.5887,0,0
I1101|1802,오류동역,경인선,한국철도공사,일반역,0.3666,0.5872,2,1
S1107|0717,태릉입구,7호선,서울교통공사,환승역,0.5755,0.5802,0,0
I4105|1859,오리역,분당선,한국철도공사,일반역,0.889,0.5791,0,0
I1104|0415,미아(서울사이버대학),4호선,서울교통공사,일반역,0.204,0.5734,0,0
L11SL|S409,서원,수도권 경량도시철도 신림선,남서울경전철 주식회사,일반역,0.5547,0.5718,2,1
I1103|0323,녹번,3호선,서울교통공사,일반역,0.2729,0.5708,0,0
I4108|1206,도농역,경의중앙선,한국철도공사,일반역,1.265,0.5684,14,1
I1104|0410,상계,4호선,서울교통공사,일반역,0.606,0.5683,4,1
S1109|4113,당산,서울 도시철도 9호선,서울특별시 서울시메트로9호선㈜,환승역,0.6559,0.5675,0,0
L11UI|S114,화계,우이신설선,우이신설경전철운영㈜,일반역,0.7903,0.5659,4,1
S1108|0817,가락시장,8호선,서울교통공사,환승역,0.7072,0.5643,0,0
S1102|0213,구의(광진구청),2호선,서울교통공사,일반역,0.5428,0.5624,0,0
S1106|0622,합정,6호선,서울교통공사,환승역,0.6219,0.5582,0,0
S1106|0616,새절(신사),6호선,서울교통공사,일반역,0.4843,0.551,0,0
I1104|0429,신용산,4호선,서울교통공사,일반역,0.6801,0.5501,0,0
I1103|0342,양재(서초구청),3호선,서울교통공사,환승역,0.7177,0.5473,0,0
S1107|0722,사가정,7호선,서울교통공사,일반역,0.7749,0.5465,0,0
I4101|1718,오산대역,경부선,한국철도공사,일반역,0.7412,0.5452,17,1
I11D1|D014,동천,신분당선,경기도 신분당선,도시철도 일반역,0.5293,0.5442,5,1
I1104|0431,동작(현충원),4호선,서울교통공사,환승역,0.7383,0.5438,0,0
S1106|0615,구산,6호선,서울교통공사,일반역,0.4272,0.5436,0,0
I4106|1955,마두역,일산선,한국철도공사,일반역,0.2954,0.5435,3,1
S1107|0721,면목,7호선,서울교통공사,일반역,0.7798,0.5418,0,0
I28A1|A04,디지털미디어시티,인천국제공항선,공항철도주식회사,환승역,1.0713,0.5415,0,0
S2802|3224,만수,인천지하철 2호선,인천교통공사,일반역,0.3906,0.5396,3,1
I4101|1705,관악역,경부선,한국철도공사,일반역,0.4687,0.5363,0,0
I1104|0413,쌍문,4호선,서울교통공사,일반역,0.1739,0.536,0,0
I1103|0345,대치,3호선,서울교통공사,일반역,0.1994,0.535,0,0
S1106|0645,태릉입구,6호선,서울교통공사,환승역,0.624,0.5343,0,0
S1107|0744,대림(구로구청),7호선,서울교통공사,환승역,0.483,0.533,0,0
I4101|1002,남영역,경부선,한국철도공사,일반역,0.2796,0.5325,0,0
S2801|3127,문학경기장,인천지하철 1호선,인천교통공사,일반역,0.706,0.5263,0,0
I4108|1208,덕소역,경의중앙선,한국철도공사,일반역,0.9348,0.5248,12,1
I1104|0424,명동,4호선,서울교통공사,일반역,0.2176,0.5226,0,0
L41E1|Y111,강남대,에버라인,경기도 용인경전철,일반역,1.2076,0.5223,13,1
S1109|4118,노들,서울 도시철도 9호선,서울특별시 서울시메트로9호선㈜,일반역,0.6361,0.5194,0,0
I1103|0335,옥수,3호선,서울교통공사,환승역,0.5821,0.5188,0,0
I4108|1268,한국항공대,경의중앙선,한국철도공사,일반역,0.6325,0.5165,0,0
I4108|1267,수색역,경의중앙선,한국철도공사,일반역,0.8181,0.5165,0,0
S1106|0644,석계,6호선,서울교통공사,환승역,0.2865,0.5118,0,0
I4108|1277,야당역,경의중앙선,한국철도공사,일반역,0.6366,0.5104,8,1
I1103|0344,도곡,3호선,서울교통공사,환승역,0.5055,0.5101,0,0
I4101|1006,영등포역,경부선,한국철도공사,일반역,0.2756,0.5024,0,0
I4101|1004,노량진역,경부선,한국철도공사,환승역,0.3165,0.5015,0,0
S1109|4119,흑석(중앙대입구),서울 도시철도 9호선,서울특별시 서울시메트로9호선㈜,일반역,0.6246,0.5008,0,0
I4105|1862,죽전역,분당선,한국철도공사,일반역,0.8184,0.5003,0,0
I4102|1909,양주역,경원선,한국철도공사,일반역,0.759,0.4995,10,1
S1102|0215,잠실나루,2호선,서울교통공사,일반역,0.5228,0.4988,0,0
S1106|0639,안암(고대병원앞),6호선,서울교통공사,일반역,0.4555,0.4922,0,0
I4103|1752,대야미역,안산과천선,한국철도공사,일반역,0.6144,0.4917,10,1
I4102|1015,회기역,경원선,한국철도공사,환승역,0.3519,0.4908,0,0
S1109|4112,선유도,서울 도시철도 9호선,서울특별시 서울시메트로9호선㈜,일반역,0.5916,0.4899,0,0
I1103|0320,구파발,3호선,서울교통공사,일반역,0.3363,0.4866,0,0
S1102|0214,강변(동서울터미널),2호선,서울교통공사,일반역,0.4982,0.486,0,0
I41K2|1317,평내호평역,경춘선,한국철도공사,일반역,0.7069,0.4817,12,1
S2801|3121,동수,인천지하철 1호선,인천교통공사,일반역,0.5103,0.4809,0,0
I4102|1014,청량리역,경원선,한국철도공사,환승역,0.4765,0.4778,0,0
S1102|0230,신림,2호선,서울교통공사,일반역,0.3968,0.4754,0,0
S1105|0525,신길,5호선,서울교통공사,환승역,0.4177,0.4742,0,0
I1103|0336,압구정,3호선,서울교통공사,일반역,0.5104,0.4709,0,0
I4101|0129,종로5가,1호선,서울교통공사,일반역,0.3898,0.4693,0,0
S2801|3134,테크노파크,인천지하철 1호선,인천교통공사,일반역,0.511,0.4692,5,1
I4105|1861,보정역,분당선,한국철도공사,일반역,0.7643,0.4692,0,0
L11SL|S405,보라매공원,수도권 경량도시철도 신림선,남서울경전철 주식회사,일반역,0.4004,0.4677,0,0
S1105|0541,마장,5호선,서울교통공사,일반역,0.3973,0.4661,0,0
L41E1|Y112,지석,에버라인,경기도 용인경전철,일반역,1.0913,0.4653,12,1
S1105|0519,신정(은행정),5호선,서울교통공사,일반역,0.3792,0.4632,0,0
I4102|1016,외대앞역,경원선,한국철도공사,일반역,0.2301,0.4631,0,0
I41K2|1315,사릉역,경춘선,한국철도공사,일반역,1.0002,0.4606,14,1
S1105|0540,왕십리(성동구청),5호선,서울교통공사,환승역,0.5086,0.4606,0,0
S2801|3128,선학,인천지하철 1호선,인천교통공사,일반역,0.6551,0.4596,0,0
I1104|0421,동대문,4호선,서울교통공사,환승역,0.3321,0.4595,0,0
I1104|0414,수유(강북구청),4호선,서울교통공사,일반역,0.1689,0.4591,0,0
I4105|1849,강남구청역,분당선,한국철도공사,환승역,0.7115,0.4576,0,0
S2802|3204,마전,인천지하철 2호선,인천교통공사,일반역,0.3339,0.4568,3,1
I4101|1719,오산역,경부선,한국철도공사,일반역,0.6608,0.4552,16,1
S1106|0618,디지털미디어시티,6호선,서울교통공사,환승역,0.5149,0.4551,0,0
S1105|0528,마포,5호선,서울교통공사,일반역,0.4688,0.4548,0,0
S1102|0207,상왕십리,2호선,서울교통공사,일반역,0.4112,0.4532,0,0
S1105|P552,오금,5호선,서울교통공사,환승역,1.0118,0.4531,4,1
S1107|0741,신대방삼거리,7호선,서울교통공사,일반역,0.3351,0.452,0,0
S1105|0531,충정로(경기대입구),5호선,서울교통공사,환승역,0.4611,0.449,0,0
I1104|0423,충무로,4호선,서울교통공사,환승역,0.3677,0.4467,0,0
S1108|0816,송파,8호선,서울교통공사,일반역,0.5292,0.4437,0,0
S1105|0548,강동,5호선,서울교통공사,일반역,0.6332,0.4433,0,0
S1105|0527,여의나루,5호선,서울교통공사,일반역,0.4429,0.4403,0,0
I41K2|1316,금곡역,경춘선,한국철도공사,일반역,0.8436,0.4391,13,1
L41U1|U122,곤제,의정부,의정부경량전철㈜,일반역,0.3093,0.4386,3,1
I4108|1251,서울역(경의선),경의중앙선,한국철도공사,환승역,0.495,0.4386,0,0
I4103|1457,범계역,안산과천선,한국철도공사,일반역,0.3574,0.4386,7,1
S1105|0533,광화문(세종문화회관),5호선,서울교통공사,일반역,0.374,0.4373,0,0
I4108|1269,강매역,경의중앙선,한국철도공사,일반역,0.5405,0.4308,0,0
S2801|3118,부평구청,인천지하철 1호선,인천교통공사,환승역,0.3708,0.4306,0,0
S1107|3761,부평구청,도시철도 7호선,인천교통공사,환승역,0.3027,0.4304,0,0
S1102|0226,사당,2호선,서울교통공사,환승역,0.5773,0.4297,1,1
I4101|0133,서울역,1호선,서울교통공사,환승역,0.4712,0.4296,0,0
S1106|0637,창신,6호선,서울교통공사,일반역,0.3957,0.424,0,0
I4101|1003,용산역,경부선,한국철도공사,환승역,0.5452,0.4228,1,1
S1102|0238,합정,2호선,서울교통공사,환승역,0.4049,0.422,0,0
I4102|1017,신이문역,경원선,한국철도공사,일반역,0.2104,0.4176,0,0
I4102|1910,덕계역,경원선,한국철도공사,일반역,0.6218,0.4151,9,1
S2801|3123,간석오거리,인천지하철 1호선,인천교통공사,일반역,0.4417,0.4134,0,0
S2801|3122,부평삼거리,인천지하철 1호선,인천교통공사,일반역,0.4578,0.4117,0,0
L41E1|Y113,어정,에버라인,경기도 용인경전철,일반역,0.9759,0.4103,11,1
S2801|3129,신연수,인천지하철 1호선,인천교통공사,일반역,0.624,0.4097,0,0
S1107|0728,자양(뚝섬한강공원),7호선,서울교통공사,일반역,0.5194,0.4091,0,0
I1103|0339,고속터미널,3호선,서울교통공사,환승역,0.4545,0.4074,0,0
S1102|0234,신도림,2호선,서울교통공사,환승역,0.3341,0.403,0,0
I1104|0428,삼각지(전쟁기념관),4호선,서울교통공사,환승역,0.5903,0.4028,0,0
S1105|0532,서대문,5호선,서울교통공사,일반역,0.3422,0.4023,0,0
L41G1|G104,운양역,김포도시철도,김포골드라인에스알에스㈜,일반역,0.3366,0.4009,4,1
I4105|1863,구성역,분당선,한국철도공사,환승역,0.7185,0.4006,0,0
S1107|0726,어린이대공원(세종대),7호선,서울교통공사,일반역,0.5242,0.3994,0,0
S2802|3218,주안,인천지하철 2호선,인천교통공사,환승역,0.2455,0.3986,0,0
S1102|0239,홍대입구,2호선,서울교통공사,환승역,0.5481,0.3972,0,0
I4108|1209,도심역,경의중앙선,한국철도공사,일반역,0.7935,0.3964,11,1
S1105|0529,공덕,5호선,서울교통공사,환승역,0.4589,0.3956,0,0
I4101|1706,안양역,경부선,한국철도공사,일반역,0.3988,0.3953,0,0
S1107|0729,청담,7호선,서울교통공사,일반역,0.5232,0.3937,0,0
I41K2|1318,천마산역,경춘선,한국철도공사,일반역,0.5874,0.393,11,1
S1109|4111,신목동,서울 도시철도 9호선,서울특별시 서울시메트로9호선㈜,일반역,0.4636,0.3907,0,0
I4103|1751,산본역,안산과천선,한국철도공사,일반역,0.4413,0.3839,8,1
L11SL|S406,보라매병원,수도권 경량도시철도 신림선,남서울경전철 주식회사,일반역,0.3349,0.3835,0,0
S1102|0222,강남,2호선,서울교통공사,환승역,0.4718,0.3822,0,0
S1102|0209,한양대,2호선,서울교통공사,일반역,0.2945,0.3738,0,0
S1106|0633,약수,6호선,서울교통공사,환승역,0.4529,0.372,0,0
S1105|0545,아차산(어린이대공원후문),5호선,서울교통공사,일반역,0.3723,0.3711,0,0
S1106|0640,고려대(종암),6호선,서울교통공사,일반역,0.3315,0.3704,0,0
S1102|0202,을지로입구,2호선,서울교통공사,일반역,0.2837,0.3699,0,0
I4108|1278,운정역,경의중앙선,한국철도공사,일반역,0.5129,0.3675,7,1
I4101|0131,종각,1호선,서울교통공사,일반역,0.1688,0.3673,0,0
L11UI|S112,4.19민주묘지,우이신설선,우이신설경전철운영㈜,일반역,0.3614,0.3671,2,1
I1101|1823,도화역,경인선,한국철도공사,일반역,0.2043,0.3662,0,0
S1121|2114,신설동,2호선,서울교통공사,일반역,0.4838,0.3648,0,0
S1102|0224,서초,2호선,서울교통공사,일반역,0.3026,0.3641,0,0
I1103|0346,학여울,3호선,서울교통공사,일반역,0.1153,0.364,0,0
I11D1|D009,양재시민의숲(매헌),신분당선,경기도 신분당선,도시철도 일반역,0.4586,0.3603,0,0
I4101|1720,진위역,경부선,한국철도공사,일반역,0.5844,0.36,15,1
S1102|0205,동대문역사문화공원(DDP),2호선,서울교통공사,환승역,0.3705,0.3591,0,0
I1103|0319,지축,3호선,서울교통공사,일반역,0.1712,0.3586,0,0
I4101|0125,제기동,1호선,서울교통공사,일반역,0.3105,0.3576,0,0
L41E1|Y114,동백(용인세브란스),에버라인,경기도 용인경전철,일반역,0.8605,0.3567,10,1
L11UI|S113,가오리,우이신설선,우이신설경전철운영㈜,일반역,0.5713,0.3514,3,1
S1102|0229,봉천,2호선,서울교통공사,일반역,0.2632,0.3476,0,0
I4105|1864,신갈역,분당선,한국철도공사,일반역,0.6865,0.3468,0,0
I11D1|D015,수지구청,신분당선,경기도 신분당선,도시철도 일반역,0.3777,0.3457,4,1
S1102|0240,신촌(지하),2호선,서울교통공사,일반역,0.4415,0.3441,0,0
I28A1|A06,계양,인천국제공항선,공항철도주식회사,환승역,0.4675,0.3422,3,1
I1103|0331,충무로,3호선,서울교통공사,환승역,0.3907,0.3416,0,0
S2802|3213,석남(거북시장),인천지하철 2호선,인천교통공사,환승역,0.2578,0.3412,0,0
S1102|0220,선릉,2호선,서울교통공사,환승역,0.4717,0.3405,0,0
I4101|1723,평택지제역,경부선,한국철도공사,일반역,0.3804,0.3401,12,1
S1105|0549,길동,5호선,서울교통공사,일반역,0.4974,0.34,0,0
I4101|1708,금정역,경부선,한국철도공사,환승역,0.2797,0.3386,0,0
S1102|0208,왕십리(성동구청),2호선,서울교통공사,환승역,0.6135,0.3382,1,1
I41WS|1271,능곡역,서해선,한국철도공사,환승역,0.3944,0.3366,0,0
S2801|3135,지식정보단지,인천지하철 1호선,인천교통공사,일반역,0.3804,0.3314,4,1
I1103|0322,불광,3호선,서울교통공사,환승역,0.5018,0.3313,2,1
L11SL|S407,당곡,수도권 경량도시철도 신림선,남서울경전철 주식회사,일반역,0.2952,0.3201,0,0
I28A1|A071,청라국제도시,인천국제공항선,공항철도주식회사,일반역,0.7441,0.3186,10,1
I4108|1210,팔당역,경의중앙선,한국철도공사,일반역,0.6562,0.3183,10,1
I11D1|D005,논현,신분당선,경기도 신분당선,도시철도 환승역,0.4775,0.3163,0,0
S1108|0827,모란,8호선,서울교통공사,환승역,0.4117,0.3141,0,0
S1109|4110,염창,서울 도시철도 9호선,서울특별시 서울시메트로9호선㈜,일반역,0.3751,0.3135,0,0
S1102|0210,뚝섬,2호선,서울교통공사,일반역,0.254,0.3115,0,0
S1107|0740,장승배기,7호선,서울교통공사,일반역,0.2185,0.3107,0,0
I4103|1763,수리산역,안산과천선,한국철도공사,일반역,0.5274,0.3051,9,1
S1105|0542,답십리,5호선,서울교통공사,일반역,0.2793,0.3045,0,0
L41E1|Y115,초당,에버라인,경기도 용인경전철,일반역,0.7461,0.3044,9,1
S1106|0626,공덕,6호선,서울교통공사,환승역,0.4217,0.3039,0,0
I41WS|1981,원종역,서해선,한국철도공사,일반역,0.2578,0.3028,0,0
I1104|0409,불암산,4호선,서울교통공사,일반역,0.3781,0.302,3,1
S1107|0718,먹골,7호선,서울교통공사,일반역,0.2925,0.3005,0,0
I4102|1019,광운대역,경원선,한국철도공사,환승역,0.1794,0.3005,0,0
I4108|1270,행신역,경의중앙선,한국철도공사,일반역,0.476,0.2986,0,0
I28K1|1881,인천논현역,수인선,한국철도공사,일반역,0.6478,0.2952,8,1
I28K1|1883,남동인더스파크역,수인선,한국철도공사,일반역,0.9471,0.2952,10,1
I28K1|1882,호구포역,수인선,한국철도공사,일반역,0.7895,0.2952,9,1
I28K1|1880,소래포구역,수인선,한국철도공사,일반역,0.5116,0.2952,7,1
I4103|1456,평촌역,안산과천선,한국철도공사,일반역,0.2822,0.2949,6,1
S1102|0235,문래,2호선,서울교통공사,일반역,0.2874,0.2936,0,0
I4101|1722,서정리역,경부선,한국철도공사,일반역,0.4474,0.2934,13,1
S1102|0228,서울대입구(관악구청),2호선,서울교통공사,일반역,0.2275,0.2929,0,0
I4105|1024,한티역,분당선,한국철도공사,일반역,0.3085,0.2886,0,0
I4101|1701,구로역,경부선,한국철도공사,일반역,0.2376,0.2861,0,0
S1106|0627,효창공원앞,6호선,서울교통공사,환승역,0.4752,0.2829,0,0
S1121|2113,용두(동대문구청),2호선,서울교통공사,일반역,0.2964,0.2819,0,0
S1102|0227,낙성대(강감찬),2호선,서울교통공사,일반역,0.224,0.2795,0,0
S1107|0719,중화,7호선,서울교통공사,일반역,0.2893,0.2789,0,0
I1104|0427,숙대입구(갈월),4호선,서울교통공사,일반역,0.2997,0.2788,0,0
S1107|0716,공릉(서울과학기술대),7호선,서울교통공사,일반역,0.2534,0.2772,0,0
I4101|1707,명학역,경부선,한국철도공사,일반역,0.346,0.2757,0,0
I41K2|1319,마석역,경춘선,한국철도공사,일반역,0.4783,0.2737,10,1
S1107|0745,남구로,7호선,서울교통공사,일반역,0.2438,0.2736,0,0
S1106|0641,월곡(동덕여대),6호선,서울교통공사,일반역,0.2511,0.2736,0,0
I11D1|D004,신사,신분당선,경기도 신분당선,도시철도 환승역,0.4024,0.2731,0,0
I4101|1721,송탄역,경부선,한국철도공사,일반역,0.5148,0.273,14,1
S1109|4136,올림픽공원(한국체대),수도권  도시철도 9호선,서울시메트로9호선㈜,환승역,0.6005,0.269,2,1
I1104|0420,혜화,4호선,서울교통공사,일반역,0.1587,0.2668,0,0
S1106|0643,돌곶이,6호선,서울교통공사,일반역,0.2482,0.2643,0,0
S1106|0632,버티고개,6호선,서울교통공사,일반역,0.2686,0.264,0,0
S1108|0813,몽촌토성(평화의문),8호선,서울교통공사,일반역,0.3405,0.2636,0,0
S2801|3119,부평시장,인천지하철 1호선,인천교통공사,일반역,0.2081,0.2601,0,0
I4102|1011,옥수역,경원선,한국철도공사,환승역,0.4218,0.2595,1,1
S1102|0242,아현,2호선,서울교통공사,일반역,0.2223,0.2586,0,0
S1107|0735,내방,7호선,서울교통공사,일반역,0.2286,0.2586,0,0
S2802|3225,남동구청,인천지하철 2호선,인천교통공사,일반역,0.2206,0.2577,2,1
S1105|0546,광나루(장신대),5호선,서울교통공사,일반역,0.2917,0.2574,0,0
S1109|4109,등촌,서울 도시철도 9호선,서울특별시 서울시메트로9호선㈜,일반역,0.3092,0.2561,0,0
I4108|1211,운길산역,경의중앙선,한국철도공사,일반역,0.5405,0.2558,9,1
L41E1|Y116,삼가,에버라인,경기도 용인경전철,일반역,0.6413,0.2553,8,1
L11UI|S122,신설동,우이신설선,우이신설경전철운영㈜,환승역,0.3337,0.2523,0,0
S1102|0241,이대,2호선,서울교통공사,일반역,0.2038,0.2515,0,0
S1105|0550,굽은다리(강동구민회관앞),5호선,서울교통공사,일반역,0.3795,0.2509,0,0
I28K1|1760,능길역,수인선,한국철도공사,환승역,0.4468,0.2494,5,1
S1108|0818,문정,8호선,서울교통공사,일반역,0.3047,0.2489,0,0
S1102|0225,방배,2호선,서울교통공사,일반역,0.2171,0.2462,0,0
I4105|1850,선정릉역,분당선,한국철도공사,환승역,0.5305,0.246,0,0
I4105|1860,이매역,분당선,한국철도공사,환승역,0.346,0.2443,0,0
S1102|0204,을지로4가,2호선,서울교통공사,환승역,0.2794,0.2423,0,0
S1105|0538,신금호,5호선,서울교통공사,일반역,0.1848,0.2407,0,0
S1106|0642,상월곡(한국과학기술연구원),6호선,서울교통공사,일반역,0.2222,0.2387,0,0
S1121|2111,용답,2호선,서울교통공사,일반역,0.2541,0.2372,0,0
I4106|1956,정발산역,일산선,한국철도공사,일반역,0.1555,0.236,2,1
I11D1|D010,청계산입구,신분당선,경기도 신분당선,도시철도 일반역,0.311,0.2355,0,0
S1108|0812,강동구청,8호선,서울교통공사,일반역,0.3082,0.2345,0,0
S1121|2112,신답,2호선,서울교통공사,일반역,0.2458,0.2336,0,0
S1105|0543,장한평,5호선,서울교통공사,일반역,0.237,0.2315,0,0
I4105|1854,야탑역,분당선,한국철도공사,일반역,0.3097,0.2297,0,0
S1105|0513,송정,5호선,서울교통공사,일반역,0.1919,0.2292,0,0
I4108|1279,금릉역,경의중앙선,한국철도공사,일반역,0.3935,0.2285,6,1
I4103|1455,인덕원역,안산과천선,한국철도공사,일반역,0.203,0.2272,5,1
I4102|1911,덕정역,경원선,한국철도공사,일반역,0.5099,0.2257,8,1
S1109|4114,국회의사당,서울 도시철도 9호선,서울특별시 서울시메트로9호선㈜,일반역,0.3314,0.2248,0,0
I11D1|D011,판교,신분당선,경기도 신분당선,도시철도 환승역,0.3099,0.2247,0,0
S1107|3755,춘의,도시철도 7호선,인천교통공사,일반역,0.1566,0.2241,0,0
S1109|4133,석촌,수도권  도시철도 9호선,서울시메트로9호선㈜,환승역,0.4705,0.2241,0,0
I4102|1021,녹천역,경원선,한국철도공사,일반역,0.0708,0.2215,0,0
I4102|1901,방학역,경원선,한국철도공사,일반역,0.1116,0.2213,0,0
S1107|0714,중계,7호선,서울교통공사,일반역,0.1614,0.2211,0,0
S1109|4108,증미,서울 도시철도 9호선,서울특별시 서울시메트로9호선㈜,일반역,0.269,0.2207,0,0
I1103|0332,동대입구,3호선,서울교통공사,일반역,0.2649,0.2189,0,0
I4101|0124,청량리(서울시립대입구),1호선,서울교통공사,환승역,0.3187,0.2165,0,0
I4105|1030,수서역,분당선,한국철도공사,환승역,0.2238,0.2157,0,0
S1105|P553,개롱,5호선,서울교통공사,일반역,0.436,0.2129,2,1
I41K2|1320,대성리역,경춘선,한국철도공사,일반역,0.373,0.2128,9,1
S1107|0715,하계,7호선,서울교통공사,일반역,0.1818,0.2121,0,0
S1107|0739,상도,7호선,서울교통공사,일반역,0.1502,0.2121,0,0
L41U1|U123,어룡,의정부,의정부경량전철㈜,일반역,0.1745,0.2116,2,1
S1106|0621,망원,6호선,서울교통공사,일반역,0.2042,0.2105,0,0
L41E1|Y117,시청·용인대,에버라인,경기도 용인경전철,일반역,0.5471,0.2102,7,1
S1122|2343,신정네거리,2호선,서울교통공사,일반역,0.3613,0.2097,2,1
I11D1|D006,신논현,신분당선,경기도 신분당선,도시철도 환승역,0.3686,0.2077,0,0
S1108|0819,장지,8호선,서울교통공사,일반역,0.2592,0.2055,0,0
I4102|1913,동두천중앙역,경원선,한국철도공사,일반역,0.3272,0.2052,6,1
S1106|0631,한강진,6호선,서울교통공사,일반역,0.1941,0.2027,0,0
S1105|0517,화곡,5호선,서울교통공사,일반역,0.1496,0.2026,0,0
I4102|1020,월계역,경원선,한국철도공사,일반역,0.0861,0.2022,0,0
S1107|0732,논현,7호선,서울교통공사,일반역,0.3415,0.202,0,0
S1109|4130,종합운동장,수도권  도시철도 9호선,서울시메트로9호선㈜,환승역,0.2963,0.2004,0,0
S1107|0730,강남구청,7호선,서울교통공사,환승역,0.9487,0.2003,2,1
I41WS|4813,초지역,서해선,한국철도공사,환승역,0.8469,0.2002,8,1
S2801|3136,인천대입구,인천지하철 1호선,인천교통공사,일반역,0.2562,0.1999,3,1
S2802|3203,검단사거리,인천지하철 2호선,인천교통공사,일반역,0.1797,0.1982,2,1
I4108|1212,양수역,경의중앙선,한국철도공사,일반역,0.4412,0.198,8,1
S1105|0530,애오개,5호선,서울교통공사,일반역,0.2549,0.1961,0,0
S1106|0625,대흥(서강대앞),6호선,서울교통공사,일반역,0.2177,0.1958,0,0
S2802|3212,가정중앙시장,인천지하철 2호선,인천교통공사,일반역,0.1063,0.1958,0,0
L11SL|S410,서울대벤처타운,수도권 경량도시철도 신림선,남서울경전철 주식회사,일반역,0.2714,0.1957,1,1
S1109|4127,선정릉,수도권  도시철도 9호선,서울시메트로9호선㈜,환승역,0.4498,0.1945,0,0
S1109|4107,가양,서울 도시철도 9호선,서울특별시 서울시메트로9호선㈜,일반역,0.2381,0.1943,0,0
S1107|3760,굴포천,도시철도 7호선,인천교통공사,일반역,0.1077,0.1925,0,0
I11D1|D016,성복,신분당선,경기도 신분당선,도시철도 일반역,0.2391,0.192,3,1
S1109|4106,양천향교,서울 도시철도 9호선,서울특별시 서울시메트로9호선㈜,일반역,0.2321,0.1898,0,0
I4105|1023,선릉역,분당선,한국철도공사,환승역,0.2753,0.1894,0,0
I4101|1724,평택역,경부선,한국철도공사,일반역,0.3182,0.1877,11,1
S1105|0524,영등포시장,5호선,서울교통공사,일반역,0.1747,0.1876,0,0
S1107|0743,신풍,7호선,서울교통공사,일반역,0.1964,0.1876,0,0
I4102|1912,지행역,경원선,한국철도공사,일반역,0.4133,0.1859,7,1
I4104|0408,별내별가람역,진접선,남양주도시공사,일반역,0.1676,0.1857,2,1
I4102|1013,왕십리역,경원선,한국철도공사,환승역,0.3451,0.1855,0,0
S1106|0629,녹사평(용산구청),6호선,서울교통공사,일반역,0.2098,0.1835,0,0
I1103|0347,대청,3호선,서울교통공사,일반역,0.0618,0.1827,0,0
S1107|0736,이수,7호선,서울교통공사,환승역,0.1537,0.1804,0,0
S2802|3220,석바위시장,인천지하철 2호선,인천교통공사,일반역,0.1383,0.1803,0,0
I4105|1026,구룡역,분당선,한국철도공사,일반역,0.2405,0.1789,0,0
S2802|3219,시민공원,인천지하철 2호선,인천교통공사,일반역,0.1253,0.1784,0,0
I4105|1851,가천대역,분당선,한국철도공사,일반역,0.2076,0.1784,0,0
I28K1|1879,월곶역,수인선,한국철도공사,일반역,0.3759,0.1774,6,1
I4101|1709,군포역,경부선,한국철도공사,일반역,0.2042,0.1765,0,0
L41G1|G103,장기역,김포도시철도,김포골드라인에스알에스㈜,일반역,0.2129,0.1751,3,1
I1101|1810,제물포역,경인선,한국철도공사,일반역,0.1331,0.1738,0,0
S1106|0630,이태원,6호선,서울교통공사,일반역,0.1749,0.1734,0,0
S2801|3117,갈산,인천지하철 1호선,인천교통공사,일반역,0.1458,0.1726,0,0
S1102|0232,구로디지털단지,2호선,서울교통공사,일반역,0.139,0.1726,0,0
S1105|0514,마곡,5호선,서울교통공사,일반역,0.1401,0.1719,0,0
I1103|0350,가락시장,3호선,서울교통공사,환승역,0.296,0.1715,0,0
S1105|0551,명일,5호선,서울교통공사,일반역,0.27,0.1703,0,0
S2801|3109,"아라(북부법원, 검찰청)",인천지하철 1호선,인천교통공사,일반역,0.2374,0.169,2,1
I4103|1454,정부과천청사역,안산과천선,한국철도공사,일반역,0.1317,0.1684,4,1
S1109|4125,신논현,서울 도시철도 9호선,서울특별시 서울시메트로9호선㈜,환승역,0.39,0.1668,0,0
I4105|1872,매교역,분당선,한국철도공사,일반역,0.106,0.1663,0,0
I4105|1871,수원시청역,분당선,한국철도공사,일반역,0.1067,0.1663,0,0
I4105|1846,수원역(분당),분당선,한국철도공사,환승역,0.1362,0.1663,0,0
I4105|1870,매탄권선역,분당선,한국철도공사,일반역,0.1119,0.1663,0,0
S1107|3756,신중동,도시철도 7호선,인천교통공사,일반역,0.1078,0.1658,0,0
L41E1|Y118,명지대,에버라인,경기도 용인경전철,일반역,0.4527,0.1657,6,1
S1107|0720,상봉,7호선,서울교통공사,환승역,0.3776,0.165,0,0
S1105|0516,우장산,5호선,서울교통공사,일반역,0.1247,0.1646,0,0
S1106|0623,상수,6호선,서울교통공사,일반역,0.1597,0.1625,0,0
S1105|0539,행당,5호선,서울교통공사,일반역,0.1564,0.1618,0,0
S1106|0624,광흥창(서강),6호선,서울교통공사,일반역,0.1589,0.1607,0,0
I28K1|1759,안산역,수인선,한국철도공사,환승역,0.6945,0.1592,7,1
I4106|1950,삼송역,일산선,한국철도공사,일반역,0.053,0.1585,0,0
I41WS|1953,대곡역,서해선,한국철도공사,환승역,0.156,0.1581,0,0
I4102|1902,도봉역,경원선,한국철도공사,일반역,0.0851,0.158,0,0
I41K2|1321,청평역,경춘선,한국철도공사,일반역,0.2858,0.1576,8,1
S1106|0638,보문,6호선,서울교통공사,일반역,0.1924,0.1549,0,0
I28A1|A072,영종,인천국제공항선,공항철도주식회사,일반역,0.6081,0.1541,9,1
S2802|3217,주안국가산단,인천지하철 2호선,인천교통공사,일반역,0.0785,0.1525,0,0
S1105|0535,을지로4가,5호선,서울교통공사,환승역,0.2145,0.1524,0,0
S1105|0515,발산,5호선,서울교통공사,일반역,0.1193,0.1515,0,0
S1102|0221,역삼,2호선,서울교통공사,일반역,0.1711,0.1507,0,0
I1104|0419,한성대입구(삼선교),4호선,서울교통공사,일반역,0.1003,0.1501,0,0
S1107|0733,반포,7호선,서울교통공사,일반역,0.2055,0.15,0,0
S1106|0620,마포구청,6호선,서울교통공사,일반역,0.1538,0.1484,0,0
I1103|0338,잠원,3호선,서울교통공사,일반역,0.1466,0.1469,0,0
I41K5|1502,이매역,경강선,한국철도공사,환승역,0.8363,0.1465,9,1
I4108|1213,신원역,경의중앙선,한국철도공사,일반역,0.3442,0.142,7,1
L11UI|S111,솔밭공원,우이신설선,우이신설경전철운영㈜,일반역,0.1574,0.1403,1,1
S1107|0738,숭실대입구(살피재),7호선,서울교통공사,일반역,0.1046,0.1388,0,0
S1105|0511,개화산,5호선,서울교통공사,일반역,0.2216,0.1355,1,1
S1102|0217,잠실새내,2호선,서울교통공사,일반역,0.1803,0.1346,0,0
I4108|1015,회기역,경의중앙선,한국철도공사,환승역,0.097,0.1339,0,0
S1107|3759,삼산체육관,도시철도 7호선,인천교통공사,일반역,0.0802,0.1331,0,0
S1102|0231,신대방,2호선,서울교통공사,일반역,0.1104,0.1329,0,0
S1107|3757,부천시청,도시철도 7호선,인천교통공사,일반역,0.0807,0.1323,0,0
S1102|0206,신당,2호선,서울교통공사,환승역,0.2544,0.131,0,0
S2802|3208,검바위,인천지하철 2호선,인천교통공사,일반역,0.0821,0.1289,0,0
S1106|0646,화랑대(서울여대입구),6호선,서울교통공사,일반역,0.1915,0.128,0,0
S1107|0737,남성,7호선,서울교통공사,일반역,0.1056,0.1279,0,0
I41K5|1504,경기광주역,경강선,한국철도공사,일반역,0.3979,0.1258,7,1
L41G1|G109,김포공항역,김포도시철도,김포골드라인에스알에스㈜,환승역,0.4015,0.1258,1,1
I41K5|1503,삼동역,경강선,한국철도공사,일반역,0.5325,0.1258,8,1
S1107|3758,상동,도시철도 7호선,인천교통공사,일반역,0.0725,0.1242,0,0
S1107|0731,학동,7호선,서울교통공사,일반역,0.223,0.124,0,0
S1109|4124,사평,서울 도시철도 9호선,서울특별시 서울시메트로9호선㈜,일반역,0.2656,0.123,0,0
L41E1|Y119,김량장,에버라인,경기도 용인경전철,일반역,0.3554,0.1212,5,1
S1109|4128,삼성중앙,수도권  도시철도 9호선,서울시메트로9호선㈜,일반역,0.2425,0.12,0,0
I28K1|1878,달월역,수인선,한국철도공사,일반역,0.2433,0.1197,5,1
S1106|0619,월드컵경기장(성산),6호선,서울교통공사,일반역,0.1398,0.1193,0,0
S1102|0218,종합운동장,2호선,서울교통공사,환승역,0.2562,0.1192,0,0
S1109|4126,언주,수도권  도시철도 9호선,서울시메트로9호선㈜,일반역,0.2681,0.119,0,0
S1109|4134,송파나루,수도권  도시철도 9호선,서울시메트로9호선㈜,일반역,0.2741,0.1187,0,0
I4105|1852,태평역,분당선,한국철도공사,일반역,0.19,0.118,0,0
I1101|1801,개봉역,경인선,한국철도공사,일반역,0.1515,0.118,1,1
I4101|1711,성균관대역,경부선,한국철도공사,일반역,0.1161,0.1157,0,0
I1104|0432,총신대입구(이수),4호선,서울교통공사,환승역,0.1067,0.1142,0,0
I11D1|D008,양재(서초구청),신분당선,경기도 신분당선,도시철도 환승역,0.1702,0.1136,0,0
S2802|3214,서부여성회관,인천지하철 2호선,인천교통공사,일반역,0.0697,0.1127,0,0
S1107|3762,산곡,도시철도 7호선,인천교통공사,일반역,0.0738,0.1115,0,0
S2801|3111,귤현,인천지하철 1호선,인천교통공사,일반역,0.1215,0.1105,0,0
I41K2|1322,상천역,경춘선,한국철도공사,일반역,0.2096,0.1093,7,1
S2801|3116,작전,인천지하철 1호선,인천교통공사,일반역,0.1022,0.1085,0,0
I4108|1201,중랑역,경의중앙선,한국철도공사,환승역,0.2228,0.1067,0,0
I1103|0330,을지로3가,3호선,서울교통공사,환승역,0.2515,0.1055,0,0
I1101|1807,백운역,경인선,한국철도공사,일반역,0.06,0.1054,0,0
I4108|1264,홍대입구역,경의중앙선,한국철도공사,환승역,0.1927,0.1043,0,0
I28K1|1877,사리역,수인선,한국철도공사,일반역,0.1193,0.1023,4,1
I1103|0351,경찰병원,3호선,서울교통공사,일반역,0.2075,0.1018,0,0
I4108|1014,청량리역,경의중앙선,한국철도공사,환승역,0.2562,0.1011,0,0
I4108|1280,금촌역,경의중앙선,한국철도공사,일반역,0.2842,0.1006,5,1
S1105|0552,고덕,5호선,서울교통공사,일반역,0.1735,0.0995,0,0
S2802|3211,가정(루원시티),인천지하철 2호선,인천교통공사,일반역,0.0699,0.0989,0,0
S1102|0201,시청,2호선,서울교통공사,환승역,0.1847,0.0988,0,0
I1104|0426,서울역,4호선,서울교통공사,환승역,0.2459,0.0984,0,0
S1108|0810,암사,8호선,서울교통공사,일반역,0.1936,0.0961,1,1
I1103|0343,매봉,3호선,서울교통공사,일반역,0.1218,0.0955,0,0
I1103|0348,일원,3호선,서울교통공사,일반역,0.042,0.0938,0,0
I4108|1214,국수역,경의중앙선,한국철도공사,일반역,0.2568,0.0914,6,1
S1109|4129,봉은사,수도권  도시철도 9호선,서울시메트로9호선㈜,일반역,0.1859,0.0895,0,0
S2801|3115,경인교대입구,인천지하철 1호선,인천교통공사,일반역,0.0868,0.0881,0,0
I4101|1712,화서역,경부선,한국철도공사,일반역,0.1137,0.087,0,0
I4102|1903,도봉산역,경원선,한국철도공사,환승역,0.2284,0.0867,1,1
I4105|1013,왕십리역,분당선,한국철도공사,환승역,0.2252,0.0863,0,0
S1102|0219,삼성(무역센터),2호선,서울교통공사,일반역,0.1284,0.0863,0,0
S2802|3216,가재울,인천지하철 2호선,인천교통공사,일반역,0.0516,0.0855,0,0
S1108|0821,남위례,8호선,서울교통공사,일반역,0.0916,0.0851,0,0
S2802|3215,인천가좌,인천지하철 2호선,인천교통공사,일반역,0.0484,0.0822,0,0
L11UI|S120,성신여대입구,우이신설선,우이신설경전철운영㈜,환승역,0.1443,0.0811,0,0
I41K2|1203,망우역,경춘선,한국철도공사,환승역,0.2458,0.081,0,0
S2802|3209,아시아드경기장,인천지하철 2호선,인천교통공사,일반역,0.065,0.0798,0,0
I4102|1914,보산역,경원선,한국철도공사,일반역,0.2351,0.0781,5,1
S1106|0647,봉화산(서울의료원),6호선,서울교통공사,일반역,0.1523,0.0766,0,0
S2801|3112,박촌,인천지하철 1호선,인천교통공사,일반역,0.0847,0.0763,0,0
L41E1|Y120,용인중앙시장(용인예술과학대),에버라인,경기도 용인경전철,일반역,0.2536,0.0762,4,1
S1106|0614,연신내,6호선,서울교통공사,환승역,0.043,0.0752,0,0
S1109|4137,둔촌오륜,수도권  도시철도 9호선,서울시메트로9호선㈜,일반역,0.2254,0.0751,1,1
S1107|0712,마들,7호선,서울교통공사,일반역,0.0535,0.0745,0,0
S2801|3114,계산,인천지하철 1호선,인천교통공사,일반역,0.0774,0.0738,0,0
I4108|1262,공덕역,경의중앙선,한국철도공사,환승역,0.2587,0.0724,0,0
S2802|3210,서구청,인천지하철 2호선,인천교통공사,일반역,0.0555,0.0716,0,0
S1105|0537,청구,5호선,서울교통공사,환승역,0.2199,0.0711,0,0
I4105|1869,망포역,분당선,한국철도공사,일반역,0.1245,0.0707,0,0
L11SL|S402,대방,수도권 경량도시철도 신림선,남서울경전철 주식회사,환승역,0.1607,0.07,0,0
I41K2|1311,신내역,경춘선,한국철도공사,환승역,0.1678,0.0692,0,0
S1109|4135,한성백제,수도권  도시철도 9호선,서울시메트로9호선㈜,일반역,0.1979,0.0689,0,0
S2801|3137,센트럴파크,인천지하철 1호선,인천교통공사,일반역,0.1325,0.0681,2,1
S1106|0611,역촌,6호선,서울교통공사,일반역,0.2044,0.066,1,1
S2801|3113,임학,인천지하철 1호선,인천교통공사,일반역,0.0744,0.0658,0,0
I41K2|1323,가평역,경춘선,한국철도공사,일반역,0.1391,0.0646,6,1
I4105|1866,상갈역,분당선,한국철도공사,일반역,0.203,0.0631,0,0
S1107|0734,고속터미널,7호선,서울교통공사,환승역,0.1907,0.0602,0,0
I41WS|4804,소사역,서해선,한국철도공사,환승역,0.0577,0.0575,0,0
I1103|0341,남부터미널(예술의전당),3호선,서울교통공사,일반역,0.0886,0.0569,0,0
I28A1|A08,운서,인천국제공항선,공항철도주식회사,일반역,0.5105,0.0553,8,1
I4102|1022,창동역,경원선,한국철도공사,환승역,0.037,0.0543,0,0
S1102|0243,충정로(경기대입구),2호선,서울교통공사,환승역,0.1525,0.0543,0,0
S1105|P550,올림픽공원(한국체대),5호선,서울교통공사,일반역,0.256,0.0542,0,0
I11D1|D007,강남,신분당선,경기도 신분당선,도시철도 환승역,0.1401,0.0538,0,0
I4108|1252,신촌역,경의중앙선,한국철도공사,일반역,0.1317,0.0532,0,0
I1103|0340,교대(법원·검찰청),3호선,서울교통공사,환승역,0.1253,0.0531,0,0
I4105|1027,개포동역,분당선,한국철도공사,일반역,0.1464,0.053,0,0
I41K5|1507,신둔도예촌역,경강선,한국철도공사,일반역,0.0869,0.0522,4,1
I4108|1263,서강대역,경의중앙선,한국철도공사,일반역,0.1122,0.0516,0,0
I1101|1816,간석역,경인선,한국철도공사,일반역,0.0223,0.0508,0,0
S1107|0742,보라매,7호선,서울교통공사,일반역,0.1366,0.0504,0,0
S1102|0236,영등포구청,2호선,서울교통공사,환승역,0.1275,0.0494,0,0
S1107|0713,노원,7호선,서울교통공사,환승역,0.0366,0.0484,0,0
S1105|0553,상일동,5호선,서울교통공사,일반역,0.0975,0.0478,0,0
I4108|1019,광운대역,경의중앙선,한국철도공사,환승역,0.0661,0.0473,0,0
I1104|0433,사당,4호선,서울교통공사,환승역,0.085,0.0453,0,0
I11D1|D017,상현,신분당선,경기도 신분당선,도시철도 일반역,0.1063,0.044,2,1
S1105|P554,거여,5호선,서울교통공사,일반역,0.1936,0.0439,1,1
I4108|1215,아신역,경의중앙선,한국철도공사,일반역,0.1737,0.0433,5,1
S1108|0811,천호(풍납토성),8호선,서울교통공사,환승역,0.085,0.0428,0,0
S1102|0216,잠실(송파구청),2호선,서울교통공사,환승역,0.1,0.0415,0,0
I41K5|1501,판교역,경강선,한국철도공사,환승역,0.0651,0.0409,0,0
I41K5|1512,성남역,경강선,한국철도공사,환승역,0.0465,0.0409,0,0
S1102|0233,대림(구로구청),2호선,서울교통공사,환승역,0.0976,0.0406,0,0
I4101|1710,의왕역,경부선,한국철도공사,일반역,0.1332,0.0404,0,0
S1109|4132,석촌고분,수도권  도시철도 9호선,서울시메트로9호선㈜,일반역,0.1019,0.0399,0,0
S1105|0526,여의도,5호선,서울교통공사,환승역,0.1753,0.0393,0,0
L11SL|S401,샛강,수도권 경량도시철도 신림선,남서울경전철 주식회사,환승역,0.168,0.038,0,0
S1105|0544,군자(능동),5호선,서울교통공사,환승역,0.1053,0.0379,0,0
I4401|1402,쌍용(나사렛대)역,장항선,한국철도공사,일반역,0.0364,0.0377,5,1
I4108|1261,효창공원앞역,경의중앙선,한국철도공사,환승역,0.1566,0.0373,0,0
S1122|2342,양천구청,2호선,서울교통공사,일반역,0.1463,0.035,1,1
S1109|4131,삼전,수도권  도시철도 9호선,서울시메트로9호선㈜,일반역,0.0889,0.0328,0,0
I4101|1725,성환역,경부선,한국철도공사,일반역,0.26,0.0318,10,1
L41E1|Y121,고진,에버라인,경기도 용인경전철,일반역,0.1493,0.0311,3,1
S1107|0746,가산디지털단지,7호선,서울교통공사,환승역,0.0763,0.03,0,0
I4105|1028,대모산입구역,분당선,한국철도공사,일반역,0.0735,0.0289,0,0
I1101|1817,도원역,경인선,한국철도공사,일반역,0.0729,0.0273,0,0
I41K5|1505,초월역,경강선,한국철도공사,일반역,0.2821,0.0264,6,1
S1107|0711,수락산,7호선,서울교통공사,일반역,0.011,0.0264,0,0
I41K2|1324,굴봉산역,경춘선,한국철도공사,일반역,0.0764,0.0247,5,1
S1109|4103,공항시장,서울 도시철도 9호선,서울특별시 서울시메트로9호선㈜,일반역,0.0487,0.0247,0,0
I4105|1867,청명역,분당선,한국철도공사,일반역,0.1679,0.0238,0,0
S1105|P551,방이,5호선,서울교통공사,일반역,0.0935,0.0216,0,0
S1106|0613,독바위,6호선,서울교통공사,일반역,0.0177,0.0214,0,0
I4102|1010,한남역,경원선,한국철도공사,일반역,0.0427,0.0205,0,0
I4102|1012,응봉역,경원선,한국철도공사,일반역,0.0737,0.0193,0,0
I4102|1009,서빙고역,경원선,한국철도공사,일반역,0.0439,0.0187,0,0
S1109|4104,신방화,서울 도시철도 9호선,서울특별시 서울시메트로9호선㈜,일반역,0.0378,0.0181,0,0
I28A1|A042,마곡나루,인천국제공항선,공항철도주식회사,환승역,0.0395,0.0145,0,0
I4101|1729,당정역,경부선,한국철도공사,일반역,0.1649,0.0116,0,0
I4401|1401,봉명역,장항선,한국철도공사,일반역,0.083,0.0094,6,1
I1103|0349,수서,3호선,서울교통공사,환승역,0.05,0.0078,0,0
I4105|1031,복정역,분당선,한국철도공사,환승역,0.0307,0.0055,0,0
I1101|1808,동암역,경인선,한국철도공사,일반역,0.0207,0.0054,0,0
S1105|0554,강일,5호선,서울교통공사,일반역,0.0285,0.0054,0,0
I4105|1853,모란역,분당선,한국철도공사,환승역,-0.0044,0.005,0,0
S1107|3763,석남(거북시장),도시철도 7호선,인천교통공사,환승역,-0.0229,0.0041,0,0
I1104|0434,남태령,4호선,서울교통공사,일반역,0.0187,0.0038,0,0
I1103|0352,오금,3호선,서울교통공사,환승역,0.0472,0.0033,0,0
S1108|0826,수진,8호선,서울교통공사,일반역,0.0056,0.003,0,0
S1108|0822,산성,8호선,서울교통공사,일반역,0.0179,0.0023,0,0
S1107|3754,부천종합운동장,도시철도 7호선,인천교통공사,일반역,0.0078,0.0022,0,0
I4108|1265,가좌역,경의중앙선,한국철도공사,일반역,0.0277,0.0015,0,0
S1105|P549,둔촌동,5호선,서울교통공사,일반역,0.0089,0.0014,0,0
I4106|1949,지축역,일산선,한국철도공사,일반역,-0.0084,0.0009,0,0
I41WS|4814,시우역,서해선,한국철도공사,일반역,0.0243,0.0007,1,1
I4103|1761,정왕역,안산과천선,한국철도공사,환승역,-0.1054,-0.0,0,0
I1103|0329,종로3가,3호선,서울교통공사,환승역,0.2345,-0.0,0,0
S28M1|104,파라다이스시티역,자기부상철도,인천광역시 인천국제공항공사,일반역,0.0366,-0.0,2,1
I28A1|A05,김포공항,인천국제공항선,공항철도주식회사,환승역,0.1244,-0.0,0,0
I4103|1757,고잔역,안산과천선,한국철도공사,환승역,-0.0763,-0.0,0,0
S1109|4102,김포공항,서울 도시철도 9호선,서울특별시 서울시메트로9호선㈜,환승역,0.1244,0.0,0,0
I4105|1848,압구정로데오역,분당선,한국철도공사,일반역,0.3182,-0.0,1,1
I4103|1756,중앙역,안산과천선,한국철도공사,환승역,-0.0842,0.0,0,0
I41K5|1511,여주역,경강선,한국철도공사,일반역,-0.1952,0.0,0,0
I4102|1008,이촌역,경원선,한국철도공사,환승역,0.1257,-0.0,0,0
S28M1|105,워터파크역,자기부상철도,인천광역시 인천국제공항공사,일반역,-0.0722,-0.0,1,1
S28M1|106,용유역,자기부상철도,인천광역시 인천국제공항공사,일반역,-0.1618,-0.0,0,0
I1101|1812,인천역,경인선,한국철도공사,환승역,-0.0675,-0.0,0,0
I1104|0422,동대문역사문화공원(DDP),4호선,서울교통공사,환승역,0.2482,-0.0,0,0
I4103|1759,안산역,안산과천선,한국철도공사,환승역,-0.0837,-0.0,0,0
S28M1|102,장기주차장역,자기부상철도,인천광역시 인천국제공항공사,일반역,0.2203,0.0,4,1
I4108|1953,대곡역,경의중앙선,한국철도공사,환승역,-0.0195,-0.0,0,0
S28M1|103,합동청사역,자기부상철도,인천광역시 인천국제공항공사,일반역,0.1397,-0.0,3,1
I4105|1847,서울숲역,분당선,한국철도공사,일반역,0.0064,-0.0,0,0
I41WS|1272,곡산역,서해선,한국철도공사,환승역,-0.0379,-0.0,0,0
I41K5|1510,세종대왕릉역,경강선,한국철도공사,일반역,-0.1336,-0.0,1,1
I41WS|1275,일산역,서해선,한국철도공사,환승역,-0.0704,-0.0,0,0
I28A1|A03,홍대입구,인천국제공항선,공항철도주식회사,환승역,0.1623,-0.0,0,0
I4103|1762,오이도역,안산과천선,한국철도공사,환승역,-0.1111,0.0,0,0
I4103|1758,초지역,안산과천선,한국철도공사,환승역,-0.0406,0.0,0,0
I41WS|1274,풍산역,서해선,한국철도공사,환승역,-0.0593,-0.0,0,0
I41WS|1273,백마역,서해선,한국철도공사,환승역,-0.0487,-0.0,0,0
I4103|1760,능길역,안산과천선,한국철도공사,환승역,-0.0962,-0.0,0,0
I4102|1003,용산역,경원선,한국철도공사,환승역,0.1124,-0.0,0,0
I4108|1216,오빈역,경의중앙선,한국철도공사,일반역,0.0966,-0.0013,4,1
L11SL|S411,관악산,수도권 경량도시철도 신림선,남서울경전철 주식회사,일반역,-0.0023,-0.0025,0,0
I4108|1285,임진강역,경의중앙선,한국철도공사,일반역,-0.1731,-0.0025,0,0
I4108|1286,운천역,경의중앙선,한국철도공사,일반역,-0.0915,-0.0039,1,1
I28K1|1876,야목역,수인선,한국철도공사,일반역,0.0387,-0.0042,3,1
S4108|804,별내역,수도권 광역철도 8호선,남양주도시공사,환승역,-0.0118,-0.0047,0,0
I4105|1868,영통역,분당선,한국철도공사,일반역,0.1459,-0.0061,0,0
S1109|4101,개화,서울 도시철도 9호선,서울특별시 서울시메트로9호선㈜,일반역,-0.0259,-0.0072,0,0
S1107|0709,장암,7호선,서울교통공사,일반역,-0.0567,-0.0074,0,0
I4108|1220,지평역,경의중앙선,한국철도공사,일반역,-0.19,-0.008,0,0
S1106|0610,응암,6호선,서울교통공사,일반역,-0.0368,-0.0094,0,0
I4101|1726,직산역,경부선,한국철도공사,일반역,0.211,-0.0112,9,1
I41K5|1506,곤지암역,경강선,한국철도공사,일반역,0.1795,-0.0125,5,1
L41E1|Y122,보평,에버라인,경기도 용인경전철,일반역,0.0462,-0.0133,2,1
I41K2|1325,백양리역,경춘선,한국철도공사,일반역,0.0154,-0.0136,4,1
I4108|1205,구리역,경의중앙선,한국철도공사,환승역,-0.0133,-0.0137,0,0
I4105|1857,정자역,분당선,한국철도공사,환승역,-0.0388,-0.0137,0,0
I28K1|1890,신포역,수인선,한국철도공사,일반역,-0.064,-0.0139,0,0
S2801|3108,신검단중앙,인천지하철 1호선,인천교통공사,일반역,0.0711,-0.015,1,1
L41U1|U124,송산,의정부,의정부경량전철㈜,일반역,0.0447,-0.0162,1,1
I4105|1858,미금역,분당선,한국철도공사,환승역,-0.0457,-0.0163,0,0
I4108|1271,능곡역,경의중앙선,한국철도공사,환승역,-0.0267,-0.0185,0,0
S1107|3753,까치울,도시철도 7호선,인천교통공사,일반역,-0.0384,-0.0185,0,0
L41U1|U110,발곡,의정부,의정부경량전철㈜,일반역,-0.0517,-0.0196,0,0
S1105|0510,방화,5호선,서울교통공사,일반역,-0.024,-0.0201,0,0
S1105|P555,마천,5호선,서울교통공사,일반역,-0.0363,-0.0202,0,0
I28K1|1884,원인재역,수인선,한국철도공사,환승역,-0.0339,-0.0206,0,0
S1109|4138,중앙보훈병원,수도권  도시철도 9호선,서울시메트로9호선㈜,일반역,-0.0289,-0.0212,0,0
I4102|1916,소요산역,경원선,한국철도공사,일반역,0.0502,-0.0218,3,1
I4108|1282,월롱역,경의중앙선,한국철도공사,일반역,0.1802,-0.0219,4,1
S1122|2341,도림천,2호선,서울교통공사,일반역,-0.0563,-0.0238,0,0
S1108|0825,신흥,8호선,서울교통공사,일반역,-0.0171,-0.0251,0,0
S2802|3226,인천대공원,인천지하철 2호선,인천교통공사,일반역,0.0548,-0.0266,1,1
I4401|1408,신창(순천향대)역,장항선,한국철도공사,일반역,-0.2095,-0.0282,0,0
S1105|0558,하남검단산,5호선,서울교통공사,일반역,-0.0808,-0.0298,0,0
I4102|1917,청산역,경원선,한국철도공사,일반역,-0.0364,-0.0299,2,1
I4401|1403,아산역,장항선,한국철도공사,일반역,-0.0119,-0.0303,4,1
I4102|1915,동두천역,경원선,한국철도공사,일반역,0.1424,-0.0317,4,1
S1105|0555,미사,5호선,서울교통공사,일반역,-0.0319,-0.0332,0,0
S1108|0823,남한산성입구(성남법원·검찰청),8호선,서울교통공사,일반역,-0.0201,-0.0349,0,0
S1108|806,동구릉,8호선,구리도시공사,일반역,-0.0496,-0.0352,0,0
I28A1|A09,공항화물청사,인천국제공항선,공항철도주식회사,일반역,0.4234,-0.0369,7,1
I4103|1453,과천역,안산과천선,한국철도공사,일반역,0.0649,-0.0373,3,1
S1108|0809,암사역사공원,8호선,서울교통공사,일반역,-0.0568,-0.0375,0,0
I4104|0406,오남역,진접선,남양주도시공사,일반역,-0.0022,-0.0378,1,1
I4102|1919,연천역,경원선,한국철도공사,일반역,-0.1887,-0.0386,0,0
L41E1|Y124,전대·에버랜드,에버라인,경기도 용인경전철,일반역,-0.1577,-0.0396,0,0
S1108|0824,단대오거리,8호선,서울교통공사,일반역,-0.0282,-0.0403,0,0
I28K1|1885,연수역,수인선,한국철도공사,일반역,-0.0192,-0.0404,0,0
I4106|1948,원흥역,일산선,한국철도공사,일반역,-0.0143,-0.0406,0,0
S1108|808,장자호수공원,8호선,구리도시공사,일반역,-0.0611,-0.041,0,0
I4103|1708,금정역,안산과천선,한국철도공사,환승역,-0.083,-0.0414,0,0
I4108|1217,양평역,경의중앙선,한국철도공사,일반역,0.0195,-0.0452,3,1
S4108|805,다산역,수도권 광역철도 8호선,남양주도시공사,일반역,-0.0729,-0.0461,0,0
I28K1|1755,한대앞역,수인선,한국철도공사,환승역,-0.0923,-0.0466,0,0
S2801|3107,검단호수공원,인천지하철 1호선,인천교통공사,일반역,-0.0915,-0.0467,0,0
I41K5|1508,이천역,경강선,한국철도공사,일반역,0.0062,-0.0474,3,1
L11UI|S110,북한산우이,우이신설선,우이신설경전철운영㈜,일반역,-0.0508,-0.0486,0,0
L41G1|G100,양촌역,김포도시철도,김포골드라인에스알에스㈜,일반역,-0.1376,-0.0486,0,0
I28K1|1891,인천역,수인선,한국철도공사,환승역,0.1397,-0.0491,1,1
L41G1|G102,마산역,김포도시철도,김포골드라인에스알에스㈜,일반역,0.0936,-0.0502,2,1
I41K2|1326,강촌역,경춘선,한국철도공사,일반역,-0.0455,-0.0514,3,1
I28K1|1875,어천역,수인선,한국철도공사,일반역,-0.0376,-0.052,2,1
I4401|1407,온양온천역,장항선,한국철도공사,일반역,-0.1632,-0.0542,1,1
S1105|0556,하남풍산,5호선,서울교통공사,일반역,-0.0641,-0.0552,0,0
L41E1|Y123,둔전,에버라인,경기도 용인경전철,일반역,-0.0539,-0.0564,1,1
S2802|3202,왕길,인천지하철 2호선,인천교통공사,일반역,0.0308,-0.0572,1,1
I4106|1952,화정역,일산선,한국철도공사,일반역,-0.048,-0.059,0,0
I28K1|1873,고색역,수인선,한국철도공사,일반역,-0.1812,-0.0599,0,0
I1101|1813,구일역,경인선,한국철도공사,일반역,-0.0585,-0.0604,0,0
I4102|1918,전곡역,경원선,한국철도공사,일반역,-0.1137,-0.0607,1,1
I28K1|1761,정왕역,수인선,한국철도공사,환승역,0.222,-0.0615,3,1
I4108|1219,용문역,경의중앙선,한국철도공사,일반역,-0.1244,-0.0624,1,1
S1105|0557,하남시청(덕풍∙신장),5호선,서울교통공사,일반역,-0.0775,-0.0653,0,0
I4105|1855,서현역,분당선,한국철도공사,일반역,0.0097,-0.0654,0,0
L41U1|U125,탑석,의정부,의정부경량전철㈜,일반역,-0.101,-0.0662,0,0
I41K2|1329,춘천역,경춘선,한국철도공사,일반역,-0.2027,-0.0672,0,0
S2801|3138,국제업무지구,인천지하철 1호선,인천교통공사,일반역,0.0067,-0.0682,1,1
S2801|3139,송도달빛축제공원,인천지하철 1호선,인천교통공사,일반역,-0.1236,-0.0682,0,0
I41K5|1509,부발역,경강선,한국철도공사,일반역,-0.0655,-0.0744,2,1
I41WS|4815,원시역,서해선,한국철도공사,일반역,-0.1205,-0.0752,0,0
I4103|1450,선바위역,안산과천선,한국철도공사,일반역,-0.1683,-0.0765,0,0
I4401|1728,천안역,경부선,한국철도공사,일반역,0.1251,-0.0793,7,1
S2802|3227,운연,인천지하철 2호선,인천교통공사,일반역,-0.1022,-0.0817,0,0
I11D1|D019,광교(경기대),신분당선,경기도 신분당선,도시철도 일반역,-0.1385,-0.083,0,0
I28A1|A11,인천공항2터미널,인천국제공항선,공항철도주식회사,일반역,-0.1627,-0.0839,0,0
I4101|1727,두정역,경부선,한국철도공사,일반역,0.1657,-0.0864,8,1
I41K2|1327,김유정역,경춘선,한국철도공사,일반역,-0.1017,-0.0866,2,1
I4108|1218,원덕역,경의중앙선,한국철도공사,일반역,-0.0564,-0.0883,2,1
I28K1|1886,송도역,수인선,한국철도공사,일반역,-0.0799,-0.0888,0,0
I4401|1405,배방역,장항선,한국철도공사,일반역,-0.1144,-0.0895,2,1
I28K1|1889,숭의역,수인선,한국철도공사,일반역,-0.0884,-0.0908,0,0
I4105|1856,수내역,분당선,한국철도공사,일반역,-0.0099,-0.0912,0,0
S2802|3201,검단오류,인천지하철 2호선,인천교통공사,일반역,-0.1136,-0.0914,0,0
I11D1|D018,광교중앙(아주대),신분당선,경기도 신분당선,도시철도 일반역,-0.0185,-0.0965,1,1
I1101|1811,동인천역,경인선,한국철도공사,일반역,0.0273,-0.0969,0,0
I28K1|1874,오목천역,수인선,한국철도공사,일반역,-0.1107,-0.0983,1,1
I4108|1284,문산역,경의중앙선,한국철도공사,일반역,-0.0076,-0.0993,2,1
I28K1|1888,인하대역,수인선,한국철도공사,일반역,-0.0955,-0.0998,0,0
I4104|0405,진접역,진접선,남양주도시공사,일반역,-0.13,-0.1014,0,0
I4106|1957,주엽역,일산선,한국철도공사,일반역,0.0142,-0.1064,1,1
I4401|1404,탕정역,장항선,한국철도공사,일반역,-0.0629,-0.109,3,1
I4103|1451,경마공원역,안산과천선,한국철도공사,일반역,-0.0844,-0.114,1,1
I41K2|1328,남춘천역,경춘선,한국철도공사,일반역,-0.1524,-0.1189,1,1
I28A1|A10,인천공항1터미널,인천국제공항선,공항철도주식회사,환승역,0.3678,-0.1235,6,1
L41G1|G101,구래역,김포도시철도,김포골드라인에스알에스㈜,일반역,-0.0204,-0.1281,1,1
I4108|1283,파주역,경의중앙선,한국철도공사,일반역,0.0851,-0.135,3,1
I4106|1958,대화역,일산선,한국철도공사,일반역,-0.1219,-0.1372,0,0
I4106|1951,원당역,일산선,한국철도공사,일반역,-0.0499,-0.1376,0,0
I4103|1452,대공원역,안산과천선,한국철도공사,일반역,-0.0078,-0.147,2,1
I28K1|1762,오이도역,수인선,한국철도공사,환승역,0.0018,-0.1892,1,1
