철도운영기관명,노선명,역명,종착역명,환승철도운영기관명,환승선,환승이후역명,환승기점역명,차량순서,차량출입문번호
공항철도주식회사,공항철도,검암,인천공항1터미널,인천교통공사,인천2호선,검바위,,6,4
공항철도주식회사,공항철도,검암,서울역,인천교통공사,인천2호선,검바위,,2,2
공항철도주식회사,공항철도,검암,인천공항1터미널,인천교통공사,인천2호선,독정,,6,4
공항철도주식회사,공항철도,검암,서울역,인천교통공사,인천2호선,독정,,2,2
공항철도주식회사,공항철도,계양,서울역,인천교통공사,인천1호선,계양,국제업무지구,5,4
공항철도주식회사,공항철도,계양,인천공항1터미널,인천교통공사,인천1호선,계양,국제업무지구,2,1
공항철도주식회사,공항철도,공덕,인천공항1터미널,서울교통공사,5호선,마포,방화,1,4
공항철도주식회사,공항철도,공덕,서울역,서울교통공사,5호선,마포,방화,6,1
공항철도주식회사,공항철도,공덕,인천공항1터미널,서울교통공사,5호선,애오개,마천,1,4
공항철도주식회사,공항철도,공덕,서울역,서울교통공사,5호선,애오개,마천,6,1
공항철도주식회사,공항철도,공덕,서울역,서울교통공사,6호선,대흥(서강대앞),응암,6,1
공항철도주식회사,공항철도,공덕,인천공항1터미널,서울교통공사,6호선,대흥(서강대앞),응암,1,4
공항철도주식회사,공항철도,공덕,서울역,서울교통공사,6호선,효창공원앞,봉화산(서울의료원),6,1
공항철도주식회사,공항철도,공덕,인천공항1터미널,서울교통공사,6호선,효창공원앞,봉화산(서울의료원),1,4
공항철도주식회사,공항철도,공덕,서울역,코레일,경의중앙,서강대,문산,5,3
공항철도주식회사,공항철도,공덕,인천공항1터미널,코레일,경의중앙,서강대,문산,1,4
공항철도주식회사,공항철도,공덕,인천공항1터미널,코레일,경의중앙,효창공원앞,용산,1,1
공항철도주식회사,공항철도,김포공항,인천공항1터미널,서울교통공사,5호선,개화산,방화,3,4
공항철도주식회사,공항철도,김포공항,서울역,서울교통공사,5호선,개화산,방화,3,4
공항철도주식회사,공항철도,김포공항,서울역,서울교통공사,5호선,송정,마천,6,4
공항철도주식회사,공항철도,김포공항,인천공항1터미널,서울교통공사,5호선,송정,마천,6,4
공항철도주식회사,공항철도,김포공항,인천공항1터미널,서울시메트로9호선주식회사,9호선,,,4,1
공항철도주식회사,공항철도,김포공항,인천공항1터미널,서울시메트로9호선주식회사,9호선,,,4,1
공항철도주식회사,공항철도,김포공항,서울역,서울시메트로9호선주식회사,9호선,,,5,2
공항철도주식회사,공항철도,김포공항,서울역,서울시메트로9호선주식회사,9호선,,,5,2
공항철도주식회사,공항철도,디지털미디어시티,인천공항1터미널,서울교통공사,6호선,월드컵경기장(성산),봉화산(서울의료원),6,4
공항철도주식회사,공항철도,디지털미디어시티,서울역,서울교통공사,6호선,월드컵경기장(성산),봉화산(서울의료원),2,3
공항철도주식회사,공항철도,디지털미디어시티,서울역,서울교통공사,6호선,증산(명지대앞),응암,2,3
공항철도주식회사,공항철도,디지털미디어시티,인천공항1터미널,서울교통공사,6호선,증산(명지대앞),응암,6,4
공항철도주식회사,공항철도,디지털미디어시티,인천공항1터미널,코레일,경의중앙,가좌,용산,2,2
공항철도주식회사,공항철도,디지털미디어시티,서울역,코레일,경의중앙,가좌,용산,5,3
공항철도주식회사,공항철도,디지털미디어시티,서울역,코레일,경의중앙,수색,문산,6,4
공항철도주식회사,공항철도,디지털미디어시티,인천공항1터미널,코레일,경의중앙,수색,문산,2,2
공항철도주식회사,공항철도,서울역,서울역,코레일,1호선,남영,신창(순천향대),3,2
공항철도주식회사,공항철도,서울역,서울역,코레일,1호선,,소요산,3,2
공항철도주식회사,공항철도,서울역,서울역,서울교통공사,4호선,숙대입구(갈월),남태령,3,2
공항철도주식회사,공항철도,서울역,서울역,서울교통공사,4호선,회현(남대문시장),불암산(당고개),3,2
공항철도주식회사,공항철도,서울역,서울역,코레일,경의중앙,신촌,문산,5,1
공항철도주식회사,공항철도,인천공항1터미널,인천공항1터미널,인천국제공항공사,자기부상,용유,용유,,
공항철도주식회사,공항철도,홍대입구,서울역,서울교통공사,2호선,신촌,충정로(경기대입구),5,3
공항철도주식회사,공항철도,홍대입구,인천공항1터미널,서울교통공사,2호선,신촌,충정로(경기대입구),2,2
공항철도주식회사,공항철도,홍대입구,서울역,서울교통공사,2호선,합정,시청,5,3
공항철도주식회사,공항철도,홍대입구,인천공항1터미널,서울교통공사,2호선,합정,시청,2,2
공항철도주식회사,공항철도,홍대입구,서울역,코레일,경의중앙,가좌,문산,5,3
공항철도주식회사,공항철도,홍대입구,인천공항1터미널,코레일,경의중앙,가좌,문산,2,2
공항철도주식회사,공항철도,홍대입구,인천공항1터미널,코레일,경의중앙,서강대,용산,1,4
공항철도주식회사,공항철도,홍대입구,서울역,코레일,경의중앙,서강대,용산,5,3
부산김해경전철주식회사,부산김해경전철,대저,사상(서부터미널),부산교통공사,3호선,체육공원,수영,2,1
부산김해경전철주식회사,부산김해경전철,대저,사상(서부터미널),부산교통공사,3호선,체육공원,수영,1,2
부산김해경전철주식회사,부산김해경전철,대저,사상(서부터미널),부산교통공사,3호선,체육공원,수영,1,1
부산김해경전철주식회사,부산김해경전철,대저,가야대(삼계),부산교통공사,3호선,체육공원,수영,2,2
부산김해경전철주식회사,부산김해경전철,대저,가야대(삼계),부산교통공사,3호선,체육공원,수영,2,1
부산김해경전철주식회사,부산김해경전철,대저,가야대(삼계),부산교통공사,3호선,체육공원,수영,1,2
부산김해경전철주식회사,부산김해경전철,대저,가야대(삼계),부산교통공사,3호선,체육공원,수영,1,1
부산김해경전철주식회사,부산김해경전철,대저,사상(서부터미널),부산교통공사,3호선,체육공원,수영,2,2
부산김해경전철주식회사,부산김해경전철,사상(서부터미널),사상(서부터미널),부산교통공사,2호선,감전(사상구청),장산(해운대백병원),2,2
부산김해경전철주식회사,부산김해경전철,사상(서부터미널),사상(서부터미널),부산교통공사,2호선,감전(사상구청),장산(해운대백병원),2,1
부산김해경전철주식회사,부산김해경전철,사상(서부터미널),사상(서부터미널),부산교통공사,2호선,감전(사상구청),장산(해운대백병원),1,1
부산김해경전철주식회사,부산김해경전철,사상(서부터미널),사상(서부터미널),부산교통공사,2호선,감전(사상구청),장산(해운대백병원),1,2
부산김해경전철주식회사,부산김해경전철,사상(서부터미널),사상(서부터미널),부산교통공사,2호선,덕포,양산(시청.동원과학기술대학교),2,1
부산김해경전철주식회사,부산김해경전철,사상(서부터미널),사상(서부터미널),부산교통공사,2호선,덕포,양산(시청.동원과학기술대학교),1,2
부산김해경전철주식회사,부산김해경전철,사상(서부터미널),사상(서부터미널),부산교통공사,2호선,덕포,양산(시청.동원과학기술대학교),1,1
부산김해경전철주식회사,부산김해경전철,사상(서부터미널),사상(서부터미널),부산교통공사,2호선,덕포,양산(시청.동원과학기술대학교),2,2
부산교통공사,1호선,교대,노포(종합버스터미널),코레일,동해,거제(법원.검찰청),부전,8,2
부산교통공사,1호선,교대,다대포해수욕장,코레일,동해,거제(법원.검찰청),부전,6,2
부산교통공사,1호선,교대,노포(종합버스터미널),코레일,동해,동래,일광,8,2
부산교통공사,1호선,교대,다대포해수욕장,코레일,동해,동래,일광,6,2
부산교통공사,1호선,동래,노포(종합버스터미널),부산교통공사,4호선,미남,미남,4,1
부산교통공사,1호선,동래,신평,부산교통공사,4호선,미남,미남,5,3
부산교통공사,1호선,동래,노포(종합버스터미널),부산교통공사,4호선,수안,안평(고촌주택단지),4,1
부산교통공사,1호선,동래,신평,부산교통공사,4호선,수안,안평(고촌주택단지),5,3
부산교통공사,1호선,서면,노포(종합버스터미널),부산교통공사,2호선,부암(온종합병원),양산(시청.동원과학기술대학교),6,1
부산교통공사,1호선,서면,신평,부산교통공사,2호선,부암(온종합병원),양산(시청.동원과학기술대학교),7,1
부산교통공사,1호선,서면,노포(종합버스터미널),부산교통공사,2호선,전포,장산(해운대백병원),6,1
부산교통공사,1호선,서면,신평,부산교통공사,2호선,전포,장산(해운대백병원),7,1
부산교통공사,1호선,연산,신평,부산교통공사,3호선,,대저,5,1
부산교통공사,1호선,연산,노포(종합버스터미널),부산교통공사,3호선,,대저,4,1
부산교통공사,1호선,연산,신평,부산교통공사,3호선,물만골,수영,5,1
부산교통공사,1호선,연산,노포(종합버스터미널),부산교통공사,3호선,물만골,수영,4,1
부산교통공사,2호선,덕천(부산과기대),양산(시청.동원과학기술대학교),부산교통공사,3호선,구포,대저,6,4
부산교통공사,2호선,덕천(부산과기대),장산(해운대백병원),부산교통공사,3호선,구포,대저,1,1
부산교통공사,2호선,덕천(부산과기대),장산(해운대백병원),부산교통공사,3호선,숙등(부민병원),수영,1,1
부산교통공사,2호선,덕천(부산과기대),양산(시청.동원과학기술대학교),부산교통공사,3호선,숙등(부민병원),수영,6,4
부산교통공사,2호선,벡스코(시립미술관),장산(해운대백병원),코레일,동해,센텀,부전,1,1
부산교통공사,2호선,벡스코(시립미술관),양산(시청.동원과학기술대학교),코레일,동해,센텀,일광,1,1
부산교통공사,2호선,벡스코(시립미술관),장산(해운대백병원),코레일,동해,신해운대,부전,1,1
부산교통공사,2호선,벡스코(시립미술관),양산(시청.동원과학기술대학교),코레일,동해,신해운대,일광,1,1
부산교통공사,2호선,사상(서부터미널),양산(시청.동원과학기술대학교),부산김해경전철주식회사,부산김해경전철,괘법르네시떼(강변공원),대사,3,3
부산교통공사,2호선,사상(서부터미널),장산(해운대백병원),부산김해경전철주식회사,부산김해경전철,괘법르네시떼(강변공원),대사,3,3
부산교통공사,2호선,서면,양산(시청.동원과학기술대학교),부산교통공사,1호선,범내골,신평,5,4
부산교통공사,2호선,서면,장산(해운대백병원),부산교통공사,1호선,범내골,신평,5,4
부산교통공사,2호선,서면,양산(시청.동원과학기술대학교),부산교통공사,1호선,부전(부산시민공원.송상현광장),노포(종합버스터미널),6,4
부산교통공사,2호선,서면,장산(해운대백병원),부산교통공사,1호선,부전(부산시민공원.송상현광장),노포(종합버스터미널),6,4
부산교통공사,2호선,수영,장산(해운대백병원),부산교통공사,3호선,망미(병무청),대저,5,3
부산교통공사,2호선,수영,양산(시청.동원과학기술대학교),부산교통공사,3호선,망미(병무청),대저,4,1
부산교통공사,3호선,거제(법원.검찰청),수영,코레일,동해,거제해맞이,부전,1,2
부산교통공사,3호선,거제(법원.검찰청),대저,코레일,동해,거제해맞이,부전,4,3
부산교통공사,3호선,거제(법원.검찰청),수영,코레일,동해,교대,일광,1,2
부산교통공사,3호선,거제(법원.검찰청),대저,코레일,동해,교대,일광,4,3
부산교통공사,3호선,대저,대저,부산김해경전철주식회사,부산김해경전철,등구,사상(서부터미널),2,4
부산교통공사,3호선,대저,대저,부산김해경전철주식회사,부산김해경전철,평강,대사,2,4
부산교통공사,3호선,덕천(부산과기대),수영,부산교통공사,2호선,구명,장산(해운대백병원),1,1
부산교통공사,3호선,덕천(부산과기대),대저,부산교통공사,2호선,구명,장산(해운대백병원),1,1
부산교통공사,3호선,덕천(부산과기대),수영,부산교통공사,2호선,수정(방송통신대),양산(시청.동원과학기술대학교),2,4
부산교통공사,3호선,덕천(부산과기대),대저,부산교통공사,2호선,수정(방송통신대),양산(시청.동원과학기술대학교),2,4
부산교통공사,3호선,미남,수영,부산교통공사,4호선,동래,안평(고촌주택단지),3,1
부산교통공사,3호선,미남,대저,부산교통공사,4호선,동래,안평(고촌주택단지),2,4
부산교통공사,3호선,수영,수영,부산교통공사,2호선,광안,양산(시청.동원과학기술대학교),4,2
부산교통공사,3호선,수영,수영,부산교통공사,2호선,광안,양산(시청.동원과학기술대학교),4,3
부산교통공사,3호선,수영,수영,부산교통공사,2호선,광안,양산(시청.동원과학기술대학교),4,4
부산교통공사,3호선,수영,대저,부산교통공사,2호선,광안,양산(시청.동원과학기술대학교),1,1
부산교통공사,3호선,수영,대저,부산교통공사,2호선,광안,양산(시청.동원과학기술대학교),1,2
부산교통공사,3호선,수영,대저,부산교통공사,2호선,광안,양산(시청.동원과학기술대학교),1,3
부산교통공사,3호선,수영,대저,부산교통공사,2호선,광안,양산(시청.동원과학기술대학교),1,4
부산교통공사,3호선,수영,대저,부산교통공사,2호선,광안,양산(시청.동원과학기술대학교),2,1
부산교통공사,3호선,수영,대저,부산교통공사,2호선,광안,양산(시청.동원과학기술대학교),2,2
부산교통공사,3호선,수영,대저,부산교통공사,2호선,광안,양산(시청.동원과학기술대학교),2,3
부산교통공사,3호선,수영,대저,부산교통공사,2호선,광안,양산(시청.동원과학기술대학교),2,4
부산교통공사,3호선,수영,대저,부산교통공사,2호선,광안,양산(시청.동원과학기술대학교),3,1
부산교통공사,3호선,수영,대저,부산교통공사,2호선,광안,양산(시청.동원과학기술대학교),3,2
부산교통공사,3호선,수영,대저,부산교통공사,2호선,광안,양산(시청.동원과학기술대학교),3,3
부산교통공사,3호선,수영,대저,부산교통공사,2호선,광안,양산(시청.동원과학기술대학교),3,4
부산교통공사,3호선,수영,대저,부산교통공사,2호선,광안,양산(시청.동원과학기술대학교),4,1
부산교통공사,3호선,수영,대저,부산교통공사,2호선,광안,양산(시청.동원과학기술대학교),4,2
부산교통공사,3호선,수영,대저,부산교통공사,2호선,광안,양산(시청.동원과학기술대학교),4,3
부산교통공사,3호선,수영,대저,부산교통공사,2호선,광안,양산(시청.동원과학기술대학교),4,4
부산교통공사,3호선,수영,수영,부산교통공사,2호선,광안,양산(시청.동원과학기술대학교),4,1
부산교통공사,3호선,수영,수영,부산교통공사,2호선,광안,양산(시청.동원과학기술대학교),3,4
부산교통공사,3호선,수영,수영,부산교통공사,2호선,광안,양산(시청.동원과학기술대학교),3,3
부산교통공사,3호선,수영,수영,부산교통공사,2호선,광안,양산(시청.동원과학기술대학교),3,2
부산교통공사,3호선,수영,수영,부산교통공사,2호선,광안,양산(시청.동원과학기술대학교),3,1
부산교통공사,3호선,수영,수영,부산교통공사,2호선,광안,양산(시청.동원과학기술대학교),2,4
부산교통공사,3호선,수영,수영,부산교통공사,2호선,광안,양산(시청.동원과학기술대학교),2,3
부산교통공사,3호선,수영,수영,부산교통공사,2호선,광안,양산(시청.동원과학기술대학교),2,2
부산교통공사,3호선,수영,수영,부산교통공사,2호선,광안,양산(시청.동원과학기술대학교),2,1
부산교통공사,3호선,수영,수영,부산교통공사,2호선,광안,양산(시청.동원과학기술대학교),1,4
부산교통공사,3호선,수영,수영,부산교통공사,2호선,광안,양산(시청.동원과학기술대학교),1,3
부산교통공사,3호선,수영,수영,부산교통공사,2호선,광안,양산(시청.동원과학기술대학교),1,1
부산교통공사,3호선,수영,수영,부산교통공사,2호선,광안,양산(시청.동원과학기술대학교),1,2
부산교통공사,3호선,수영,수영,부산교통공사,2호선,민락,장산(해운대백병원),4,1
부산교통공사,3호선,수영,수영,부산교통공사,2호선,민락,장산(해운대백병원),4,2
부산교통공사,3호선,수영,수영,부산교통공사,2호선,민락,장산(해운대백병원),4,3
부산교통공사,3호선,수영,수영,부산교통공사,2호선,민락,장산(해운대백병원),4,4
부산교통공사,3호선,수영,대저,부산교통공사,2호선,민락,장산(해운대백병원),1,1
부산교통공사,3호선,수영,대저,부산교통공사,2호선,민락,장산(해운대백병원),1,2
부산교통공사,3호선,수영,대저,부산교통공사,2호선,민락,장산(해운대백병원),1,3
부산교통공사,3호선,수영,대저,부산교통공사,2호선,민락,장산(해운대백병원),1,4
부산교통공사,3호선,수영,대저,부산교통공사,2호선,민락,장산(해운대백병원),2,1
부산교통공사,3호선,수영,대저,부산교통공사,2호선,민락,장산(해운대백병원),2,2
부산교통공사,3호선,수영,대저,부산교통공사,2호선,민락,장산(해운대백병원),2,3
부산교통공사,3호선,수영,대저,부산교통공사,2호선,민락,장산(해운대백병원),2,4
부산교통공사,3호선,수영,대저,부산교통공사,2호선,민락,장산(해운대백병원),3,1
부산교통공사,3호선,수영,대저,부산교통공사,2호선,민락,장산(해운대백병원),3,2
부산교통공사,3호선,수영,대저,부산교통공사,2호선,민락,장산(해운대백병원),3,3
부산교통공사,3호선,수영,대저,부산교통공사,2호선,민락,장산(해운대백병원),3,4
부산교통공사,3호선,수영,대저,부산교통공사,2호선,민락,장산(해운대백병원),4,1
부산교통공사,3호선,수영,대저,부산교통공사,2호선,민락,장산(해운대백병원),4,2
부산교통공사,3호선,수영,대저,부산교통공사,2호선,민락,장산(해운대백병원),4,3
부산교통공사,3호선,수영,대저,부산교통공사,2호선,민락,장산(해운대백병원),4,4
부산교통공사,3호선,수영,수영,부산교통공사,2호선,민락,장산(해운대백병원),1,1
부산교통공사,3호선,수영,수영,부산교통공사,2호선,민락,장산(해운대백병원),1,2
부산교통공사,3호선,수영,수영,부산교통공사,2호선,민락,장산(해운대백병원),1,3
부산교통공사,3호선,수영,수영,부산교통공사,2호선,민락,장산(해운대백병원),1,4
부산교통공사,3호선,수영,수영,부산교통공사,2호선,민락,장산(해운대백병원),2,1
부산교통공사,3호선,수영,수영,부산교통공사,2호선,민락,장산(해운대백병원),2,2
부산교통공사,3호선,수영,수영,부산교통공사,2호선,민락,장산(해운대백병원),2,3
부산교통공사,3호선,수영,수영,부산교통공사,2호선,민락,장산(해운대백병원),2,4
부산교통공사,3호선,수영,수영,부산교통공사,2호선,민락,장산(해운대백병원),3,1
부산교통공사,3호선,수영,수영,부산교통공사,2호선,민락,장산(해운대백병원),3,2
부산교통공사,3호선,수영,수영,부산교통공사,2호선,민락,장산(해운대백병원),3,3
부산교통공사,3호선,수영,수영,부산교통공사,2호선,민락,장산(해운대백병원),3,4
부산교통공사,3호선,연산,대저,부산교통공사,1호선,교대,노포(종합버스터미널),1,1
부산교통공사,3호선,연산,수영,부산교통공사,1호선,교대,노포(종합버스터미널),4,4
부산교통공사,3호선,연산,대저,부산교통공사,1호선,시청(연제),신평,4,4
부산교통공사,3호선,연산,수영,부산교통공사,1호선,시청(연제),신평,2,1
부산교통공사,4호선,동래,안평(고촌주택단지),부산교통공사,1호선,교대,신평,1,1
부산교통공사,4호선,동래,미남,부산교통공사,1호선,교대,신평,6,2
부산교통공사,4호선,동래,안평(고촌주택단지),부산교통공사,1호선,명륜,노포(종합버스터미널),1,1
부산교통공사,4호선,동래,미남,부산교통공사,1호선,명륜,노포(종합버스터미널),6,2
부산교통공사,4호선,미남,미남,부산교통공사,3호선,만덕,대저,5,1
부산교통공사,4호선,미남,안평(고촌주택단지),부산교통공사,3호선,만덕,대저,6,4
부산교통공사,4호선,미남,안평(고촌주택단지),부산교통공사,3호선,만덕,대저,6,3
부산교통공사,4호선,미남,안평(고촌주택단지),부산교통공사,3호선,만덕,대저,6,2
부산교통공사,4호선,미남,안평(고촌주택단지),부산교통공사,3호선,만덕,대저,6,1
부산교통공사,4호선,미남,안평(고촌주택단지),부산교통공사,3호선,만덕,대저,5,4
부산교통공사,4호선,미남,안평(고촌주택단지),부산교통공사,3호선,만덕,대저,5,3
부산교통공사,4호선,미남,안평(고촌주택단지),부산교통공사,3호선,만덕,대저,5,2
부산교통공사,4호선,미남,안평(고촌주택단지),부산교통공사,3호선,만덕,대저,5,1
부산교통공사,4호선,미남,안평(고촌주택단지),부산교통공사,3호선,만덕,대저,4,4
부산교통공사,4호선,미남,안평(고촌주택단지),부산교통공사,3호선,만덕,대저,4,3
부산교통공사,4호선,미남,안평(고촌주택단지),부산교통공사,3호선,만덕,대저,4,2
부산교통공사,4호선,미남,안평(고촌주택단지),부산교통공사,3호선,만덕,대저,4,1
부산교통공사,4호선,미남,안평(고촌주택단지),부산교통공사,3호선,만덕,대저,3,4
부산교통공사,4호선,미남,안평(고촌주택단지),부산교통공사,3호선,만덕,대저,3,3
부산교통공사,4호선,미남,안평(고촌주택단지),부산교통공사,3호선,만덕,대저,3,2
부산교통공사,4호선,미남,안평(고촌주택단지),부산교통공사,3호선,만덕,대저,3,1
부산교통공사,4호선,미남,안평(고촌주택단지),부산교통공사,3호선,만덕,대저,2,4
부산교통공사,4호선,미남,안평(고촌주택단지),부산교통공사,3호선,만덕,대저,2,3
부산교통공사,4호선,미남,안평(고촌주택단지),부산교통공사,3호선,만덕,대저,2,2
부산교통공사,4호선,미남,안평(고촌주택단지),부산교통공사,3호선,만덕,대저,2,1
부산교통공사,4호선,미남,안평(고촌주택단지),부산교통공사,3호선,만덕,대저,1,4
부산교통공사,4호선,미남,안평(고촌주택단지),부산교통공사,3호선,만덕,대저,1,3
부산교통공사,4호선,미남,안평(고촌주택단지),부산교통공사,3호선,만덕,대저,1,2
부산교통공사,4호선,미남,안평(고촌주택단지),부산교통공사,3호선,만덕,대저,1,1
부산교통공사,4호선,미남,안평(고촌주택단지),부산교통공사,3호선,사직,수영,1,3
부산교통공사,4호선,미남,안평(고촌주택단지),부산교통공사,3호선,사직,수영,2,3
부산교통공사,4호선,미남,안평(고촌주택단지),부산교통공사,3호선,사직,수영,2,1
부산교통공사,4호선,미남,안평(고촌주택단지),부산교통공사,3호선,사직,수영,2,2
부산교통공사,4호선,미남,미남,부산교통공사,3호선,사직,수영,5,1
부산교통공사,4호선,미남,안평(고촌주택단지),부산교통공사,3호선,사직,수영,1,1
부산교통공사,4호선,미남,안평(고촌주택단지),부산교통공사,3호선,사직,수영,1,2
부산교통공사,4호선,미남,안평(고촌주택단지),부산교통공사,3호선,사직,수영,6,4
부산교통공사,4호선,미남,안평(고촌주택단지),부산교통공사,3호선,사직,수영,6,3
부산교통공사,4호선,미남,안평(고촌주택단지),부산교통공사,3호선,사직,수영,6,2
부산교통공사,4호선,미남,안평(고촌주택단지),부산교통공사,3호선,사직,수영,6,1
부산교통공사,4호선,미남,안평(고촌주택단지),부산교통공사,3호선,사직,수영,5,4
부산교통공사,4호선,미남,안평(고촌주택단지),부산교통공사,3호선,사직,수영,5,3
부산교통공사,4호선,미남,안평(고촌주택단지),부산교통공사,3호선,사직,수영,5,2
부산교통공사,4호선,미남,안평(고촌주택단지),부산교통공사,3호선,사직,수영,5,1
부산교통공사,4호선,미남,안평(고촌주택단지),부산교통공사,3호선,사직,수영,4,4
부산교통공사,4호선,미남,안평(고촌주택단지),부산교통공사,3호선,사직,수영,4,3
부산교통공사,4호선,미남,안평(고촌주택단지),부산교통공사,3호선,사직,수영,4,2
부산교통공사,4호선,미남,안평(고촌주택단지),부산교통공사,3호선,사직,수영,4,1
부산교통공사,4호선,미남,안평(고촌주택단지),부산교통공사,3호선,사직,수영,3,4
부산교통공사,4호선,미남,안평(고촌주택단지),부산교통공사,3호선,사직,수영,3,3
부산교통공사,4호선,미남,안평(고촌주택단지),부산교통공사,3호선,사직,수영,3,2
부산교통공사,4호선,미남,안평(고촌주택단지),부산교통공사,3호선,사직,수영,3,1
부산교통공사,4호선,미남,안평(고촌주택단지),부산교통공사,3호선,사직,수영,2,4
부산교통공사,4호선,미남,안평(고촌주택단지),부산교통공사,3호선,사직,수영,1,4
대구교통공사,1호선,명덕(2.28민주운동기념회관),안심(혁신도시.첨복단지),대구교통공사,3호선,건들바위,용지,6,4
대구교통공사,1호선,명덕(2.28민주운동기념회관),대곡(정부대구청사),대구교통공사,3호선,건들바위,용지,1,1
대구교통공사,1호선,명덕(2.28민주운동기념회관),안심(혁신도시.첨복단지),대구교통공사,3호선,남산,칠곡경대병원,6,4
대구교통공사,1호선,명덕(2.28민주운동기념회관),대곡(정부대구청사),대구교통공사,3호선,남산,칠곡경대병원,1,1
대구교통공사,1호선,반월당,안심(혁신도시.첨복단지),대구교통공사,2호선,경대병원,영남대,6,4
대구교통공사,1호선,반월당,대곡(정부대구청사),대구교통공사,2호선,경대병원,영남대,1,1
대구교통공사,1호선,반월당,안심(혁신도시.첨복단지),대구교통공사,2호선,청라언덕,문양,6,4
대구교통공사,1호선,반월당,대곡(정부대구청사),대구교통공사,2호선,청라언덕,문양,1,1
대구교통공사,2호선,반월당,영남대,대구교통공사,1호선,명덕(2.28민주운동기념회관),대곡(정부대구청사),6,4
대구교통공사,2호선,반월당,문양,대구교통공사,1호선,명덕(2.28민주운동기념회관),대곡(정부대구청사),2,4
대구교통공사,2호선,반월당,문양,대구교통공사,1호선,중앙로,안심(혁신도시.첨복단지),6,4
대구교통공사,2호선,반월당,영남대,대구교통공사,1호선,중앙로,안심(혁신도시.첨복단지),2,4
대구교통공사,2호선,청라언덕,영남대,대구교통공사,3호선,남산,용지,6,4
대구교통공사,2호선,청라언덕,문양,대구교통공사,3호선,남산,용지,2,4
대구교통공사,2호선,청라언덕,문양,대구교통공사,3호선,서문시장(동산병원),칠곡경대병원,2,4
대구교통공사,2호선,청라언덕,영남대,대구교통공사,3호선,서문시장(동산병원),칠곡경대병원,6,4
대구교통공사,3호선,명덕(2.28민주운동기념회관),칠곡경대병원,대구교통공사,1호선,교대,대곡(정부대구청사),1,1
대구교통공사,3호선,명덕(2.28민주운동기념회관),칠곡경대병원,대구교통공사,1호선,교대,대곡(정부대구청사),3,2
대구교통공사,3호선,명덕(2.28민주운동기념회관),용지,대구교통공사,1호선,반월당,안심(혁신도시.첨복단지),1,1
대구교통공사,3호선,명덕(2.28민주운동기념회관),용지,대구교통공사,1호선,반월당,안심(혁신도시.첨복단지),3,2
대구교통공사,3호선,청라언덕,칠곡경대병원,대구교통공사,2호선,반고개,문양,1,1
대구교통공사,3호선,청라언덕,칠곡경대병원,대구교통공사,2호선,반고개,문양,3,2
대구교통공사,3호선,청라언덕,용지,대구교통공사,2호선,반월당,영남대,3,2
대구교통공사,3호선,청라언덕,용지,대구교통공사,2호선,반월당,영남대,1,1
네오트랜스주식회사,신분당선,강남,강남,서울교통공사,2호선,교대(법원.검찰청),충정로(경기대입구),1,1
네오트랜스주식회사,신분당선,강남,강남,서울교통공사,2호선,역삼,시청,1,1
네오트랜스주식회사,신분당선,양재(서초구청),정자,서울교통공사,3호선,남부터미널(예술의전당),구파발,6,4
네오트랜스주식회사,신분당선,양재(서초구청),강남,서울교통공사,3호선,남부터미널(예술의전당),구파발,1,1
네오트랜스주식회사,신분당선,양재(서초구청),강남,서울교통공사,3호선,도곡,오금,1,1
네오트랜스주식회사,신분당선,양재(서초구청),정자,서울교통공사,3호선,도곡,오금,6,4
네오트랜스주식회사,신분당선,정자,강남,코레일,수인분당,미금(분당서울대병원),왕십리,2,4
네오트랜스주식회사,신분당선,정자,광교(경기대),코레일,수인분당,미금(분당서울대병원),왕십리,5,1
네오트랜스주식회사,신분당선,정자,광교(경기대),코레일,수인분당,수내(한국잡월드),수원,5,1
네오트랜스주식회사,신분당선,정자,강남,코레일,수인분당,수내(한국잡월드),수원,2,4
네오트랜스주식회사,신분당선,판교(판교테크노밸리),강남,코레일,경강,이매,여주,4,3
네오트랜스주식회사,신분당선,판교(판교테크노밸리),광교(경기대),코레일,경강,이매,여주,3,1
용인경량전철주식회사,용인에버라인,기흥(백남준아트센터),기흥(백남준아트센터),코레일,수인분당,상갈(루터대학교),수원,,
용인경량전철주식회사,용인에버라인,기흥(백남준아트센터),기흥(백남준아트센터),코레일,수인분당,신갈,왕십리,,
인천국제공항공사,자기부상,인천공항1터미널,,공항철도주식회사,공항철도,인천공항1터미널,서울역,,
인천교통공사,7호선,부평구청,부평구청,인천교통공사,인천1호선,갈산,계양,5,1
인천교통공사,7호선,부평구청,부평구청,인천교통공사,인천1호선,부평시장,국제업무지구,2,1
인천교통공사,인천1호선,계양,계양,공항철도주식회사,공항철도,검암,인천공항1터미널,3,3
인천교통공사,인천1호선,계양,계양,공항철도주식회사,공항철도,김포공항,서울역,3,3
인천교통공사,인천1호선,부평,계양,코레일,1호선,백운,신창(순천향대),5,1
인천교통공사,인천1호선,부평,국제업무지구,코레일,1호선,백운,신창(순천향대),4,4
인천교통공사,인천1호선,부평,계양,코레일,1호선,부개,소요산,5,1
인천교통공사,인천1호선,부평,국제업무지구,코레일,1호선,부개,소요산,4,4
인천교통공사,인천1호선,부평구청,계양,서울교통공사,7호선,,장암,8,4
인천교통공사,인천1호선,부평구청,국제업무지구,서울교통공사,7호선,,장암,1,1
인천교통공사,인천1호선,원인재,국제업무지구,코레일,수인분당,남동인더스파크,오이도,7,2
인천교통공사,인천1호선,원인재,계양,코레일,수인분당,남동인더스파크,오이도,2,3
인천교통공사,인천1호선,원인재,국제업무지구,코레일,수인분당,연수,송도,7,2
인천교통공사,인천1호선,원인재,계양,코레일,수인분당,연수,송도,2,3
인천교통공사,인천1호선,인천시청,국제업무지구,인천교통공사,인천2호선,석바위시장,,1,1
인천교통공사,인천1호선,인천시청,계양,인천교통공사,인천2호선,석바위시장,,8,4
인천교통공사,인천1호선,인천시청,계양,인천교통공사,인천2호선,석천사거리,,8,4
인천교통공사,인천1호선,인천시청,국제업무지구,인천교통공사,인천2호선,석천사거리,,1,1
인천교통공사,인천2호선,검암,운연,공항철도주식회사,공항철도,계양,서울역,2,2
인천교통공사,인천2호선,검암,검단오류,공항철도주식회사,공항철도,계양,서울역,6,4
인천교통공사,인천2호선,검암,운연,공항철도주식회사,공항철도,청라국제도시,인천공항1터미널,2,2
인천교통공사,인천2호선,검암,검단오류,공항철도주식회사,공항철도,청라국제도시,인천공항1터미널,6,4
인천교통공사,인천2호선,인천시청,검단오류,인천교통공사,인천1호선,간석오거리,계양,2,3
인천교통공사,인천2호선,인천시청,운연,인천교통공사,인천1호선,간석오거리,국제업무지구,1,1
인천교통공사,인천2호선,인천시청,운연,인천교통공사,인천1호선,예술회관,국제업무지구,1,1
인천교통공사,인천2호선,인천시청,검단오류,인천교통공사,인천1호선,예술회관,계양,2,3
인천교통공사,인천2호선,주안,검단오류,코레일,1호선,간석,소요산,2,3
인천교통공사,인천2호선,주안,운연,코레일,1호선,간석,소요산,1,1
인천교통공사,인천2호선,주안,검단오류,코레일,1호선,도화,인천,2,3
인천교통공사,인천2호선,주안,운연,코레일,1호선,도화,인천,1,1
코레일,1호선,가산디지털단지,신창(순천향대),서울교통공사,7호선,남구로,장암,1,2
코레일,1호선,가산디지털단지,소요산,서울교통공사,7호선,남구로,장암,10,3
코레일,1호선,가산디지털단지,신창(순천향대),서울교통공사,7호선,철산,,1,2
코레일,1호선,가산디지털단지,소요산,서울교통공사,7호선,철산,,10,3
코레일,1호선,광운대,소요산,코레일,경춘,상봉,청량리,7,2
코레일,1호선,광운대,신창(순천향대),코레일,경춘,상봉,춘천(한림대),7,2
코레일,1호선,금정,소요산,서울교통공사,4호선,,남태령,,
코레일,1호선,금정,소요산,서울교통공사,4호선,,불암산(당고개),9,2
코레일,1호선,금정,신창(순천향대),서울교통공사,4호선,,남태령,,
코레일,1호선,금정,신창(순천향대),서울교통공사,4호선,,불암산(당고개),9,2
코레일,1호선,노량진,소요산,서울시메트로9호선주식회사,9호선,,,1,1
코레일,1호선,노량진,인천,서울시메트로9호선주식회사,9호선,,,10,4
코레일,1호선,노량진,인천,서울시메트로9호선주식회사,9호선,,,10,4
코레일,1호선,노량진,소요산,서울시메트로9호선주식회사,9호선,,,1,1
코레일,1호선,도봉산,인천,서울교통공사,7호선,수락산,,9,3
코레일,1호선,도봉산,소요산,서울교통공사,7호선,수락산,,2,1
코레일,1호선,도봉산,인천,서울교통공사,7호선,장암,장암,9,3
코레일,1호선,도봉산,소요산,서울교통공사,7호선,장암,장암,2,1
코레일,1호선,부평,신창(순천향대),인천교통공사,인천1호선,동수,국제업무지구,5,4
코레일,1호선,부평,소요산,인천교통공사,인천1호선,동수,국제업무지구,5,4
코레일,1호선,부평,신창(순천향대),인천교통공사,인천1호선,부평시장,계양,5,4
코레일,1호선,부평,소요산,인천교통공사,인천1호선,부평시장,계양,5,4
코레일,1호선,석계,소요산,서울교통공사,6호선,돌곶이,응암,10,4
코레일,1호선,석계,인천,서울교통공사,6호선,돌곶이,응암,1,1
코레일,1호선,석계,소요산,서울교통공사,6호선,태릉입구,봉화산(서울의료원),10,4
코레일,1호선,석계,인천,서울교통공사,6호선,태릉입구,봉화산(서울의료원),1,1
코레일,1호선,수원,신창(순천향대),코레일,수인분당,매교,왕십리,1,4
코레일,1호선,수원,,코레일,수인분당,매교,왕십리,5,2
코레일,1호선,신길,소요산,서울교통공사,5호선,여의도,마천,9,1
코레일,1호선,신길,인천,서울교통공사,5호선,여의도,마천,2,4
코레일,1호선,신길,소요산,서울교통공사,5호선,영등포시장,방화,9,1
코레일,1호선,신길,인천,서울교통공사,5호선,영등포시장,방화,2,4
코레일,1호선,신도림,신창(순천향대),서울교통공사,2호선,대림(구로구청),시청,6,2
코레일,1호선,신도림,소요산,서울교통공사,2호선,대림(구로구청),시청,5,1
코레일,1호선,신도림,소요산,서울교통공사,2호선,도림천,,5,1
코레일,1호선,신도림,신창(순천향대),서울교통공사,2호선,도림천,,6,2
코레일,1호선,신도림,신창(순천향대),서울교통공사,2호선,문래,충정로(경기대입구),6,2
코레일,1호선,신도림,소요산,서울교통공사,2호선,문래,충정로(경기대입구),5,1
코레일,1호선,온수,소요산,서울교통공사,7호선,,,10,4
코레일,1호선,온수,인천,서울교통공사,7호선,,,1,1
코레일,1호선,온수,인천,서울교통공사,7호선,천왕,장암,1,1
코레일,1호선,온수,소요산,서울교통공사,7호선,천왕,장암,10,4
코레일,1호선,용산,소요산,코레일,경의중앙,이촌,용산,10,2
코레일,1호선,용산,신창(순천향대),코레일,경의중앙,이촌,용산,1,1
코레일,1호선,용산,신창(순천향대),코레일,경의중앙,효창공원앞,문산,1,1
코레일,1호선,용산,소요산,코레일,경의중앙,효창공원앞,문산,10,2
코레일,1호선,인천,인천,코레일,수인분당,신포,오이도,,
코레일,1호선,주안,소요산,인천교통공사,인천2호선,시민공원,,9,4
코레일,1호선,주안,인천,인천교통공사,인천2호선,시민공원,,1,4
코레일,1호선,주안,인천,인천교통공사,인천2호선,주안국가산단,,1,4
코레일,1호선,주안,소요산,인천교통공사,인천2호선,주안국가산단,,9,4
코레일,1호선,창동,소요산,서울교통공사,4호선,노원,불암산(당고개),1,4
코레일,1호선,창동,인천,서울교통공사,4호선,노원,불암산(당고개),10,3
코레일,1호선,창동,인천,서울교통공사,4호선,쌍문,남태령,10,3
코레일,1호선,창동,소요산,서울교통공사,4호선,쌍문,남태령,1,4
코레일,1호선,회기,소요산,코레일,경의중앙,중랑,문산,7,2
코레일,1호선,회기,인천,코레일,경의중앙,중랑,문산,4,3
코레일,1호선,회기,인천,코레일,경의중앙,청량리,용산,4,3
코레일,1호선,회기,소요산,코레일,경의중앙,청량리,용산,7,2
코레일,1호선,회룡,신창(순천향대),의정부경량전철주식회사,의정부경전철,발곡,발곡,9,3
코레일,1호선,회룡,소요산,의정부경량전철주식회사,의정부경전철,발곡,발곡,2,2
코레일,1호선,회룡,신창(순천향대),의정부경량전철주식회사,의정부경전철,범골,탑석,2,2
코레일,1호선,회룡,소요산,의정부경량전철주식회사,의정부경전철,범골,탑석,2,2
코레일,3호선,대곡,대화,코레일,경의중앙,곡산,문산,7,4
코레일,3호선,대곡,,코레일,경의중앙,곡산,문산,7,4
코레일,3호선,대곡,,코레일,경의중앙,능곡,용산,7,4
코레일,3호선,대곡,대화,코레일,경의중앙,능곡,용산,7,4
코레일,4호선,금정,오이도,코레일,1호선,군포,신창(순천향대),,
코레일,4호선,금정,,코레일,1호선,군포,신창(순천향대),2,3
코레일,4호선,금정,,코레일,1호선,명학,소요산,,
코레일,4호선,금정,오이도,코레일,1호선,명학,소요산,7,1
코레일,4호선,오이도,오이도,코레일,수인분당,월곶,송도,8,4
코레일,수인분당,강남구청,왕십리,서울교통공사,7호선,청담,장암,3,1
코레일,수인분당,강남구청,수원,서울교통공사,7호선,청담,장암,5,3
코레일,수인분당,강남구청,수원,서울교통공사,7호선,학동,,5,3
코레일,수인분당,강남구청,왕십리,서울교통공사,7호선,학동,,3,1
코레일,수인분당,기흥(백남준아트센터),왕십리,용인경량전철주식회사,용인에버라인,강남대,전대.에버랜드,1,3
코레일,수인분당,기흥(백남준아트센터),수원,용인경량전철주식회사,용인에버라인,강남대,전대.에버랜드,1,3
코레일,수인분당,도곡,수원,서울교통공사,3호선,대치,오금,4,3
코레일,수인분당,도곡,왕십리,서울교통공사,3호선,대치,오금,6,4
코레일,수인분당,도곡,수원,서울교통공사,3호선,매봉,,6,2
코레일,수인분당,도곡,왕십리,서울교통공사,3호선,매봉,,5,1
코레일,수인분당,모란,왕십리,서울교통공사,8호선,수진,암사,1,1
코레일,수인분당,모란,수원,서울교통공사,8호선,수진,암사,6,4
코레일,수인분당,복정(동서울대학),수원,서울교통공사,8호선,산성,모란,3,3
코레일,수인분당,복정(동서울대학),왕십리,서울교통공사,8호선,산성,모란,6,2
코레일,수인분당,복정(동서울대학),수원,서울교통공사,8호선,장지,암사,3,3
코레일,수인분당,복정(동서울대학),왕십리,서울교통공사,8호선,장지,암사,6,2
코레일,수인분당,선릉,수원,서울교통공사,2호선,삼성(무역센터),시청,1,2
코레일,수인분당,선릉,왕십리,서울교통공사,2호선,삼성(무역센터),시청,6,3
코레일,수인분당,선릉,왕십리,서울교통공사,2호선,역삼,충정로(경기대입구),5,1
코레일,수인분당,선릉,수원,서울교통공사,2호선,역삼,충정로(경기대입구),2,4
코레일,수인분당,선정릉(한국과학창의재단),왕십리,서울시메트로9호선주식회사,9호선,삼성중앙,종합운동장,6,4
코레일,수인분당,선정릉(한국과학창의재단),수원,서울시메트로9호선주식회사,9호선,삼성중앙,종합운동장,2,4
코레일,수인분당,선정릉(한국과학창의재단),왕십리,서울시메트로9호선주식회사,9호선,언주,개화,6,4
코레일,수인분당,선정릉(한국과학창의재단),수원,서울시메트로9호선주식회사,9호선,언주,개화,2,4
코레일,수인분당,수서,왕십리,서울교통공사,3호선,가락시장,오금,6,4
코레일,수인분당,수서,수원,서울교통공사,3호선,가락시장,오금,1,1
코레일,수인분당,수서,왕십리,서울교통공사,3호선,일원,,6,4
코레일,수인분당,수서,수원,서울교통공사,3호선,일원,,1,1
코레일,수인분당,수원,수원,코레일,1호선,세류,신창(순천향대),5,2
코레일,수인분당,수원,수원,코레일,1호선,화서,소요산,5,2
코레일,수인분당,오이도,오이도,서울교통공사,4호선,,불암산(당고개),5,4
코레일,수인분당,왕십리,왕십리,서울교통공사,2호선,상왕십리,시청,1,1
코레일,수인분당,왕십리,왕십리,서울교통공사,2호선,한양대,충정로(경기대입구),1,1
코레일,수인분당,왕십리,왕십리,서울교통공사,5호선,마장,마천,1,1
코레일,수인분당,왕십리,왕십리,서울교통공사,5호선,행당,방화,1,1
코레일,수인분당,왕십리,왕십리,코레일,경의중앙,응봉,용산,3,4
코레일,수인분당,왕십리,왕십리,코레일,경의중앙,청량리,문산,3,4
코레일,수인분당,원인재,오이도,인천교통공사,인천1호선,동춘,국제업무지구,2,2
코레일,수인분당,원인재,인천,인천교통공사,인천1호선,동춘,국제업무지구,2,2
코레일,수인분당,원인재,인천,인천교통공사,인천1호선,신연수,계양,2,2
코레일,수인분당,원인재,오이도,인천교통공사,인천1호선,신연수,계양,2,2
코레일,수인분당,이매(성남아트센터),수원,코레일,경강,삼동,여주,1,1
코레일,수인분당,이매(성남아트센터),왕십리,코레일,경강,삼동,판교(판교테크노밸리),6,4
코레일,수인분당,이매(성남아트센터),수원,코레일,경강,판교(판교테크노밸리),여주,1,1
코레일,수인분당,이매(성남아트센터),왕십리,코레일,경강,판교(판교테크노밸리),판교(판교테크노밸리),6,4
코레일,수인분당,인천,인천,코레일,1호선,동인천,소요산,,
코레일,수인분당,정자,수원,네오트랜스주식회사,신분당선,동천,광교(경기대),1,2
코레일,수인분당,정자,수원,네오트랜스주식회사,신분당선,동천,광교(경기대),6,4
코레일,수인분당,정자,왕십리,네오트랜스주식회사,신분당선,,강남,6,4
코레일,수인분당,정자,왕십리,네오트랜스주식회사,신분당선,,강남,1,2
코레일,경춘,광운대,광운대,코레일,1호선,석계,신창(순천향대),3,3
코레일,경춘,광운대,광운대,코레일,1호선,월계,소요산,3,3
코레일,경춘,망우,,코레일,경의중앙,상봉,문산,3,4
코레일,경춘,망우,춘천(한림대),코레일,경의중앙,양원(서울시북부병원),용문,6,1
코레일,경춘,망우,,코레일,경의중앙,양원(서울시북부병원),용문,3,4
코레일,경춘,상봉,춘천(한림대),서울교통공사,7호선,면목,,1,1
코레일,경춘,상봉,광운대,서울교통공사,7호선,면목,,4,2
코레일,경춘,상봉,춘천(한림대),서울교통공사,7호선,중화,장암,1,1
코레일,경춘,상봉,광운대,서울교통공사,7호선,중화,장암,4,2
코레일,경춘,상봉,광운대,코레일,경의중앙,중랑,용문,5,1
코레일,경춘,상봉,춘천(한림대),코레일,경의중앙,중랑,용문,7,4
코레일,경춘,청량리,청량리,서울교통공사,1호선,제기동,,3,3
코레일,경춘,청량리,청량리,서울교통공사,1호선,,,3,3
코레일,경의중앙,공덕,용산,서울교통공사,5호선,마포,방화,8,4
코레일,경의중앙,공덕,문산,서울교통공사,5호선,마포,방화,6,4
코레일,경의중앙,공덕,문산,서울교통공사,5호선,애오개,강동,6,4
코레일,경의중앙,공덕,용산,서울교통공사,5호선,애오개,강동,8,4
코레일,경의중앙,공덕,용산,서울교통공사,6호선,대흥(서강대앞),응암,8,4
코레일,경의중앙,공덕,문산,서울교통공사,6호선,대흥(서강대앞),응암,2,3
코레일,경의중앙,공덕,용산,서울교통공사,6호선,효창공원앞,봉화산(서울의료원),8,3
코레일,경의중앙,공덕,문산,서울교통공사,6호선,효창공원앞,봉화산(서울의료원),2,3
코레일,경의중앙,대곡,용산,서울교통공사,3호선,,,5,3
코레일,경의중앙,대곡,문산,서울교통공사,3호선,,오금,4,2
코레일,경의중앙,대곡,문산,서울교통공사,3호선,,,4,2
코레일,경의중앙,대곡,용산,서울교통공사,3호선,,오금,5,3
코레일,경의중앙,디지털미디어시티,용산,서울교통공사,6호선,월드컵경기장(성산),봉화산(서울의료원),1,1
코레일,경의중앙,디지털미디어시티,문산,서울교통공사,6호선,월드컵경기장(성산),봉화산(서울의료원),8,4
코레일,경의중앙,디지털미디어시티,문산,서울교통공사,6호선,증산(명지대앞),응암,8,4
코레일,경의중앙,디지털미디어시티,용산,서울교통공사,6호선,증산(명지대앞),응암,1,1
코레일,경의중앙,디지털미디어시티,문산,공항철도주식회사,공항철도,김포공항,인천공항1터미널,8,4
코레일,경의중앙,디지털미디어시티,용산,공항철도주식회사,공항철도,김포공항,인천공항1터미널,8,4
코레일,경의중앙,망우,문산,코레일,경춘,상봉,광운대,6,2
코레일,경의중앙,망우,용산,코레일,경춘,상봉,광운대,3,3
코레일,경의중앙,망우,문산,코레일,경춘,신내,춘천(한림대),6,2
코레일,경의중앙,망우,용산,코레일,경춘,신내,춘천(한림대),5,1
코레일,경의중앙,상봉,용산,서울교통공사,7호선,면목,,4,2
코레일,경의중앙,상봉,문산,서울교통공사,7호선,면목,,6,2
코레일,경의중앙,상봉,문산,서울교통공사,7호선,중화,장암,6,2
코레일,경의중앙,상봉,용산,서울교통공사,7호선,중화,장암,4,2
코레일,경의중앙,상봉,문산,코레일,경춘,광운대,광운대,6,2
코레일,경의중앙,상봉,용산,코레일,경춘,광운대,광운대,3,3
코레일,경의중앙,상봉,용산,코레일,경춘,망우,춘천(한림대),5,1
코레일,경의중앙,상봉,문산,코레일,경춘,망우,춘천(한림대),6,2
코레일,경의중앙,서강대,서울역,코레일,1호선,남영,인천,1,1
코레일,경의중앙,서강대,서울역,코레일,1호선,,소요산,1,1
코레일,경의중앙,서강대,서울역,서울교통공사,4호선,숙대입구(갈월),남태령,1,1
코레일,경의중앙,서강대,서울역,서울교통공사,4호선,회현(남대문시장),불암산(당고개),1,1
코레일,경의중앙,서강대,서울역,공항철도주식회사,공항철도,홍대입구,인천공항1터미널,1,1
코레일,경의중앙,옥수,용산,서울교통공사,3호선,금호,,4,4
코레일,경의중앙,옥수,문산,서울교통공사,3호선,금호,,2,4
코레일,경의중앙,옥수,용산,서울교통공사,3호선,압구정,오금,4,4
코레일,경의중앙,옥수,문산,서울교통공사,3호선,압구정,오금,2,4
코레일,경의중앙,왕십리,문산,서울교통공사,2호선,상왕십리,시청,5,1
코레일,경의중앙,왕십리,용산,서울교통공사,2호선,상왕십리,시청,6,4
코레일,경의중앙,왕십리,문산,서울교통공사,2호선,한양대,충정로(경기대입구),2,4
코레일,경의중앙,왕십리,용산,서울교통공사,2호선,한양대,충정로(경기대입구),6,4
코레일,경의중앙,왕십리,문산,서울교통공사,5호선,마장,강동,6,4
코레일,경의중앙,왕십리,용산,서울교통공사,5호선,마장,강동,1,3
코레일,경의중앙,왕십리,문산,서울교통공사,5호선,행당,방화,6,4
코레일,경의중앙,왕십리,용산,서울교통공사,5호선,행당,방화,1,3
코레일,경의중앙,왕십리,용산,코레일,수인분당,서울숲,왕십리,5,4
코레일,경의중앙,왕십리,문산,코레일,수인분당,서울숲,수원,4,1
코레일,경의중앙,용산,용산,코레일,1호선,남영,소요산,1,2
코레일,경의중앙,용산,문산,코레일,1호선,남영,소요산,8,4
코레일,경의중앙,용산,용산,코레일,1호선,노량진,신창(순천향대),1,2
코레일,경의중앙,용산,문산,코레일,1호선,노량진,신창(순천향대),8,4
코레일,경의중앙,이촌,문산,서울교통공사,4호선,동작(현충원),,4,2
코레일,경의중앙,이촌,용산,서울교통공사,4호선,동작(현충원),,5,2
코레일,경의중앙,이촌,문산,서울교통공사,4호선,신용산,불암산(당고개),4,2
코레일,경의중앙,이촌,용산,서울교통공사,4호선,신용산,불암산(당고개),5,2
코레일,경의중앙,청량리,용산,코레일,1호선,회기,소요산,3,3
코레일,경의중앙,청량리,문산,코레일,1호선,회기,소요산,6,2
코레일,경의중앙,청량리,문산,코레일,1호선,,신창(순천향대),6,4
코레일,경의중앙,청량리,용산,코레일,1호선,,신창(순천향대),3,3
코레일,경의중앙,홍대입구,용산,서울교통공사,2호선,신촌,충정로(경기대입구),8,4
코레일,경의중앙,홍대입구,문산,서울교통공사,2호선,신촌,충정로(경기대입구),5,1
코레일,경의중앙,홍대입구,문산,서울교통공사,2호선,합정,시청,5,1
코레일,경의중앙,홍대입구,용산,서울교통공사,2호선,합정,시청,8,4
코레일,경의중앙,홍대입구,문산,공항철도주식회사,공항철도,김포공항,인천공항1터미널,1,1
코레일,경의중앙,홍대입구,용산,공항철도주식회사,공항철도,김포공항,인천공항1터미널,8,4
코레일,경의중앙,회기,문산,코레일,1호선,외대앞,소요산,6,2
코레일,경의중앙,회기,용산,코레일,1호선,외대앞,소요산,3,3
코레일,경의중앙,회기,용산,코레일,1호선,,신창(순천향대),3,3
코레일,경의중앙,회기,문산,코레일,1호선,,신창(순천향대),6,4
코레일,경의중앙,효창공원앞,문산,서울교통공사,6호선,공덕,응암,1,1
코레일,경의중앙,효창공원앞,용산,서울교통공사,6호선,공덕,응암,2,3
코레일,경의중앙,효창공원앞,문산,서울교통공사,6호선,삼각지,봉화산(서울의료원),8,3
코레일,경의중앙,효창공원앞,용산,서울교통공사,6호선,삼각지,봉화산(서울의료원),2,3
코레일,경강,이매,판교(판교테크노밸리),코레일,수인분당,서현,수원,4,4
코레일,경강,이매,여주,코레일,수인분당,서현,수원,1,1
코레일,경강,이매,판교(판교테크노밸리),코레일,수인분당,야탑,왕십리,2,3
코레일,경강,이매,여주,코레일,수인분당,야탑,왕십리,3,2
코레일,경강,판교(판교테크노밸리),여주,네오트랜스주식회사,신분당선,정자,광교(경기대),2,3
코레일,경강,판교(판교테크노밸리),여주,네오트랜스주식회사,신분당선,청계산입구,강남,3,2
코레일,동해,거제(법원.검찰청),부전,부산교통공사,3호선,연산,수영,2,2
코레일,동해,거제(법원.검찰청),일광,부산교통공사,3호선,연산,수영,2,2
코레일,동해,거제(법원.검찰청),일광,부산교통공사,3호선,종합운동장,대저,2,2
코레일,동해,거제(법원.검찰청),부전,부산교통공사,3호선,종합운동장,대저,2,2
코레일,동해,교대,일광,부산교통공사,1호선,동래,노포(종합버스터미널),1,1
코레일,동해,교대,부전,부산교통공사,1호선,동래,노포(종합버스터미널),4,4
코레일,동해,교대,부전,부산교통공사,1호선,연산,다대포해수욕장,4,4
코레일,동해,교대,일광,부산교통공사,1호선,연산,다대포해수욕장,1,1
코레일,동해,벡스코,일광,부산교통공사,2호선,동백,장산(해운대백병원),2,4
코레일,동해,벡스코,부전,부산교통공사,2호선,동백,장산(해운대백병원),3,2
코레일,동해,벡스코,일광,부산교통공사,2호선,센텀시티(BEXCO.신세계),양산(시청.동원과학기술대학교),2,4
코레일,동해,벡스코,부전,부산교통공사,2호선,센텀시티(BEXCO.신세계),양산(시청.동원과학기술대학교),3,2
서울교통공사,1호선,동대문,,서울교통공사,4호선,동대문역사문화공원,남태령,9,3
서울교통공사,1호선,동대문,,서울교통공사,4호선,동대문역사문화공원,남태령,1,3
서울교통공사,1호선,동대문,,서울교통공사,4호선,혜화,불암산(당고개),1,3
서울교통공사,1호선,동대문,,서울교통공사,4호선,혜화,불암산(당고개),9,3
서울교통공사,1호선,동묘앞,,서울교통공사,6호선,신당,응암,7,1
서울교통공사,1호선,동묘앞,,서울교통공사,6호선,신당,응암,2,3
서울교통공사,1호선,동묘앞,,서울교통공사,6호선,창신,봉화산(서울의료원),7,1
서울교통공사,1호선,동묘앞,,서울교통공사,6호선,창신,봉화산(서울의료원),2,3
서울교통공사,1호선,서울역,,서울교통공사,4호선,숙대입구(갈월),남태령,1,2
서울교통공사,1호선,서울역,,서울교통공사,4호선,숙대입구(갈월),남태령,10,4
서울교통공사,1호선,서울역,,서울교통공사,4호선,회현(남대문시장),불암산(당고개),1,2
서울교통공사,1호선,서울역,,서울교통공사,4호선,회현(남대문시장),불암산(당고개),10,4
서울교통공사,1호선,서울역,,공항철도주식회사,공항철도,공덕,인천공항1터미널,1,2
서울교통공사,1호선,서울역,,공항철도주식회사,공항철도,공덕,인천공항1터미널,10,4
서울교통공사,1호선,서울역,,코레일,경의중앙,신촌,문산,10,4
서울교통공사,1호선,서울역,,코레일,경의중앙,신촌,문산,1,2
서울교통공사,1호선,시청,,서울교통공사,2호선,을지로입구,충정로(경기대입구),1,1
서울교통공사,1호선,시청,,서울교통공사,2호선,을지로입구,충정로(경기대입구),10,4
서울교통공사,1호선,시청,,서울교통공사,2호선,충정로(경기대입구),충정로(경기대입구),10,4
서울교통공사,1호선,시청,,서울교통공사,2호선,충정로(경기대입구),충정로(경기대입구),1,1
서울교통공사,1호선,신설동,,서울교통공사,2호선,용두(동대문구청),,9,4
서울교통공사,1호선,신설동,,서울교통공사,2호선,용두(동대문구청),,2,1
서울교통공사,1호선,신설동,,우이신설경전철주식회사,우이신설,보문,북한산우이,10,1
서울교통공사,1호선,신설동,,우이신설경전철주식회사,우이신설,보문,북한산우이,2,1
서울교통공사,1호선,종로3가,,서울교통공사,3호선,안국,구파발,6,1
서울교통공사,1호선,종로3가,,서울교통공사,3호선,안국,구파발,6,1
서울교통공사,1호선,종로3가,,서울교통공사,3호선,을지로3가,오금,6,1
서울교통공사,1호선,종로3가,,서울교통공사,3호선,을지로3가,오금,6,1
서울교통공사,1호선,종로3가,,서울교통공사,5호선,광화문(세종문화회관),방화,6,1
서울교통공사,1호선,종로3가,,서울교통공사,5호선,광화문(세종문화회관),방화,6,1
서울교통공사,1호선,종로3가,,서울교통공사,5호선,을지로4가,마천,6,1
서울교통공사,1호선,종로3가,,서울교통공사,5호선,을지로4가,마천,6,1
서울교통공사,1호선,청량리(서울시립대입구),,코레일,경의중앙,왕십리,용산,1,1
서울교통공사,1호선,청량리(서울시립대입구),,코레일,경의중앙,왕십리,용산,10,4
서울교통공사,1호선,청량리(서울시립대입구),,코레일,경의중앙,회기,문산,1,1
서울교통공사,1호선,청량리(서울시립대입구),,코레일,경의중앙,회기,문산,10,4
서울교통공사,2호선,강남,선릉,네오트랜스주식회사,신분당선,양재(서초구청),광교(경기대),5,2
서울교통공사,2호선,강남,교대(법원.검찰청),네오트랜스주식회사,신분당선,양재(서초구청),광교(경기대),6,3
서울교통공사,2호선,건대입구,시청,서울교통공사,7호선,자양(뚝섬한강공원),,8,3
서울교통공사,2호선,건대입구,충정로(경기대입구),서울교통공사,7호선,자양(뚝섬한강공원),,3,2
서울교통공사,2호선,건대입구,충정로(경기대입구),서울교통공사,7호선,어린이대공원(세종대),장암,3,2
서울교통공사,2호선,건대입구,시청,서울교통공사,7호선,어린이대공원(세종대),장암,7,3
서울교통공사,2호선,교대(법원.검찰청),강남,서울교통공사,3호선,고속터미널,구파발,10,4
서울교통공사,2호선,교대(법원.검찰청),사당,서울교통공사,3호선,고속터미널,구파발,1,1
서울교통공사,2호선,교대(법원.검찰청),사당,서울교통공사,3호선,남부터미널(예술의전당),오금,1,1
서울교통공사,2호선,교대(법원.검찰청),강남,서울교통공사,3호선,남부터미널(예술의전당),오금,10,4
서울교통공사,2호선,까치산,까치산,서울교통공사,5호선,신정(은행정),마천,1,1
서울교통공사,2호선,까치산,까치산,서울교통공사,5호선,화곡,방화,1,1
서울교통공사,2호선,당산,합정,서울시메트로9호선주식회사,9호선,국회의사당,중앙보훈병원,3,4
서울교통공사,2호선,당산,영등포구청,서울시메트로9호선주식회사,9호선,국회의사당,중앙보훈병원,7,1
서울교통공사,2호선,당산,합정,서울시메트로9호선주식회사,9호선,선유도,개화,3,4
서울교통공사,2호선,당산,영등포구청,서울시메트로9호선주식회사,9호선,선유도,개화,7,1
서울교통공사,2호선,대림(구로구청),신도림,서울교통공사,7호선,남구로,,7,4
서울교통공사,2호선,대림(구로구청),사당,서울교통공사,7호선,남구로,,4,1
서울교통공사,2호선,대림(구로구청),사당,서울교통공사,7호선,신풍,장암,4,1
서울교통공사,2호선,대림(구로구청),신도림,서울교통공사,7호선,신풍,장암,7,4
서울교통공사,2호선,동대문역사문화공원,을지로4가,서울교통공사,4호선,동대문,불암산(당고개),2,4
서울교통공사,2호선,동대문역사문화공원,신당,서울교통공사,4호선,동대문,불암산(당고개),9,1
서울교통공사,2호선,동대문역사문화공원,신당,서울교통공사,4호선,충무로,남태령,9,1
서울교통공사,2호선,동대문역사문화공원,을지로4가,서울교통공사,4호선,충무로,남태령,2,4
서울교통공사,2호선,동대문역사문화공원,신당,서울교통공사,5호선,을지로4가,방화,6,3
서울교통공사,2호선,동대문역사문화공원,을지로4가,서울교통공사,5호선,을지로4가,방화,5,2
서울교통공사,2호선,동대문역사문화공원,을지로4가,서울교통공사,5호선,청구,마천,5,2
서울교통공사,2호선,동대문역사문화공원,신당,서울교통공사,5호선,청구,마천,6,3
서울교통공사,2호선,사당,교대(법원.검찰청),서울교통공사,4호선,남태령,남태령,5,3
서울교통공사,2호선,사당,대림(구로구청),서울교통공사,4호선,남태령,남태령,6,1
서울교통공사,2호선,사당,대림(구로구청),서울교통공사,4호선,총신대입구(이수),불암산(당고개),6,1
서울교통공사,2호선,사당,교대(법원.검찰청),서울교통공사,4호선,총신대입구(이수),불암산(당고개),5,3
서울교통공사,2호선,선릉,잠실(송파구청),코레일,수인분당,선정릉(한국과학창의재단),왕십리,6,3
서울교통공사,2호선,선릉,강남,코레일,수인분당,선정릉(한국과학창의재단),왕십리,5,2
서울교통공사,2호선,선릉,잠실(송파구청),코레일,수인분당,한티,수원,5,2
서울교통공사,2호선,선릉,강남,코레일,수인분당,한티,수원,6,2
서울교통공사,2호선,시청,충정로(경기대입구),서울교통공사,1호선,서울역,서울역,10,4
서울교통공사,2호선,시청,을지로3가,서울교통공사,1호선,서울역,서울역,1,1
서울교통공사,2호선,시청,을지로3가,서울교통공사,1호선,종각,청량리(서울시립대입구),1,1
서울교통공사,2호선,시청,충정로(경기대입구),서울교통공사,1호선,종각,청량리(서울시립대입구),10,4
서울교통공사,2호선,신당,왕십리,서울교통공사,6호선,동묘앞,봉화산(서울의료원),10,4
서울교통공사,2호선,신당,동대문역사문화공원,서울교통공사,6호선,동묘앞,봉화산(서울의료원),1,1
서울교통공사,2호선,신당,동대문역사문화공원,서울교통공사,6호선,청구,응암,1,1
서울교통공사,2호선,신당,왕십리,서울교통공사,6호선,청구,응암,10,4
서울교통공사,2호선,신도림,신도림,코레일,1호선,구로,신창(순천향대),4,1
서울교통공사,2호선,신도림,대림(구로구청),코레일,1호선,구로,신창(순천향대),7,3
서울교통공사,2호선,신도림,영등포구청,코레일,1호선,구로,신창(순천향대),2,3
서울교통공사,2호선,신도림,대림(구로구청),코레일,1호선,영등포,소요산,7,3
서울교통공사,2호선,신도림,영등포구청,코레일,1호선,영등포,소요산,2,3
서울교통공사,2호선,신도림,신도림,코레일,1호선,영등포,소요산,4,1
서울교통공사,2호선,신도림,신도림,서울교통공사,2호선,대림(구로구청),시청,4,1
서울교통공사,2호선,신도림,신도림,서울교통공사,2호선,문래,충정로(경기대입구),4,1
서울교통공사,2호선,신도림,영등포구청,서울교통공사,2호선,,,6,2
서울교통공사,2호선,신도림,대림(구로구청),서울교통공사,2호선,,,5,3
서울교통공사,2호선,영등포구청,신도림,서울교통공사,5호선,양평,방화,2,3
서울교통공사,2호선,영등포구청,당산,서울교통공사,5호선,양평,방화,7,4
서울교통공사,2호선,영등포구청,신도림,서울교통공사,5호선,영등포시장,마천,2,3
서울교통공사,2호선,영등포구청,당산,서울교통공사,5호선,영등포시장,마천,7,4
서울교통공사,2호선,왕십리,시청,서울교통공사,5호선,마장,마천,6,1
서울교통공사,2호선,왕십리,충정로(경기대입구),서울교통공사,5호선,마장,마천,6,1
서울교통공사,2호선,왕십리,충정로(경기대입구),서울교통공사,5호선,행당,방화,6,1
서울교통공사,2호선,왕십리,시청,서울교통공사,5호선,행당,방화,6,1
서울교통공사,2호선,왕십리,시청,코레일,수인분당,압구정로데오,왕십리,8,2
서울교통공사,2호선,왕십리,충정로(경기대입구),코레일,수인분당,압구정로데오,수원,3,1
서울교통공사,2호선,왕십리,시청,코레일,경의중앙,응봉,용산,8,2
서울교통공사,2호선,왕십리,충정로(경기대입구),코레일,경의중앙,응봉,용산,3,1
서울교통공사,2호선,왕십리,시청,코레일,경의중앙,청량리,문산,8,2
서울교통공사,2호선,왕십리,충정로(경기대입구),코레일,경의중앙,청량리,문산,3,1
서울교통공사,2호선,을지로3가,을지로4가,서울교통공사,3호선,종로3가,구파발,1,1
서울교통공사,2호선,을지로3가,시청,서울교통공사,3호선,종로3가,구파발,10,4
서울교통공사,2호선,을지로3가,을지로4가,서울교통공사,3호선,충무로,오금,1,1
서울교통공사,2호선,을지로3가,시청,서울교통공사,3호선,충무로,오금,10,4
서울교통공사,2호선,을지로4가,시청,서울교통공사,5호선,동대문역사문화공원,마천,7,2
서울교통공사,2호선,을지로4가,을지로4가,서울교통공사,5호선,동대문역사문화공원,마천,4,3
서울교통공사,2호선,을지로4가,시청,서울교통공사,5호선,종로3가(탑골공원),방화,7,2
서울교통공사,2호선,을지로4가,을지로4가,서울교통공사,5호선,종로3가(탑골공원),방화,4,3
서울교통공사,2호선,잠실(송파구청),선릉,서울교통공사,8호선,몽촌토성(평화의문),암사,10,4
서울교통공사,2호선,잠실(송파구청),건대입구,서울교통공사,8호선,몽촌토성(평화의문),암사,1,1
서울교통공사,2호선,잠실(송파구청),선릉,서울교통공사,8호선,석촌,모란,10,4
서울교통공사,2호선,잠실(송파구청),건대입구,서울교통공사,8호선,석촌,모란,1,1
서울교통공사,2호선,종합운동장,건대입구,서울시메트로9호선주식회사,9호선,,,3,1
서울교통공사,2호선,종합운동장,선릉,서울시메트로9호선주식회사,9호선,,,9,1
서울교통공사,2호선,충정로(경기대입구),시청,서울교통공사,5호선,서대문,마천,7,3
서울교통공사,2호선,충정로(경기대입구),홍대입구,서울교통공사,5호선,서대문,마천,4,2
서울교통공사,2호선,충정로(경기대입구),시청,서울교통공사,5호선,애오개,방화,7,3
서울교통공사,2호선,충정로(경기대입구),홍대입구,서울교통공사,5호선,애오개,방화,4,2
서울교통공사,2호선,합정,홍대입구,서울교통공사,6호선,망원,응암,9,2
서울교통공사,2호선,합정,당산,서울교통공사,6호선,망원,응암,2,2
서울교통공사,2호선,합정,당산,서울교통공사,6호선,상수,봉화산(서울의료원),2,2
서울교통공사,2호선,합정,홍대입구,서울교통공사,6호선,상수,봉화산(서울의료원),9,2
서울교통공사,2호선,홍대입구,합정,공항철도주식회사,공항철도,공덕,서울역,8,2
서울교통공사,2호선,홍대입구,충정로(경기대입구),공항철도주식회사,공항철도,공덕,서울역,3,3
서울교통공사,2호선,홍대입구,충정로(경기대입구),공항철도주식회사,공항철도,디지털미디어시티,인천공항1터미널,3,3
서울교통공사,2호선,홍대입구,합정,공항철도주식회사,공항철도,디지털미디어시티,인천공항1터미널,8,2
서울교통공사,2호선,홍대입구,충정로(경기대입구),코레일,경의중앙,가좌,문산,3,3
서울교통공사,2호선,홍대입구,합정,코레일,경의중앙,가좌,문산,8,2
서울교통공사,2호선,홍대입구,충정로(경기대입구),코레일,경의중앙,서강대,용산,3,3
서울교통공사,2호선,홍대입구,합정,코레일,경의중앙,서강대,용산,8,2
서울교통공사,,,,서울교통공사,1호선,동묘앞,,1,1
서울교통공사,,,,서울교통공사,1호선,제기동,,1,1
서울교통공사,,,,우이신설경전철주식회사,우이신설,보문,북한산우이,1,1
서울교통공사,3호선,가락시장,오금,서울교통공사,8호선,문정,모란,2,1
서울교통공사,3호선,가락시장,,서울교통공사,8호선,문정,모란,9,4
서울교통공사,3호선,가락시장,오금,서울교통공사,8호선,송파,암사,2,1
서울교통공사,3호선,가락시장,,서울교통공사,8호선,송파,암사,9,4
서울교통공사,3호선,고속터미널,수서,서울교통공사,7호선,내방,,2,3
서울교통공사,3호선,고속터미널,,서울교통공사,7호선,내방,,9,2
서울교통공사,3호선,고속터미널,,서울교통공사,7호선,반포,장암,9,2
서울교통공사,3호선,고속터미널,수서,서울교통공사,7호선,반포,장암,2,3
서울교통공사,3호선,고속터미널,,서울시메트로9호선주식회사,9호선,,,2,3
서울교통공사,3호선,고속터미널,수서,서울시메트로9호선주식회사,9호선,,,9,2
서울교통공사,3호선,고속터미널,수서,서울시메트로9호선주식회사,9호선,,,9,2
서울교통공사,3호선,고속터미널,,서울시메트로9호선주식회사,9호선,,,2,3
서울교통공사,3호선,교대(법원.검찰청),,서울교통공사,2호선,강남,시청,9,3
서울교통공사,3호선,교대(법원.검찰청),수서,서울교통공사,2호선,강남,시청,2,1
서울교통공사,3호선,교대(법원.검찰청),수서,서울교통공사,2호선,서초,충정로(경기대입구),8,4
서울교통공사,3호선,교대(법원.검찰청),,서울교통공사,2호선,서초,충정로(경기대입구),3,2
서울교통공사,3호선,도곡,수서,코레일,수인분당,구룡,수원,5,4
서울교통공사,3호선,도곡,,코레일,수인분당,구룡,수원,6,3
서울교통공사,3호선,도곡,수서,코레일,수인분당,한티,왕십리,5,4
서울교통공사,3호선,도곡,,코레일,수인분당,한티,왕십리,6,3
서울교통공사,3호선,불광,수서,서울교통공사,6호선,독바위,봉화산(서울의료원),10,4
서울교통공사,3호선,불광,,서울교통공사,6호선,독바위,봉화산(서울의료원),1,1
서울교통공사,3호선,불광,수서,서울교통공사,6호선,역촌,응암,10,4
서울교통공사,3호선,불광,,서울교통공사,6호선,역촌,응암,1,1
서울교통공사,3호선,수서,수서,코레일,수인분당,대모산입구,왕십리,8,4
서울교통공사,3호선,수서,,코레일,수인분당,대모산입구,왕십리,3,1
서울교통공사,3호선,수서,,코레일,수인분당,복정(동서울대학),수원,3,1
서울교통공사,3호선,수서,수서,코레일,수인분당,복정(동서울대학),수원,8,4
서울교통공사,3호선,약수,,서울교통공사,6호선,버티고개,응암,4,3
서울교통공사,3호선,약수,수서,서울교통공사,6호선,버티고개,응암,7,1
서울교통공사,3호선,약수,수서,서울교통공사,6호선,청구,봉화산(서울의료원),7,1
서울교통공사,3호선,약수,,서울교통공사,6호선,청구,봉화산(서울의료원),4,3
서울교통공사,3호선,양재(서초구청),오금,네오트랜스주식회사,신분당선,강남,강남,6,1
서울교통공사,3호선,양재(서초구청),,네오트랜스주식회사,신분당선,강남,강남,5,4
서울교통공사,3호선,양재(서초구청),,네오트랜스주식회사,신분당선,양재시민의숲(매헌),광교(경기대),5,4
서울교통공사,3호선,양재(서초구청),수서,네오트랜스주식회사,신분당선,양재시민의숲(매헌),광교(경기대),6,1
서울교통공사,3호선,연신내,,서울교통공사,6호선,구산,봉화산(서울의료원),5,1
서울교통공사,3호선,연신내,수서,서울교통공사,6호선,구산,봉화산(서울의료원),6,3
서울교통공사,3호선,연신내,,서울교통공사,6호선,독바위,응암,5,1
서울교통공사,3호선,연신내,수서,서울교통공사,6호선,독바위,응암,6,3
서울교통공사,3호선,오금,오금,서울교통공사,5호선,개롱,마천,9,4
서울교통공사,3호선,오금,오금,서울교통공사,5호선,방이,방화,9,4
서울교통공사,3호선,옥수,,코레일,경의중앙,응봉,문산,9,4
서울교통공사,3호선,옥수,수서,코레일,경의중앙,응봉,문산,1,4
서울교통공사,3호선,옥수,,코레일,경의중앙,한남,용산,9,4
서울교통공사,3호선,옥수,수서,코레일,경의중앙,한남,용산,1,4
서울교통공사,3호선,을지로3가,수서,서울교통공사,2호선,을지로4가,충정로(경기대입구),4,4
서울교통공사,3호선,을지로3가,,서울교통공사,2호선,을지로4가,충정로(경기대입구),7,1
서울교통공사,3호선,을지로3가,수서,서울교통공사,2호선,을지로입구,시청,7,2
서울교통공사,3호선,을지로3가,,서울교통공사,2호선,을지로입구,시청,4,2
서울교통공사,3호선,종로3가,수서,서울교통공사,1호선,종각,서울역,1,1
서울교통공사,3호선,종로3가,,서울교통공사,1호선,종각,서울역,10,4
서울교통공사,3호선,종로3가,,서울교통공사,1호선,종로5가,청량리(서울시립대입구),9,1
서울교통공사,3호선,종로3가,수서,서울교통공사,1호선,종로5가,청량리(서울시립대입구),2,3
서울교통공사,3호선,종로3가,,서울교통공사,5호선,광화문(세종문화회관),방화,2,3
서울교통공사,3호선,종로3가,수서,서울교통공사,5호선,광화문(세종문화회관),방화,9,2
서울교통공사,3호선,종로3가,,서울교통공사,5호선,을지로4가,마천,2,3
서울교통공사,3호선,종로3가,수서,서울교통공사,5호선,을지로4가,마천,9,2
서울교통공사,3호선,충무로,,서울교통공사,4호선,동대문역사문화공원,불암산(당고개),4,4
서울교통공사,3호선,충무로,수서,서울교통공사,4호선,동대문역사문화공원,불암산(당고개),8,1
서울교통공사,3호선,충무로,,서울교통공사,4호선,명동,남태령,3,3
서울교통공사,3호선,충무로,수서,서울교통공사,4호선,명동,남태령,8,4
서울교통공사,4호선,노원,불암산(당고개),서울교통공사,7호선,마들,장암,10,4
서울교통공사,4호선,노원,,서울교통공사,7호선,마들,장암,1,1
서울교통공사,4호선,노원,불암산(당고개),서울교통공사,7호선,중계,,10,4
서울교통공사,4호선,노원,,서울교통공사,7호선,중계,,1,1
서울교통공사,4호선,동대문,불암산(당고개),서울교통공사,1호선,동묘앞,청량리(서울시립대입구),5,3
서울교통공사,4호선,동대문,,서울교통공사,1호선,동묘앞,청량리(서울시립대입구),6,1
서울교통공사,4호선,동대문,,서울교통공사,1호선,종로5가,서울역,6,1
서울교통공사,4호선,동대문,불암산(당고개),서울교통공사,1호선,종로5가,서울역,5,3
서울교통공사,4호선,동대문역사문화공원,불암산(당고개),서울교통공사,2호선,신당,충정로(경기대입구),1,1
서울교통공사,4호선,동대문역사문화공원,,서울교통공사,2호선,신당,충정로(경기대입구),10,4
서울교통공사,4호선,동대문역사문화공원,,서울교통공사,2호선,을지로입구,시청,10,4
서울교통공사,4호선,동대문역사문화공원,불암산(당고개),서울교통공사,2호선,을지로입구,시청,1,1
서울교통공사,4호선,동대문역사문화공원,불암산(당고개),서울교통공사,5호선,을지로4가,방화,9,1
서울교통공사,4호선,동대문역사문화공원,,서울교통공사,5호선,을지로4가,방화,2,3
서울교통공사,4호선,동대문역사문화공원,,서울교통공사,5호선,청구,마천,2,3
서울교통공사,4호선,동대문역사문화공원,불암산(당고개),서울교통공사,5호선,청구,마천,9,1
서울교통공사,4호선,동작(현충원),불암산(당고개),서울시메트로9호선주식회사,9호선,,,8,4
서울교통공사,4호선,동작(현충원),,서울시메트로9호선주식회사,9호선,,,2,4
서울교통공사,4호선,동작(현충원),,서울시메트로9호선주식회사,9호선,,,2,4
서울교통공사,4호선,동작(현충원),불암산(당고개),서울시메트로9호선주식회사,9호선,,,8,4
서울교통공사,4호선,사당,,서울교통공사,2호선,낙성대,충정로(경기대입구),7,3
서울교통공사,4호선,사당,불암산(당고개),서울교통공사,2호선,낙성대,충정로(경기대입구),4,2
서울교통공사,4호선,사당,,서울교통공사,2호선,방배,시청,1,1
서울교통공사,4호선,사당,불암산(당고개),서울교통공사,2호선,방배,시청,10,4
서울교통공사,4호선,삼각지,불암산(당고개),서울교통공사,6호선,녹사평(용산구청),봉화산(서울의료원),1,1
서울교통공사,4호선,삼각지,,서울교통공사,6호선,녹사평(용산구청),봉화산(서울의료원),10,4
서울교통공사,4호선,삼각지,,서울교통공사,6호선,효창공원앞,응암,10,4
서울교통공사,4호선,삼각지,불암산(당고개),서울교통공사,6호선,효창공원앞,응암,1,1
서울교통공사,4호선,서울역,,코레일,1호선,남영,신창(순천향대),10,4
서울교통공사,4호선,서울역,불암산(당고개),코레일,1호선,남영,신창(순천향대),1,1
서울교통공사,4호선,서울역,불암산(당고개),서울교통공사,1호선,시청,청량리(서울시립대입구),1,1
서울교통공사,4호선,서울역,,서울교통공사,1호선,시청,청량리(서울시립대입구),10,4
서울교통공사,4호선,서울역,,공항철도주식회사,공항철도,공덕,인천공항1터미널,10,4
서울교통공사,4호선,서울역,불암산(당고개),공항철도주식회사,공항철도,공덕,인천공항1터미널,1,1
서울교통공사,4호선,서울역,,코레일,경의중앙,서울역,서울역,10,4
서울교통공사,4호선,서울역,불암산(당고개),코레일,경의중앙,서울역,서울역,1,1
서울교통공사,4호선,서울역,불암산(당고개),코레일,경의중앙,신촌,문산,1,1
서울교통공사,4호선,서울역,,코레일,경의중앙,신촌,문산,10,4
서울교통공사,4호선,성신여대입구(돈암),불암산(당고개),우이신설경전철주식회사,우이신설,보문,신설동,5,4
서울교통공사,4호선,성신여대입구(돈암),남태령,우이신설경전철주식회사,우이신설,보문,신설동,5,2
서울교통공사,4호선,성신여대입구(돈암),남태령,우이신설경전철주식회사,우이신설,정릉,북한산우이,5,2
서울교통공사,4호선,성신여대입구(돈암),불암산(당고개),우이신설경전철주식회사,우이신설,정릉,북한산우이,5,4
서울교통공사,4호선,이촌(국립중앙박물관),불암산(당고개),코레일,경의중앙,서빙고,문산,4,2
서울교통공사,4호선,이촌(국립중앙박물관),,코레일,경의중앙,서빙고,문산,7,2
서울교통공사,4호선,이촌(국립중앙박물관),불암산(당고개),코레일,경의중앙,용산,용산,4,2
서울교통공사,4호선,이촌(국립중앙박물관),,코레일,경의중앙,용산,용산,7,2
서울교통공사,4호선,창동,,코레일,1호선,녹천,신창(순천향대),8,1
서울교통공사,4호선,창동,불암산(당고개),코레일,1호선,녹천,신창(순천향대),3,4
서울교통공사,4호선,창동,불암산(당고개),코레일,1호선,방학,소요산,3,4
서울교통공사,4호선,창동,,코레일,1호선,방학,소요산,8,1
서울교통공사,4호선,총신대입구(이수),불암산(당고개),서울교통공사,7호선,남성,,10,4
서울교통공사,4호선,총신대입구(이수),,서울교통공사,7호선,남성,,1,1
서울교통공사,4호선,총신대입구(이수),불암산(당고개),서울교통공사,7호선,내방,장암,10,4
서울교통공사,4호선,총신대입구(이수),,서울교통공사,7호선,내방,장암,1,1
서울교통공사,4호선,충무로,,서울교통공사,3호선,동대입구,오금,7,1
서울교통공사,4호선,충무로,불암산(당고개),서울교통공사,3호선,동대입구,오금,5,1
서울교통공사,4호선,충무로,불암산(당고개),서울교통공사,3호선,을지로3가,구파발,5,1
서울교통공사,4호선,충무로,,서울교통공사,3호선,을지로3가,구파발,7,1
서울교통공사,5호선,공덕,방화,서울교통공사,6호선,대흥(서강대앞),응암,1,1
서울교통공사,5호선,공덕,강동,서울교통공사,6호선,대흥(서강대앞),응암,8,4
서울교통공사,5호선,공덕,방화,서울교통공사,6호선,효창공원앞,봉화산(서울의료원),1,1
서울교통공사,5호선,공덕,강동,서울교통공사,6호선,효창공원앞,봉화산(서울의료원),8,4
서울교통공사,5호선,공덕,강동,공항철도주식회사,공항철도,서울역,서울역,8,4
서울교통공사,5호선,공덕,방화,공항철도주식회사,공항철도,서울역,서울역,1,1
서울교통공사,5호선,공덕,강동,공항철도주식회사,공항철도,홍대입구,인천공항1터미널,8,4
서울교통공사,5호선,공덕,방화,공항철도주식회사,공항철도,홍대입구,인천공항1터미널,1,1
서울교통공사,5호선,공덕,강동,코레일,경의중앙,서강대,문산,8,4
서울교통공사,5호선,공덕,방화,코레일,경의중앙,서강대,문산,1,1
서울교통공사,5호선,군자(능동),강동,서울교통공사,7호선,어린이대공원(세종대),,8,4
서울교통공사,5호선,군자(능동),방화,서울교통공사,7호선,어린이대공원(세종대),,1,1
서울교통공사,5호선,군자(능동),강동,서울교통공사,7호선,중곡,장암,1,1
서울교통공사,5호선,군자(능동),방화,서울교통공사,7호선,중곡,장암,8,4
서울교통공사,5호선,김포공항,방화,서울시메트로9호선주식회사,9호선,,,7,2
서울교통공사,5호선,김포공항,방화,서울시메트로9호선주식회사,9호선,,,7,2
서울교통공사,5호선,김포공항,강동,서울시메트로9호선주식회사,9호선,,,2,1
서울교통공사,5호선,김포공항,강동,서울시메트로9호선주식회사,9호선,,,2,1
서울교통공사,5호선,김포공항,강동,공항철도주식회사,공항철도,계양,인천공항1터미널,2,1
서울교통공사,5호선,김포공항,방화,공항철도주식회사,공항철도,계양,인천공항1터미널,7,2
서울교통공사,5호선,김포공항,강동,공항철도주식회사,공항철도,디지털미디어시티,서울역,2,1
서울교통공사,5호선,김포공항,방화,공항철도주식회사,공항철도,디지털미디어시티,서울역,7,2
서울교통공사,5호선,까치산,방화,서울교통공사,2호선,,,1,1
서울교통공사,5호선,까치산,강동,서울교통공사,2호선,,,7,4
서울교통공사,5호선,동대문역사문화공원,강동,서울교통공사,2호선,신당,충정로(경기대입구),1,1
서울교통공사,5호선,동대문역사문화공원,방화,서울교통공사,2호선,신당,충정로(경기대입구),8,4
서울교통공사,5호선,동대문역사문화공원,강동,서울교통공사,2호선,을지로4가,시청,1,1
서울교통공사,5호선,동대문역사문화공원,방화,서울교통공사,2호선,을지로4가,시청,8,4
서울교통공사,5호선,동대문역사문화공원,강동,서울교통공사,4호선,동대문,불암산(당고개),1,1
서울교통공사,5호선,동대문역사문화공원,방화,서울교통공사,4호선,동대문,불암산(당고개),8,4
서울교통공사,5호선,동대문역사문화공원,방화,서울교통공사,4호선,충무로,남태령,8,4
서울교통공사,5호선,동대문역사문화공원,강동,서울교통공사,4호선,충무로,남태령,1,1
서울교통공사,5호선,신길,방화,코레일,1호선,대방,소요산,7,3
서울교통공사,5호선,신길,강동,코레일,1호선,대방,소요산,2,1
서울교통공사,5호선,신길,방화,코레일,1호선,영등포,신창(순천향대),7,3
서울교통공사,5호선,신길,강동,코레일,1호선,영등포,신창(순천향대),2,1
서울교통공사,5호선,여의도,강동,서울시메트로9호선주식회사,9호선,,,4,1
서울교통공사,5호선,여의도,강동,서울시메트로9호선주식회사,9호선,,,4,1
서울교통공사,5호선,여의도,방화,서울시메트로9호선주식회사,9호선,,,5,4
서울교통공사,5호선,여의도,방화,서울시메트로9호선주식회사,9호선,,,5,4
서울교통공사,5호선,영등포구청,강동,서울교통공사,2호선,당산,충정로(경기대입구),2,3
서울교통공사,5호선,영등포구청,방화,서울교통공사,2호선,당산,충정로(경기대입구),7,2
서울교통공사,5호선,영등포구청,방화,서울교통공사,2호선,문래,시청,7,2
서울교통공사,5호선,영등포구청,강동,서울교통공사,2호선,문래,시청,2,3
서울교통공사,5호선,오금,마천,서울교통공사,3호선,경찰병원,구파발,1,3
서울교통공사,5호선,오금,방화,서울교통공사,3호선,경찰병원,구파발,8,2
서울교통공사,5호선,왕십리,강동,서울교통공사,2호선,상왕십리,시청,7,2
서울교통공사,5호선,왕십리,방화,서울교통공사,2호선,상왕십리,시청,2,3
서울교통공사,5호선,왕십리,강동,서울교통공사,2호선,한양대,충정로(경기대입구),7,2
서울교통공사,5호선,왕십리,방화,서울교통공사,2호선,한양대,충정로(경기대입구),2,3
서울교통공사,5호선,왕십리,방화,코레일,수인분당,서울숲,수원,2,3
서울교통공사,5호선,왕십리,강동,코레일,수인분당,서울숲,수원,7,2
서울교통공사,5호선,왕십리,강동,코레일,경의중앙,응봉,용산,7,2
서울교통공사,5호선,왕십리,방화,코레일,경의중앙,응봉,용산,2,3
서울교통공사,5호선,왕십리,방화,코레일,경의중앙,청량리,문산,2,3
서울교통공사,5호선,왕십리,강동,코레일,경의중앙,청량리,문산,7,2
서울교통공사,5호선,을지로4가,방화,서울교통공사,2호선,동대문역사문화공원,충정로(경기대입구),8,1
서울교통공사,5호선,을지로4가,강동,서울교통공사,2호선,동대문역사문화공원,충정로(경기대입구),1,1
서울교통공사,5호선,을지로4가,방화,서울교통공사,2호선,을지로3가,시청,8,4
서울교통공사,5호선,을지로4가,강동,서울교통공사,2호선,을지로3가,시청,1,4
서울교통공사,5호선,종로3가(탑골공원),방화,서울교통공사,1호선,종각,서울역,8,4
서울교통공사,5호선,종로3가(탑골공원),강동,서울교통공사,1호선,종각,서울역,1,1
서울교통공사,5호선,종로3가(탑골공원),강동,서울교통공사,1호선,종로5가,청량리(서울시립대입구),1,1
서울교통공사,5호선,종로3가(탑골공원),방화,서울교통공사,1호선,종로5가,청량리(서울시립대입구),8,4
서울교통공사,5호선,종로3가(탑골공원),방화,서울교통공사,3호선,안국,구파발,8,4
서울교통공사,5호선,종로3가(탑골공원),강동,서울교통공사,3호선,안국,구파발,1,1
서울교통공사,5호선,종로3가(탑골공원),방화,서울교통공사,3호선,을지로3가,오금,8,4
서울교통공사,5호선,종로3가(탑골공원),강동,서울교통공사,3호선,을지로3가,오금,1,1
서울교통공사,5호선,천호(풍납토성),상일동,서울교통공사,8호선,강동구청,모란,8,2
서울교통공사,5호선,천호(풍납토성),방화,서울교통공사,8호선,강동구청,모란,1,2
서울교통공사,5호선,천호(풍납토성),방화,서울교통공사,8호선,암사,암사,1,3
서울교통공사,5호선,천호(풍납토성),마천,서울교통공사,8호선,암사,암사,8,1
서울교통공사,5호선,청구,강동,서울교통공사,6호선,신당,봉화산(서울의료원),6,4
서울교통공사,5호선,청구,방화,서울교통공사,6호선,신당,봉화산(서울의료원),5,1
서울교통공사,5호선,청구,강동,서울교통공사,6호선,약수,응암,6,4
서울교통공사,5호선,청구,방화,서울교통공사,6호선,약수,응암,5,1
서울교통공사,5호선,충정로(경기대입구),강동,서울교통공사,2호선,시청,시청,5,3
서울교통공사,5호선,충정로(경기대입구),방화,서울교통공사,2호선,시청,시청,4,1
서울교통공사,5호선,충정로(경기대입구),방화,서울교통공사,2호선,아현,시청,4,1
서울교통공사,5호선,충정로(경기대입구),강동,서울교통공사,2호선,아현,시청,5,3
서울교통공사,6호선,공덕,봉화산(서울의료원),서울교통공사,5호선,마포,방화,8,4
서울교통공사,6호선,공덕,응암,서울교통공사,5호선,마포,방화,1,1
서울교통공사,6호선,공덕,응암,서울교통공사,5호선,애오개,마천,1,1
서울교통공사,6호선,공덕,봉화산(서울의료원),서울교통공사,5호선,애오개,마천,8,4
서울교통공사,6호선,공덕,봉화산(서울의료원),공항철도주식회사,공항철도,서울역,서울역,8,4
서울교통공사,6호선,공덕,응암,공항철도주식회사,공항철도,서울역,서울역,1,1
서울교통공사,6호선,공덕,봉화산(서울의료원),공항철도주식회사,공항철도,홍대입구,인천공항1터미널,8,4
서울교통공사,6호선,공덕,응암,공항철도주식회사,공항철도,홍대입구,인천공항1터미널,1,1
서울교통공사,6호선,공덕,응암,코레일,경의중앙,서강대,문산,1,1
서울교통공사,6호선,공덕,봉화산(서울의료원),코레일,경의중앙,서강대,문산,5,3
서울교통공사,6호선,공덕,응암,코레일,경의중앙,효창공원앞,용산,6,4
서울교통공사,6호선,공덕,봉화산(서울의료원),코레일,경의중앙,효창공원앞,용산,3,1
서울교통공사,6호선,동묘앞,봉화산(서울의료원),서울교통공사,1호선,동대문,서울역,2,2
서울교통공사,6호선,동묘앞,응암,서울교통공사,1호선,동대문,서울역,7,3
서울교통공사,6호선,동묘앞,응암,서울교통공사,1호선,신설동,청량리(서울시립대입구),7,3
서울교통공사,6호선,동묘앞,봉화산(서울의료원),서울교통공사,1호선,신설동,청량리(서울시립대입구),2,2
서울교통공사,6호선,디지털미디어시티,봉화산(서울의료원),공항철도주식회사,공항철도,김포공항,인천공항1터미널,1,1
서울교통공사,6호선,디지털미디어시티,불광,공항철도주식회사,공항철도,김포공항,인천공항1터미널,8,4
서울교통공사,6호선,디지털미디어시티,봉화산(서울의료원),공항철도주식회사,공항철도,홍대입구,서울역,1,1
서울교통공사,6호선,디지털미디어시티,불광,공항철도주식회사,공항철도,홍대입구,서울역,8,4
서울교통공사,6호선,디지털미디어시티,봉화산(서울의료원),코레일,경의중앙,가좌,용산,7,2
서울교통공사,6호선,디지털미디어시티,응암,코레일,경의중앙,가좌,용산,2,2
서울교통공사,6호선,디지털미디어시티,응암,코레일,경의중앙,수색,문산,2,2
서울교통공사,6호선,디지털미디어시티,봉화산(서울의료원),코레일,경의중앙,수색,문산,7,2
서울교통공사,6호선,보문,응암,우이신설경전철주식회사,우이신설,성신여대입구,북한산우이,3,4
서울교통공사,6호선,보문,응암,우이신설경전철주식회사,우이신설,성신여대입구,신설동,5,4
서울교통공사,6호선,보문,봉화산(서울의료원),우이신설경전철주식회사,우이신설,신설동,신설동,5,4
서울교통공사,6호선,보문,봉화산(서울의료원),우이신설경전철주식회사,우이신설,신설동,북한산우이,3,4
서울교통공사,6호선,불광,봉화산(서울의료원),서울교통공사,3호선,녹번,오금,7,2
서울교통공사,6호선,불광,봉화산(서울의료원),서울교통공사,3호선,연신내,구파발,7,2
서울교통공사,6호선,불광,,코레일,3호선,,,7,2
서울교통공사,6호선,불광,,코레일,3호선,,,7,2
서울교통공사,6호선,삼각지,봉화산(서울의료원),서울교통공사,4호선,숙대입구(갈월),불암산(당고개),3,1
서울교통공사,6호선,삼각지,응암,서울교통공사,4호선,숙대입구(갈월),불암산(당고개),6,4
서울교통공사,6호선,삼각지,봉화산(서울의료원),서울교통공사,4호선,신용산,남태령,6,4
서울교통공사,6호선,삼각지,응암,서울교통공사,4호선,신용산,남태령,3,1
서울교통공사,6호선,석계,응암,코레일,1호선,광운대,소요산,4,3
서울교통공사,6호선,석계,봉화산(서울의료원),코레일,1호선,광운대,소요산,5,2
서울교통공사,6호선,석계,응암,코레일,1호선,신이문,신창(순천향대),4,3
서울교통공사,6호선,석계,봉화산(서울의료원),코레일,1호선,신이문,신창(순천향대),5,2
서울교통공사,6호선,신당,응암,서울교통공사,2호선,동대문역사문화공원,시청,1,1
서울교통공사,6호선,신당,봉화산(서울의료원),서울교통공사,2호선,동대문역사문화공원,시청,8,4
서울교통공사,6호선,신당,응암,서울교통공사,2호선,상왕십리,충정로(경기대입구),1,1
서울교통공사,6호선,신당,봉화산(서울의료원),서울교통공사,2호선,상왕십리,충정로(경기대입구),8,2
서울교통공사,6호선,약수,봉화산(서울의료원),서울교통공사,3호선,금호,오금,1,1
서울교통공사,6호선,약수,응암,서울교통공사,3호선,금호,오금,8,4
서울교통공사,6호선,약수,응암,서울교통공사,3호선,동대입구,구파발,8,4
서울교통공사,6호선,약수,봉화산(서울의료원),서울교통공사,3호선,동대입구,구파발,1,1
서울교통공사,6호선,연신내,불광,서울교통공사,3호선,구파발,구파발,6,2
서울교통공사,6호선,연신내,디지털미디어시티,서울교통공사,3호선,구파발,구파발,6,2
서울교통공사,6호선,연신내,디지털미디어시티,서울교통공사,3호선,불광,오금,6,2
서울교통공사,6호선,연신내,불광,서울교통공사,3호선,불광,오금,6,2
서울교통공사,6호선,청구,봉화산(서울의료원),서울교통공사,5호선,동대문역사문화공원,방화,6,2
서울교통공사,6호선,청구,응암,서울교통공사,5호선,동대문역사문화공원,방화,6,1
서울교통공사,6호선,청구,응암,서울교통공사,5호선,신금호,마천,6,1
서울교통공사,6호선,청구,봉화산(서울의료원),서울교통공사,5호선,신금호,마천,6,2
서울교통공사,6호선,태릉입구,응암,서울교통공사,7호선,공릉(서울과학기술대),장암,8,4
서울교통공사,6호선,태릉입구,봉화산(서울의료원),서울교통공사,7호선,공릉(서울과학기술대),장암,1,1
서울교통공사,6호선,태릉입구,봉화산(서울의료원),서울교통공사,7호선,먹골,,1,1
서울교통공사,6호선,태릉입구,응암,서울교통공사,7호선,먹골,,8,4
서울교통공사,6호선,합정,응암,서울교통공사,2호선,당산,시청,5,3
서울교통공사,6호선,합정,봉화산(서울의료원),서울교통공사,2호선,당산,시청,6,2
서울교통공사,6호선,합정,봉화산(서울의료원),서울교통공사,2호선,홍대입구,충정로(경기대입구),6,2
서울교통공사,6호선,합정,응암,서울교통공사,2호선,홍대입구,충정로(경기대입구),5,3
서울교통공사,6호선,효창공원앞,봉화산(서울의료원),코레일,경의중앙,공덕,문산,8,4
서울교통공사,6호선,효창공원앞,응암,코레일,경의중앙,공덕,문산,1,1
서울교통공사,6호선,효창공원앞,응암,코레일,경의중앙,용산,용산,6,4
서울교통공사,6호선,효창공원앞,봉화산(서울의료원),코레일,경의중앙,용산,용산,3,1
서울교통공사,7호선,가산디지털단지,온수(성공회대입구),코레일,1호선,구로,소요산,5,2
서울교통공사,7호선,가산디지털단지,장암,코레일,1호선,구로,소요산,4,3
서울교통공사,7호선,가산디지털단지,장암,코레일,1호선,독산,신창(순천향대),4,3
서울교통공사,7호선,가산디지털단지,온수(성공회대입구),코레일,1호선,독산,신창(순천향대),5,2
서울교통공사,7호선,강남구청,,코레일,수인분당,선정릉(한국과학창의재단),수원,4,3
서울교통공사,7호선,강남구청,장암,코레일,수인분당,선정릉(한국과학창의재단),수원,4,3
서울교통공사,7호선,강남구청,장암,코레일,수인분당,압구정로데오,왕십리,4,3
서울교통공사,7호선,강남구청,,코레일,수인분당,압구정로데오,왕십리,4,3
서울교통공사,7호선,건대입구,온수(성공회대입구),서울교통공사,2호선,구의(광진구청),충정로(경기대입구),1,1
서울교통공사,7호선,건대입구,장암,서울교통공사,2호선,구의(광진구청),충정로(경기대입구),8,4
서울교통공사,7호선,건대입구,온수(성공회대입구),서울교통공사,2호선,성수,시청,1,1
서울교통공사,7호선,건대입구,장암,서울교통공사,2호선,성수,시청,8,4
서울교통공사,7호선,고속터미널,장암,서울교통공사,3호선,교대(법원.검찰청),오금,2,3
서울교통공사,7호선,고속터미널,온수(성공회대입구),서울교통공사,3호선,교대(법원.검찰청),오금,7,1
서울교통공사,7호선,고속터미널,장암,서울교통공사,3호선,잠원,구파발,2,3
서울교통공사,7호선,고속터미널,온수(성공회대입구),서울교통공사,3호선,잠원,구파발,7,1
서울교통공사,7호선,고속터미널,장암,서울시메트로9호선주식회사,9호선,,,2,3
서울교통공사,7호선,고속터미널,온수(성공회대입구),서울시메트로9호선주식회사,9호선,,,7,1
서울교통공사,7호선,고속터미널,온수(성공회대입구),서울시메트로9호선주식회사,9호선,,,7,1
서울교통공사,7호선,고속터미널,장암,서울시메트로9호선주식회사,9호선,,,2,3
서울교통공사,7호선,군자(능동),장암,서울교통공사,5호선,아차산(어린이대공원후문),마천,5,1
서울교통공사,7호선,군자(능동),온수(성공회대입구),서울교통공사,5호선,아차산(어린이대공원후문),마천,5,2
서울교통공사,7호선,군자(능동),온수(성공회대입구),서울교통공사,5호선,장한평,방화,5,2
서울교통공사,7호선,군자(능동),장암,서울교통공사,5호선,장한평,방화,5,1
서울교통공사,7호선,노원,장암,서울교통공사,4호선,상계,불암산(당고개),1,1
서울교통공사,7호선,노원,온수(성공회대입구),서울교통공사,4호선,상계,불암산(당고개),8,4
서울교통공사,7호선,노원,장암,서울교통공사,4호선,창동,남태령,1,1
서울교통공사,7호선,노원,온수(성공회대입구),서울교통공사,4호선,창동,남태령,8,4
서울교통공사,7호선,대림(구로구청),온수(성공회대입구),서울교통공사,2호선,구로디지털단지,시청,8,4
서울교통공사,7호선,대림(구로구청),장암,서울교통공사,2호선,신도림,충정로(경기대입구),1,1
서울교통공사,7호선,도봉산,장암,코레일,1호선,도봉,신창(순천향대),1,1
서울교통공사,7호선,도봉산,온수(성공회대입구),코레일,1호선,도봉,신창(순천향대),8,4
서울교통공사,7호선,도봉산,장암,코레일,1호선,망월사,소요산,1,1
서울교통공사,7호선,도봉산,온수(성공회대입구),코레일,1호선,망월사,소요산,8,4
서울교통공사,7호선,상봉(시외버스터미널),온수(성공회대입구),코레일,경춘,광운대,광운대,3,4
서울교통공사,7호선,상봉(시외버스터미널),장암,코레일,경춘,광운대,광운대,3,4
서울교통공사,7호선,상봉(시외버스터미널),장암,코레일,경춘,망우,춘천(한림대),3,4
서울교통공사,7호선,상봉(시외버스터미널),온수(성공회대입구),코레일,경춘,망우,춘천(한림대),3,4
서울교통공사,7호선,상봉(시외버스터미널),장암,코레일,경의중앙,망우,문산,5,4
서울교통공사,7호선,상봉(시외버스터미널),온수(성공회대입구),코레일,경의중앙,망우,문산,3,4
서울교통공사,7호선,상봉(시외버스터미널),장암,코레일,경의중앙,중랑,용산,5,4
서울교통공사,7호선,상봉(시외버스터미널),온수(성공회대입구),코레일,경의중앙,중랑,용산,3,4
서울교통공사,7호선,온수(성공회대입구),장암,코레일,1호선,역곡,신창(순천향대),1,1
서울교통공사,7호선,온수(성공회대입구),,코레일,1호선,역곡,신창(순천향대),8,4
서울교통공사,7호선,온수(성공회대입구),,코레일,1호선,오류동,소요산,8,4
서울교통공사,7호선,온수(성공회대입구),장암,코레일,1호선,오류동,소요산,1,1
서울교통공사,7호선,총신대입구(이수),온수(성공회대입구),서울교통공사,4호선,동작(현충원),불암산(당고개),8,4
서울교통공사,7호선,총신대입구(이수),장암,서울교통공사,4호선,동작(현충원),불암산(당고개),2,2
서울교통공사,7호선,총신대입구(이수),장암,서울교통공사,4호선,사당,남태령,2,2
서울교통공사,7호선,총신대입구(이수),온수(성공회대입구),서울교통공사,4호선,사당,남태령,8,4
서울교통공사,7호선,태릉입구,온수(성공회대입구),서울교통공사,6호선,석계,응암,1,1
서울교통공사,7호선,태릉입구,장암,서울교통공사,6호선,석계,응암,8,3
서울교통공사,7호선,태릉입구,온수(성공회대입구),서울교통공사,6호선,화랑대(서울여대입구),봉화산(서울의료원),1,1
서울교통공사,7호선,태릉입구,장암,서울교통공사,6호선,화랑대(서울여대입구),봉화산(서울의료원),8,3
서울교통공사,8호선,가락시장,암사,서울교통공사,3호선,경찰병원,오금,6,4
서울교통공사,8호선,가락시장,모란,서울교통공사,3호선,경찰병원,오금,1,1
서울교통공사,8호선,가락시장,모란,서울교통공사,3호선,수서,구파발,1,1
서울교통공사,8호선,가락시장,암사,서울교통공사,3호선,수서,구파발,6,4
서울교통공사,8호선,모란,모란,코레일,수인분당,야탑,수원,1,1
서울교통공사,8호선,모란,모란,코레일,수인분당,태평,왕십리,1,1
서울교통공사,8호선,복정,모란,코레일,수인분당,가천대,수원,3,2
서울교통공사,8호선,복정,암사,코레일,수인분당,가천대,수원,4,2
서울교통공사,8호선,복정,모란,코레일,수인분당,수서,왕십리,3,2
서울교통공사,8호선,복정,암사,코레일,수인분당,수서,왕십리,4,2
서울교통공사,8호선,잠실(송파구청),모란,서울교통공사,2호선,잠실나루,시청,1,1
서울교통공사,8호선,잠실(송파구청),암사,서울교통공사,2호선,잠실나루,시청,6,4
서울교통공사,8호선,잠실(송파구청),암사,서울교통공사,2호선,잠실새내,충정로(경기대입구),6,4
서울교통공사,8호선,잠실(송파구청),모란,서울교통공사,2호선,잠실새내,충정로(경기대입구),1,1
서울교통공사,8호선,천호(풍납토성),암사,서울교통공사,5호선,강동,마천,2,2
서울교통공사,8호선,천호(풍납토성),모란,서울교통공사,5호선,강동,마천,5,2
서울교통공사,8호선,천호(풍납토성),모란,서울교통공사,5호선,광나루(장신대),방화,6,1
서울교통공사,8호선,천호(풍납토성),암사,서울교통공사,5호선,광나루(장신대),방화,1,3
서울시메트로9호선주식회사,9호선,고속터미널,종합운동장,서울교통공사,3호선,,,1,4
서울시메트로9호선주식회사,9호선,고속터미널,개화,서울교통공사,3호선,,,4,1
서울시메트로9호선주식회사,9호선,고속터미널,개화,서울교통공사,3호선,,,4,1
서울시메트로9호선주식회사,9호선,고속터미널,종합운동장,서울교통공사,3호선,,,1,4
서울시메트로9호선주식회사,9호선,고속터미널,개화,서울교통공사,7호선,,,4,1
서울시메트로9호선주식회사,9호선,고속터미널,개화,서울교통공사,7호선,,,4,1
서울시메트로9호선주식회사,9호선,고속터미널,종합운동장,서울교통공사,7호선,,,1,4
서울시메트로9호선주식회사,9호선,고속터미널,종합운동장,서울교통공사,7호선,,,1,4
서울시메트로9호선주식회사,9호선,김포공항,개화,서울교통공사,5호선,,,2,4
서울시메트로9호선주식회사,9호선,김포공항,개화,서울교통공사,5호선,,,2,4
서울시메트로9호선주식회사,9호선,김포공항,종합운동장,서울교통공사,5호선,,,4,4
서울시메트로9호선주식회사,9호선,김포공항,종합운동장,서울교통공사,5호선,,,4,4
서울시메트로9호선주식회사,9호선,노량진,종합운동장,코레일,1호선,,,4,2
서울시메트로9호선주식회사,9호선,노량진,개화,코레일,1호선,,,4,1
서울시메트로9호선주식회사,9호선,노량진,개화,코레일,1호선,,,4,1
서울시메트로9호선주식회사,9호선,노량진,종합운동장,코레일,1호선,,,4,2
서울시메트로9호선주식회사,9호선,당산,중앙보훈병원,서울교통공사,2호선,영등포구청,시청,4,4
서울시메트로9호선주식회사,9호선,당산,개화,서울교통공사,2호선,영등포구청,시청,1,1
서울시메트로9호선주식회사,9호선,당산,중앙보훈병원,서울교통공사,2호선,합정,충정로(경기대입구),4,4
서울시메트로9호선주식회사,9호선,당산,개화,서울교통공사,2호선,합정,충정로(경기대입구),1,1
서울시메트로9호선주식회사,9호선,동작(현충원),종합운동장,서울교통공사,4호선,,,1,1
서울시메트로9호선주식회사,9호선,동작(현충원),종합운동장,서울교통공사,4호선,,,1,1
서울시메트로9호선주식회사,9호선,동작(현충원),개화,서울교통공사,4호선,,,4,4
서울시메트로9호선주식회사,9호선,동작(현충원),개화,서울교통공사,4호선,,,4,4
서울시메트로9호선주식회사,9호선,선정릉,종합운동장,코레일,수인분당,,,2,1
서울시메트로9호선주식회사,9호선,선정릉,종합운동장,코레일,수인분당,,,2,1
서울시메트로9호선주식회사,9호선,선정릉,개화,코레일,수인분당,,,3,4
서울시메트로9호선주식회사,9호선,선정릉,개화,코레일,수인분당,,,3,4
서울시메트로9호선주식회사,9호선,여의도,종합운동장,서울교통공사,5호선,,,3,3
서울시메트로9호선주식회사,9호선,여의도,종합운동장,서울교통공사,5호선,,,3,3
서울시메트로9호선주식회사,9호선,여의도,개화,서울교통공사,5호선,,,3,3
서울시메트로9호선주식회사,9호선,여의도,개화,서울교통공사,5호선,,,3,3
서울시메트로9호선주식회사,9호선,종합운동장,종합운동장,서울교통공사,2호선,,,3,4
서울시메트로9호선주식회사,9호선,종합운동장,종합운동장,서울교통공사,2호선,,,3,4
우이신설경전철주식회사,우이신설,보문,신설동,서울교통공사,6호선,안암(고대병원앞),봉화산(서울의료원),1,1
우이신설경전철주식회사,우이신설,보문,북한산우이,서울교통공사,6호선,안암(고대병원앞),봉화산(서울의료원),2,2
우이신설경전철주식회사,우이신설,보문,신설동,서울교통공사,6호선,창신,응암,1,1
우이신설경전철주식회사,우이신설,보문,북한산우이,서울교통공사,6호선,창신,응암,2,2
우이신설경전철주식회사,우이신설,성신여대입구,북한산우이,서울교통공사,4호선,길음,불암산(당고개),1,2
우이신설경전철주식회사,우이신설,성신여대입구,신설동,서울교통공사,4호선,길음,불암산(당고개),2,2
우이신설경전철주식회사,우이신설,성신여대입구,북한산우이,서울교통공사,4호선,한성대입구(삼선교),남태령,1,2
우이신설경전철주식회사,우이신설,성신여대입구,신설동,서울교통공사,4호선,한성대입구(삼선교),남태령,2,2
우이신설경전철주식회사,우이신설,신설동,신설동,서울교통공사,1호선,동묘앞,,1,2
우이신설경전철주식회사,우이신설,신설동,신설동,서울교통공사,1호선,제기동,,2,1
우이신설경전철주식회사,우이신설,신설동,신설동,서울교통공사,2호선,용두(동대문구청),,2,1
의정부경량전철주식회사,의정부경전철,회룡,발곡,코레일,1호선,망월사,신창(순천향대),2,1
의정부경량전철주식회사,의정부경전철,회룡,탑석,코레일,1호선,망월사,신창(순천향대),1,1
의정부경량전철주식회사,의정부경전철,회룡,탑석,코레일,1호선,의정부,소요산,1,1
의정부경량전철주식회사,의정부경전철,회룡,발곡,코레일,1호선,의정부,소요산,2,1
